OrtCode;Ortsname;GesamtWahlberechtigte;Partei;StimmenFuerPartei
G10000;Aalfang;7000;GRÜNE;2000
G10101;Eisenstadt;10800;ÖVP;2500
G10101;Eisenstadt;10800;SPÖ;1366
G10101;Eisenstadt;10800;FPÖ;966
G10101;Eisenstadt;10800;GRÜNE;790
G10101;Eisenstadt;10800;NEOS;485
G10101;Eisenstadt;10800;KPÖ;31
G10101;Eisenstadt;10800;EUROPA;53
G10199;Wahlkarten - Eisenstadt Stadt;0;ÖVP;405
G10199;Wahlkarten - Eisenstadt Stadt;0;SPÖ;249
G10199;Wahlkarten - Eisenstadt Stadt;0;FPÖ;88
G10199;Wahlkarten - Eisenstadt Stadt;0;GRÜNE;173
G10199;Wahlkarten - Eisenstadt Stadt;0;NEOS;103
G10199;Wahlkarten - Eisenstadt Stadt;0;KPÖ;6
G10199;Wahlkarten - Eisenstadt Stadt;0;EUROPA;10
G10201;Rust;1597;ÖVP;336
G10201;Rust;1597;SPÖ;287
G10201;Rust;1597;FPÖ;175
G10201;Rust;1597;GRÜNE;62
G10201;Rust;1597;NEOS;53
G10201;Rust;1597;KPÖ;9
G10201;Rust;1597;EUROPA;8
G10299;Wahlkarten - Rust Stadt;0;ÖVP;38
G10299;Wahlkarten - Rust Stadt;0;SPÖ;51
G10299;Wahlkarten - Rust Stadt;0;FPÖ;26
G10299;Wahlkarten - Rust Stadt;0;GRÜNE;39
G10299;Wahlkarten - Rust Stadt;0;NEOS;8
G10299;Wahlkarten - Rust Stadt;0;KPÖ;3
G10299;Wahlkarten - Rust Stadt;0;EUROPA;0
G10301;Breitenbrunn am Neusiedler See;1611;ÖVP;324
G10301;Breitenbrunn am Neusiedler See;1611;SPÖ;330
G10301;Breitenbrunn am Neusiedler See;1611;FPÖ;159
G10301;Breitenbrunn am Neusiedler See;1611;GRÜNE;113
G10301;Breitenbrunn am Neusiedler See;1611;NEOS;63
G10301;Breitenbrunn am Neusiedler See;1611;KPÖ;4
G10301;Breitenbrunn am Neusiedler See;1611;EUROPA;5
G10302;Donnerskirchen;1533;ÖVP;412
G10302;Donnerskirchen;1533;SPÖ;246
G10302;Donnerskirchen;1533;FPÖ;149
G10302;Donnerskirchen;1533;GRÜNE;71
G10302;Donnerskirchen;1533;NEOS;37
G10302;Donnerskirchen;1533;KPÖ;1
G10302;Donnerskirchen;1533;EUROPA;3
G10303;Großhöflein;1697;ÖVP;373
G10303;Großhöflein;1697;SPÖ;254
G10303;Großhöflein;1697;FPÖ;186
G10303;Großhöflein;1697;GRÜNE;63
G10303;Großhöflein;1697;NEOS;52
G10303;Großhöflein;1697;KPÖ;5
G10303;Großhöflein;1697;EUROPA;6
G10304;Hornstein;2385;ÖVP;393
G10304;Hornstein;2385;SPÖ;520
G10304;Hornstein;2385;FPÖ;242
G10304;Hornstein;2385;GRÜNE;123
G10304;Hornstein;2385;NEOS;89
G10304;Hornstein;2385;KPÖ;9
G10304;Hornstein;2385;EUROPA;8
G10305;Klingenbach;903;ÖVP;175
G10305;Klingenbach;903;SPÖ;291
G10305;Klingenbach;903;FPÖ;58
G10305;Klingenbach;903;GRÜNE;26
G10305;Klingenbach;903;NEOS;14
G10305;Klingenbach;903;KPÖ;1
G10305;Klingenbach;903;EUROPA;5
G10306;Leithaprodersdorf;964;ÖVP;388
G10306;Leithaprodersdorf;964;SPÖ;107
G10306;Leithaprodersdorf;964;FPÖ;77
G10306;Leithaprodersdorf;964;GRÜNE;50
G10306;Leithaprodersdorf;964;NEOS;35
G10306;Leithaprodersdorf;964;KPÖ;0
G10306;Leithaprodersdorf;964;EUROPA;4
G10307;Mörbisch am See;1846;ÖVP;326
G10307;Mörbisch am See;1846;SPÖ;416
G10307;Mörbisch am See;1846;FPÖ;216
G10307;Mörbisch am See;1846;GRÜNE;71
G10307;Mörbisch am See;1846;NEOS;46
G10307;Mörbisch am See;1846;KPÖ;4
G10307;Mörbisch am See;1846;EUROPA;9
G10308;Müllendorf;1143;ÖVP;234
G10308;Müllendorf;1143;SPÖ;260
G10308;Müllendorf;1143;FPÖ;106
G10308;Müllendorf;1143;GRÜNE;59
G10308;Müllendorf;1143;NEOS;62
G10308;Müllendorf;1143;KPÖ;2
G10308;Müllendorf;1143;EUROPA;13
G10309;Neufeld an der Leitha;2620;ÖVP;426
G10309;Neufeld an der Leitha;2620;SPÖ;619
G10309;Neufeld an der Leitha;2620;FPÖ;348
G10309;Neufeld an der Leitha;2620;GRÜNE;130
G10309;Neufeld an der Leitha;2620;NEOS;114
G10309;Neufeld an der Leitha;2620;KPÖ;8
G10309;Neufeld an der Leitha;2620;EUROPA;20
G10310;Oggau am Neusiedler See;1482;ÖVP;350
G10310;Oggau am Neusiedler See;1482;SPÖ;395
G10310;Oggau am Neusiedler See;1482;FPÖ;154
G10310;Oggau am Neusiedler See;1482;GRÜNE;46
G10310;Oggau am Neusiedler See;1482;NEOS;33
G10310;Oggau am Neusiedler See;1482;KPÖ;1
G10310;Oggau am Neusiedler See;1482;EUROPA;3
G10311;Oslip;1037;ÖVP;243
G10311;Oslip;1037;SPÖ;272
G10311;Oslip;1037;FPÖ;64
G10311;Oslip;1037;GRÜNE;61
G10311;Oslip;1037;NEOS;28
G10311;Oslip;1037;KPÖ;1
G10311;Oslip;1037;EUROPA;10
G10312;Purbach am Neusiedler See;2383;ÖVP;518
G10312;Purbach am Neusiedler See;2383;SPÖ;346
G10312;Purbach am Neusiedler See;2383;FPÖ;246
G10312;Purbach am Neusiedler See;2383;GRÜNE;132
G10312;Purbach am Neusiedler See;2383;NEOS;82
G10312;Purbach am Neusiedler See;2383;KPÖ;3
G10312;Purbach am Neusiedler See;2383;EUROPA;6
G10313;Sankt Margarethen im Burgenland;2307;ÖVP;641
G10313;Sankt Margarethen im Burgenland;2307;SPÖ;364
G10313;Sankt Margarethen im Burgenland;2307;FPÖ;253
G10313;Sankt Margarethen im Burgenland;2307;GRÜNE;93
G10313;Sankt Margarethen im Burgenland;2307;NEOS;54
G10313;Sankt Margarethen im Burgenland;2307;KPÖ;1
G10313;Sankt Margarethen im Burgenland;2307;EUROPA;11
G10314;Schützen am Gebirge;1127;ÖVP;350
G10314;Schützen am Gebirge;1127;SPÖ;218
G10314;Schützen am Gebirge;1127;FPÖ;103
G10314;Schützen am Gebirge;1127;GRÜNE;33
G10314;Schützen am Gebirge;1127;NEOS;30
G10314;Schützen am Gebirge;1127;KPÖ;2
G10314;Schützen am Gebirge;1127;EUROPA;3
G10315;Siegendorf;2262;ÖVP;258
G10315;Siegendorf;2262;SPÖ;754
G10315;Siegendorf;2262;FPÖ;243
G10315;Siegendorf;2262;GRÜNE;100
G10315;Siegendorf;2262;NEOS;67
G10315;Siegendorf;2262;KPÖ;4
G10315;Siegendorf;2262;EUROPA;9
G10316;Steinbrunn;2084;ÖVP;357
G10316;Steinbrunn;2084;SPÖ;484
G10316;Steinbrunn;2084;FPÖ;229
G10316;Steinbrunn;2084;GRÜNE;85
G10316;Steinbrunn;2084;NEOS;73
G10316;Steinbrunn;2084;KPÖ;3
G10316;Steinbrunn;2084;EUROPA;7
G10317;Trausdorf an der Wulka;1682;ÖVP;338
G10317;Trausdorf an der Wulka;1682;SPÖ;398
G10317;Trausdorf an der Wulka;1682;FPÖ;154
G10317;Trausdorf an der Wulka;1682;GRÜNE;73
G10317;Trausdorf an der Wulka;1682;NEOS;52
G10317;Trausdorf an der Wulka;1682;KPÖ;4
G10317;Trausdorf an der Wulka;1682;EUROPA;13
G10318;Wimpassing an der Leitha;1210;ÖVP;225
G10318;Wimpassing an der Leitha;1210;SPÖ;162
G10318;Wimpassing an der Leitha;1210;FPÖ;167
G10318;Wimpassing an der Leitha;1210;GRÜNE;55
G10318;Wimpassing an der Leitha;1210;NEOS;54
G10318;Wimpassing an der Leitha;1210;KPÖ;2
G10318;Wimpassing an der Leitha;1210;EUROPA;7
G10319;Wulkaprodersdorf;1486;ÖVP;341
G10319;Wulkaprodersdorf;1486;SPÖ;352
G10319;Wulkaprodersdorf;1486;FPÖ;115
G10319;Wulkaprodersdorf;1486;GRÜNE;103
G10319;Wulkaprodersdorf;1486;NEOS;42
G10319;Wulkaprodersdorf;1486;KPÖ;3
G10319;Wulkaprodersdorf;1486;EUROPA;9
G10320;Loretto;415;ÖVP;94
G10320;Loretto;415;SPÖ;70
G10320;Loretto;415;FPÖ;51
G10320;Loretto;415;GRÜNE;16
G10320;Loretto;415;NEOS;10
G10320;Loretto;415;KPÖ;1
G10320;Loretto;415;EUROPA;3
G10321;Stotzing;650;ÖVP;174
G10321;Stotzing;650;SPÖ;112
G10321;Stotzing;650;FPÖ;54
G10321;Stotzing;650;GRÜNE;15
G10321;Stotzing;650;NEOS;22
G10321;Stotzing;650;KPÖ;2
G10321;Stotzing;650;EUROPA;4
G10322;Zillingtal;774;ÖVP;136
G10322;Zillingtal;774;SPÖ;165
G10322;Zillingtal;774;FPÖ;80
G10322;Zillingtal;774;GRÜNE;52
G10322;Zillingtal;774;NEOS;32
G10322;Zillingtal;774;KPÖ;5
G10322;Zillingtal;774;EUROPA;2
G10323;Zagersdorf;835;ÖVP;161
G10323;Zagersdorf;835;SPÖ;232
G10323;Zagersdorf;835;FPÖ;69
G10323;Zagersdorf;835;GRÜNE;25
G10323;Zagersdorf;835;NEOS;22
G10323;Zagersdorf;835;KPÖ;2
G10323;Zagersdorf;835;EUROPA;3
G10399;Wahlkarten - Eisenstadt - Umgebung;0;ÖVP;792
G10399;Wahlkarten - Eisenstadt - Umgebung;0;SPÖ;832
G10399;Wahlkarten - Eisenstadt - Umgebung;0;FPÖ;347
G10399;Wahlkarten - Eisenstadt - Umgebung;0;GRÜNE;301
G10399;Wahlkarten - Eisenstadt - Umgebung;0;NEOS;178
G10399;Wahlkarten - Eisenstadt - Umgebung;0;KPÖ;16
G10399;Wahlkarten - Eisenstadt - Umgebung;0;EUROPA;20
G10401;Bocksdorf;682;ÖVP;120
G10401;Bocksdorf;682;SPÖ;170
G10401;Bocksdorf;682;FPÖ;93
G10401;Bocksdorf;682;GRÜNE;24
G10401;Bocksdorf;682;NEOS;18
G10401;Bocksdorf;682;KPÖ;3
G10401;Bocksdorf;682;EUROPA;1
G10402;Burgauberg-Neudauberg;1109;ÖVP;246
G10402;Burgauberg-Neudauberg;1109;SPÖ;153
G10402;Burgauberg-Neudauberg;1109;FPÖ;133
G10402;Burgauberg-Neudauberg;1109;GRÜNE;38
G10402;Burgauberg-Neudauberg;1109;NEOS;23
G10402;Burgauberg-Neudauberg;1109;KPÖ;1
G10402;Burgauberg-Neudauberg;1109;EUROPA;1
G10403;Eberau;721;ÖVP;253
G10403;Eberau;721;SPÖ;87
G10403;Eberau;721;FPÖ;72
G10403;Eberau;721;GRÜNE;10
G10403;Eberau;721;NEOS;24
G10403;Eberau;721;KPÖ;1
G10403;Eberau;721;EUROPA;3
G10404;Gerersdorf-Sulz;851;ÖVP;233
G10404;Gerersdorf-Sulz;851;SPÖ;157
G10404;Gerersdorf-Sulz;851;FPÖ;77
G10404;Gerersdorf-Sulz;851;GRÜNE;30
G10404;Gerersdorf-Sulz;851;NEOS;11
G10404;Gerersdorf-Sulz;851;KPÖ;0
G10404;Gerersdorf-Sulz;851;EUROPA;4
G10405;Güssing;2982;ÖVP;656
G10405;Güssing;2982;SPÖ;514
G10405;Güssing;2982;FPÖ;288
G10405;Güssing;2982;GRÜNE;89
G10405;Güssing;2982;NEOS;76
G10405;Güssing;2982;KPÖ;4
G10405;Güssing;2982;EUROPA;8
G10406;Güttenbach;779;ÖVP;206
G10406;Güttenbach;779;SPÖ;119
G10406;Güttenbach;779;FPÖ;39
G10406;Güttenbach;779;GRÜNE;25
G10406;Güttenbach;779;NEOS;14
G10406;Güttenbach;779;KPÖ;0
G10406;Güttenbach;779;EUROPA;3
G10407;Heiligenbrunn;659;ÖVP;188
G10407;Heiligenbrunn;659;SPÖ;117
G10407;Heiligenbrunn;659;FPÖ;52
G10407;Heiligenbrunn;659;GRÜNE;11
G10407;Heiligenbrunn;659;NEOS;8
G10407;Heiligenbrunn;659;KPÖ;1
G10407;Heiligenbrunn;659;EUROPA;1
G10408;Kukmirn;1666;ÖVP;347
G10408;Kukmirn;1666;SPÖ;236
G10408;Kukmirn;1666;FPÖ;147
G10408;Kukmirn;1666;GRÜNE;64
G10408;Kukmirn;1666;NEOS;28
G10408;Kukmirn;1666;KPÖ;6
G10408;Kukmirn;1666;EUROPA;2
G10409;Neuberg im Burgenland;870;ÖVP;193
G10409;Neuberg im Burgenland;870;SPÖ;182
G10409;Neuberg im Burgenland;870;FPÖ;72
G10409;Neuberg im Burgenland;870;GRÜNE;27
G10409;Neuberg im Burgenland;870;NEOS;16
G10409;Neuberg im Burgenland;870;KPÖ;2
G10409;Neuberg im Burgenland;870;EUROPA;4
G10410;Neustift bei Güssing;415;ÖVP;47
G10410;Neustift bei Güssing;415;SPÖ;130
G10410;Neustift bei Güssing;415;FPÖ;49
G10410;Neustift bei Güssing;415;GRÜNE;17
G10410;Neustift bei Güssing;415;NEOS;11
G10410;Neustift bei Güssing;415;KPÖ;0
G10410;Neustift bei Güssing;415;EUROPA;0
G10411;Olbendorf;1206;ÖVP;161
G10411;Olbendorf;1206;SPÖ;331
G10411;Olbendorf;1206;FPÖ;170
G10411;Olbendorf;1206;GRÜNE;42
G10411;Olbendorf;1206;NEOS;23
G10411;Olbendorf;1206;KPÖ;3
G10411;Olbendorf;1206;EUROPA;7
G10412;Ollersdorf im Burgenland;811;ÖVP;226
G10412;Ollersdorf im Burgenland;811;SPÖ;176
G10412;Ollersdorf im Burgenland;811;FPÖ;75
G10412;Ollersdorf im Burgenland;811;GRÜNE;38
G10412;Ollersdorf im Burgenland;811;NEOS;24
G10412;Ollersdorf im Burgenland;811;KPÖ;2
G10412;Ollersdorf im Burgenland;811;EUROPA;3
G10413;Sankt Michael im Burgenland;815;ÖVP;232
G10413;Sankt Michael im Burgenland;815;SPÖ;146
G10413;Sankt Michael im Burgenland;815;FPÖ;91
G10413;Sankt Michael im Burgenland;815;GRÜNE;24
G10413;Sankt Michael im Burgenland;815;NEOS;15
G10413;Sankt Michael im Burgenland;815;KPÖ;0
G10413;Sankt Michael im Burgenland;815;EUROPA;7
G10414;Stegersbach;2098;ÖVP;413
G10414;Stegersbach;2098;SPÖ;408
G10414;Stegersbach;2098;FPÖ;228
G10414;Stegersbach;2098;GRÜNE;77
G10414;Stegersbach;2098;NEOS;62
G10414;Stegersbach;2098;KPÖ;5
G10414;Stegersbach;2098;EUROPA;7
G10415;Stinatz;949;ÖVP;163
G10415;Stinatz;949;SPÖ;324
G10415;Stinatz;949;FPÖ;33
G10415;Stinatz;949;GRÜNE;29
G10415;Stinatz;949;NEOS;28
G10415;Stinatz;949;KPÖ;5
G10415;Stinatz;949;EUROPA;2
G10416;Strem;796;ÖVP;284
G10416;Strem;796;SPÖ;79
G10416;Strem;796;FPÖ;67
G10416;Strem;796;GRÜNE;17
G10416;Strem;796;NEOS;12
G10416;Strem;796;KPÖ;3
G10416;Strem;796;EUROPA;3
G10417;Tobaj;1100;ÖVP;311
G10417;Tobaj;1100;SPÖ;148
G10417;Tobaj;1100;FPÖ;150
G10417;Tobaj;1100;GRÜNE;26
G10417;Tobaj;1100;NEOS;26
G10417;Tobaj;1100;KPÖ;2
G10417;Tobaj;1100;EUROPA;5
G10418;Hackerberg;300;ÖVP;76
G10418;Hackerberg;300;SPÖ;56
G10418;Hackerberg;300;FPÖ;25
G10418;Hackerberg;300;GRÜNE;6
G10418;Hackerberg;300;NEOS;0
G10418;Hackerberg;300;KPÖ;1
G10418;Hackerberg;300;EUROPA;3
G10419;Wörterberg;405;ÖVP;98
G10419;Wörterberg;405;SPÖ;75
G10419;Wörterberg;405;FPÖ;36
G10419;Wörterberg;405;GRÜNE;24
G10419;Wörterberg;405;NEOS;17
G10419;Wörterberg;405;KPÖ;1
G10419;Wörterberg;405;EUROPA;3
G10420;Großmürbisch;223;ÖVP;73
G10420;Großmürbisch;223;SPÖ;48
G10420;Großmürbisch;223;FPÖ;11
G10420;Großmürbisch;223;GRÜNE;5
G10420;Großmürbisch;223;NEOS;3
G10420;Großmürbisch;223;KPÖ;0
G10420;Großmürbisch;223;EUROPA;0
G10421;Inzenhof;270;ÖVP;56
G10421;Inzenhof;270;SPÖ;89
G10421;Inzenhof;270;FPÖ;23
G10421;Inzenhof;270;GRÜNE;3
G10421;Inzenhof;270;NEOS;3
G10421;Inzenhof;270;KPÖ;0
G10421;Inzenhof;270;EUROPA;0
G10422;Kleinmürbisch;205;ÖVP;46
G10422;Kleinmürbisch;205;SPÖ;41
G10422;Kleinmürbisch;205;FPÖ;20
G10422;Kleinmürbisch;205;GRÜNE;2
G10422;Kleinmürbisch;205;NEOS;1
G10422;Kleinmürbisch;205;KPÖ;1
G10422;Kleinmürbisch;205;EUROPA;0
G10423;Tschanigraben;58;ÖVP;6
G10423;Tschanigraben;58;SPÖ;26
G10423;Tschanigraben;58;FPÖ;6
G10423;Tschanigraben;58;GRÜNE;0
G10423;Tschanigraben;58;NEOS;0
G10423;Tschanigraben;58;KPÖ;0
G10423;Tschanigraben;58;EUROPA;0
G10424;Heugraben;194;ÖVP;63
G10424;Heugraben;194;SPÖ;44
G10424;Heugraben;194;FPÖ;31
G10424;Heugraben;194;GRÜNE;3
G10424;Heugraben;194;NEOS;1
G10424;Heugraben;194;KPÖ;0
G10424;Heugraben;194;EUROPA;0
G10425;Rohr im Burgenland;328;ÖVP;60
G10425;Rohr im Burgenland;328;SPÖ;61
G10425;Rohr im Burgenland;328;FPÖ;32
G10425;Rohr im Burgenland;328;GRÜNE;9
G10425;Rohr im Burgenland;328;NEOS;5
G10425;Rohr im Burgenland;328;KPÖ;1
G10425;Rohr im Burgenland;328;EUROPA;0
G10426;Bildein;290;ÖVP;135
G10426;Bildein;290;SPÖ;33
G10426;Bildein;290;FPÖ;31
G10426;Bildein;290;GRÜNE;11
G10426;Bildein;290;NEOS;6
G10426;Bildein;290;KPÖ;0
G10426;Bildein;290;EUROPA;0
G10427;Rauchwart;369;ÖVP;50
G10427;Rauchwart;369;SPÖ;126
G10427;Rauchwart;369;FPÖ;77
G10427;Rauchwart;369;GRÜNE;13
G10427;Rauchwart;369;NEOS;4
G10427;Rauchwart;369;KPÖ;0
G10427;Rauchwart;369;EUROPA;1
G10428;Moschendorf;330;ÖVP;115
G10428;Moschendorf;330;SPÖ;61
G10428;Moschendorf;330;FPÖ;26
G10428;Moschendorf;330;GRÜNE;11
G10428;Moschendorf;330;NEOS;7
G10428;Moschendorf;330;KPÖ;0
G10428;Moschendorf;330;EUROPA;0
G10499;Wahlkarten - Güssing;0;ÖVP;539
G10499;Wahlkarten - Güssing;0;SPÖ;600
G10499;Wahlkarten - Güssing;0;FPÖ;191
G10499;Wahlkarten - Güssing;0;GRÜNE;179
G10499;Wahlkarten - Güssing;0;NEOS;105
G10499;Wahlkarten - Güssing;0;KPÖ;14
G10499;Wahlkarten - Güssing;0;EUROPA;6
G10501;Deutsch Kaltenbrunn;1474;ÖVP;226
G10501;Deutsch Kaltenbrunn;1474;SPÖ;256
G10501;Deutsch Kaltenbrunn;1474;FPÖ;154
G10501;Deutsch Kaltenbrunn;1474;GRÜNE;65
G10501;Deutsch Kaltenbrunn;1474;NEOS;40
G10501;Deutsch Kaltenbrunn;1474;KPÖ;1
G10501;Deutsch Kaltenbrunn;1474;EUROPA;11
G10502;Eltendorf;801;ÖVP;160
G10502;Eltendorf;801;SPÖ;128
G10502;Eltendorf;801;FPÖ;95
G10502;Eltendorf;801;GRÜNE;28
G10502;Eltendorf;801;NEOS;25
G10502;Eltendorf;801;KPÖ;0
G10502;Eltendorf;801;EUROPA;0
G10503;Heiligenkreuz im Lafnitztal;973;ÖVP;205
G10503;Heiligenkreuz im Lafnitztal;973;SPÖ;150
G10503;Heiligenkreuz im Lafnitztal;973;FPÖ;109
G10503;Heiligenkreuz im Lafnitztal;973;GRÜNE;25
G10503;Heiligenkreuz im Lafnitztal;973;NEOS;5
G10503;Heiligenkreuz im Lafnitztal;973;KPÖ;0
G10503;Heiligenkreuz im Lafnitztal;973;EUROPA;2
G10504;Jennersdorf;3467;ÖVP;656
G10504;Jennersdorf;3467;SPÖ;338
G10504;Jennersdorf;3467;FPÖ;489
G10504;Jennersdorf;3467;GRÜNE;152
G10504;Jennersdorf;3467;NEOS;99
G10504;Jennersdorf;3467;KPÖ;10
G10504;Jennersdorf;3467;EUROPA;16
G10505;Minihof-Liebau;875;ÖVP;138
G10505;Minihof-Liebau;875;SPÖ;153
G10505;Minihof-Liebau;875;FPÖ;106
G10505;Minihof-Liebau;875;GRÜNE;34
G10505;Minihof-Liebau;875;NEOS;24
G10505;Minihof-Liebau;875;KPÖ;1
G10505;Minihof-Liebau;875;EUROPA;2
G10506;Mogersdorf;963;ÖVP;186
G10506;Mogersdorf;963;SPÖ;159
G10506;Mogersdorf;963;FPÖ;95
G10506;Mogersdorf;963;GRÜNE;25
G10506;Mogersdorf;963;NEOS;19
G10506;Mogersdorf;963;KPÖ;7
G10506;Mogersdorf;963;EUROPA;7
G10507;Neuhaus am Klausenbach;759;ÖVP;153
G10507;Neuhaus am Klausenbach;759;SPÖ;92
G10507;Neuhaus am Klausenbach;759;FPÖ;95
G10507;Neuhaus am Klausenbach;759;GRÜNE;33
G10507;Neuhaus am Klausenbach;759;NEOS;19
G10507;Neuhaus am Klausenbach;759;KPÖ;0
G10507;Neuhaus am Klausenbach;759;EUROPA;3
G10508;Rudersdorf;1832;ÖVP;394
G10508;Rudersdorf;1832;SPÖ;243
G10508;Rudersdorf;1832;FPÖ;158
G10508;Rudersdorf;1832;GRÜNE;86
G10508;Rudersdorf;1832;NEOS;57
G10508;Rudersdorf;1832;KPÖ;12
G10508;Rudersdorf;1832;EUROPA;5
G10509;Sankt Martin an der Raab;1719;ÖVP;404
G10509;Sankt Martin an der Raab;1719;SPÖ;284
G10509;Sankt Martin an der Raab;1719;FPÖ;209
G10509;Sankt Martin an der Raab;1719;GRÜNE;89
G10509;Sankt Martin an der Raab;1719;NEOS;47
G10509;Sankt Martin an der Raab;1719;KPÖ;3
G10509;Sankt Martin an der Raab;1719;EUROPA;9
G10510;Weichselbaum;607;ÖVP;160
G10510;Weichselbaum;607;SPÖ;81
G10510;Weichselbaum;607;FPÖ;70
G10510;Weichselbaum;607;GRÜNE;21
G10510;Weichselbaum;607;NEOS;10
G10510;Weichselbaum;607;KPÖ;5
G10510;Weichselbaum;607;EUROPA;5
G10511;Königsdorf;620;ÖVP;132
G10511;Königsdorf;620;SPÖ;100
G10511;Königsdorf;620;FPÖ;74
G10511;Königsdorf;620;GRÜNE;24
G10511;Königsdorf;620;NEOS;9
G10511;Königsdorf;620;KPÖ;0
G10511;Königsdorf;620;EUROPA;1
G10512;Mühlgraben;338;ÖVP;36
G10512;Mühlgraben;338;SPÖ;89
G10512;Mühlgraben;338;FPÖ;25
G10512;Mühlgraben;338;GRÜNE;15
G10512;Mühlgraben;338;NEOS;4
G10512;Mühlgraben;338;KPÖ;0
G10512;Mühlgraben;338;EUROPA;0
G10599;Wahlkarten - Jennersdorf;0;ÖVP;315
G10599;Wahlkarten - Jennersdorf;0;SPÖ;265
G10599;Wahlkarten - Jennersdorf;0;FPÖ;139
G10599;Wahlkarten - Jennersdorf;0;GRÜNE;124
G10599;Wahlkarten - Jennersdorf;0;NEOS;53
G10599;Wahlkarten - Jennersdorf;0;KPÖ;5
G10599;Wahlkarten - Jennersdorf;0;EUROPA;6
G10601;Draßburg;947;ÖVP;127
G10601;Draßburg;947;SPÖ;344
G10601;Draßburg;947;FPÖ;74
G10601;Draßburg;947;GRÜNE;32
G10601;Draßburg;947;NEOS;18
G10601;Draßburg;947;KPÖ;5
G10601;Draßburg;947;EUROPA;1
G10602;Forchtenstein;2270;ÖVP;446
G10602;Forchtenstein;2270;SPÖ;370
G10602;Forchtenstein;2270;FPÖ;246
G10602;Forchtenstein;2270;GRÜNE;61
G10602;Forchtenstein;2270;NEOS;63
G10602;Forchtenstein;2270;KPÖ;2
G10602;Forchtenstein;2270;EUROPA;4
G10603;Hirm;777;ÖVP;107
G10603;Hirm;777;SPÖ;276
G10603;Hirm;777;FPÖ;86
G10603;Hirm;777;GRÜNE;29
G10603;Hirm;777;NEOS;15
G10603;Hirm;777;KPÖ;0
G10603;Hirm;777;EUROPA;3
G10604;Loipersbach im Burgenland;1005;ÖVP;104
G10604;Loipersbach im Burgenland;1005;SPÖ;264
G10604;Loipersbach im Burgenland;1005;FPÖ;153
G10604;Loipersbach im Burgenland;1005;GRÜNE;42
G10604;Loipersbach im Burgenland;1005;NEOS;27
G10604;Loipersbach im Burgenland;1005;KPÖ;4
G10604;Loipersbach im Burgenland;1005;EUROPA;3
G10605;Marz;1623;ÖVP;397
G10605;Marz;1623;SPÖ;341
G10605;Marz;1623;FPÖ;139
G10605;Marz;1623;GRÜNE;70
G10605;Marz;1623;NEOS;60
G10605;Marz;1623;KPÖ;4
G10605;Marz;1623;EUROPA;3
G10606;Mattersburg;5765;ÖVP;1047
G10606;Mattersburg;5765;SPÖ;1058
G10606;Mattersburg;5765;FPÖ;597
G10606;Mattersburg;5765;GRÜNE;262
G10606;Mattersburg;5765;NEOS;187
G10606;Mattersburg;5765;KPÖ;20
G10606;Mattersburg;5765;EUROPA;24
G10607;Neudörfl;3461;ÖVP;485
G10607;Neudörfl;3461;SPÖ;675
G10607;Neudörfl;3461;FPÖ;417
G10607;Neudörfl;3461;GRÜNE;141
G10607;Neudörfl;3461;NEOS;109
G10607;Neudörfl;3461;KPÖ;7
G10607;Neudörfl;3461;EUROPA;21
G10608;Pöttelsdorf;624;ÖVP;155
G10608;Pöttelsdorf;624;SPÖ;111
G10608;Pöttelsdorf;624;FPÖ;46
G10608;Pöttelsdorf;624;GRÜNE;27
G10608;Pöttelsdorf;624;NEOS;24
G10608;Pöttelsdorf;624;KPÖ;1
G10608;Pöttelsdorf;624;EUROPA;1
G10609;Pöttsching;2401;ÖVP;483
G10609;Pöttsching;2401;SPÖ;529
G10609;Pöttsching;2401;FPÖ;235
G10609;Pöttsching;2401;GRÜNE;134
G10609;Pöttsching;2401;NEOS;88
G10609;Pöttsching;2401;KPÖ;15
G10609;Pöttsching;2401;EUROPA;13
G10610;Rohrbach bei Mattersburg;2167;ÖVP;461
G10610;Rohrbach bei Mattersburg;2167;SPÖ;555
G10610;Rohrbach bei Mattersburg;2167;FPÖ;212
G10610;Rohrbach bei Mattersburg;2167;GRÜNE;76
G10610;Rohrbach bei Mattersburg;2167;NEOS;58
G10610;Rohrbach bei Mattersburg;2167;KPÖ;5
G10610;Rohrbach bei Mattersburg;2167;EUROPA;9
G10611;Bad Sauerbrunn;1783;ÖVP;319
G10611;Bad Sauerbrunn;1783;SPÖ;276
G10611;Bad Sauerbrunn;1783;FPÖ;213
G10611;Bad Sauerbrunn;1783;GRÜNE;142
G10611;Bad Sauerbrunn;1783;NEOS;110
G10611;Bad Sauerbrunn;1783;KPÖ;5
G10611;Bad Sauerbrunn;1783;EUROPA;14
G10612;Schattendorf;1953;ÖVP;285
G10612;Schattendorf;1953;SPÖ;659
G10612;Schattendorf;1953;FPÖ;171
G10612;Schattendorf;1953;GRÜNE;79
G10612;Schattendorf;1953;NEOS;52
G10612;Schattendorf;1953;KPÖ;1
G10612;Schattendorf;1953;EUROPA;4
G10613;Sieggraben;1007;ÖVP;210
G10613;Sieggraben;1007;SPÖ;201
G10613;Sieggraben;1007;FPÖ;122
G10613;Sieggraben;1007;GRÜNE;9
G10613;Sieggraben;1007;NEOS;20
G10613;Sieggraben;1007;KPÖ;1
G10613;Sieggraben;1007;EUROPA;5
G10614;Sigleß;976;ÖVP;163
G10614;Sigleß;976;SPÖ;310
G10614;Sigleß;976;FPÖ;81
G10614;Sigleß;976;GRÜNE;47
G10614;Sigleß;976;NEOS;34
G10614;Sigleß;976;KPÖ;4
G10614;Sigleß;976;EUROPA;5
G10615;Wiesen;2194;ÖVP;510
G10615;Wiesen;2194;SPÖ;247
G10615;Wiesen;2194;FPÖ;243
G10615;Wiesen;2194;GRÜNE;97
G10615;Wiesen;2194;NEOS;82
G10615;Wiesen;2194;KPÖ;6
G10615;Wiesen;2194;EUROPA;9
G10616;Antau;612;ÖVP;171
G10616;Antau;612;SPÖ;107
G10616;Antau;612;FPÖ;65
G10616;Antau;612;GRÜNE;24
G10616;Antau;612;NEOS;13
G10616;Antau;612;KPÖ;2
G10616;Antau;612;EUROPA;4
G10617;Baumgarten;700;ÖVP;105
G10617;Baumgarten;700;SPÖ;229
G10617;Baumgarten;700;FPÖ;50
G10617;Baumgarten;700;GRÜNE;45
G10617;Baumgarten;700;NEOS;22
G10617;Baumgarten;700;KPÖ;1
G10617;Baumgarten;700;EUROPA;3
G10618;Zemendorf-Stöttera;1012;ÖVP;288
G10618;Zemendorf-Stöttera;1012;SPÖ;173
G10618;Zemendorf-Stöttera;1012;FPÖ;76
G10618;Zemendorf-Stöttera;1012;GRÜNE;35
G10618;Zemendorf-Stöttera;1012;NEOS;30
G10618;Zemendorf-Stöttera;1012;KPÖ;1
G10618;Zemendorf-Stöttera;1012;EUROPA;2
G10619;Krensdorf;493;ÖVP;148
G10619;Krensdorf;493;SPÖ;101
G10619;Krensdorf;493;FPÖ;40
G10619;Krensdorf;493;GRÜNE;17
G10619;Krensdorf;493;NEOS;11
G10619;Krensdorf;493;KPÖ;0
G10619;Krensdorf;493;EUROPA;1
G10699;Wahlkarten - Mattersburg;0;ÖVP;573
G10699;Wahlkarten - Mattersburg;0;SPÖ;803
G10699;Wahlkarten - Mattersburg;0;FPÖ;256
G10699;Wahlkarten - Mattersburg;0;GRÜNE;235
G10699;Wahlkarten - Mattersburg;0;NEOS;138
G10699;Wahlkarten - Mattersburg;0;KPÖ;13
G10699;Wahlkarten - Mattersburg;0;EUROPA;13
G10701;Andau;1912;ÖVP;382
G10701;Andau;1912;SPÖ;428
G10701;Andau;1912;FPÖ;241
G10701;Andau;1912;GRÜNE;43
G10701;Andau;1912;NEOS;26
G10701;Andau;1912;KPÖ;4
G10701;Andau;1912;EUROPA;4
G10702;Apetlon;1537;ÖVP;363
G10702;Apetlon;1537;SPÖ;265
G10702;Apetlon;1537;FPÖ;152
G10702;Apetlon;1537;GRÜNE;31
G10702;Apetlon;1537;NEOS;26
G10702;Apetlon;1537;KPÖ;4
G10702;Apetlon;1537;EUROPA;0
G10703;Bruckneudorf;2447;ÖVP;291
G10703;Bruckneudorf;2447;SPÖ;420
G10703;Bruckneudorf;2447;FPÖ;332
G10703;Bruckneudorf;2447;GRÜNE;143
G10703;Bruckneudorf;2447;NEOS;97
G10703;Bruckneudorf;2447;KPÖ;14
G10703;Bruckneudorf;2447;EUROPA;16
G10704;Deutsch Jahrndorf;451;ÖVP;92
G10704;Deutsch Jahrndorf;451;SPÖ;99
G10704;Deutsch Jahrndorf;451;FPÖ;68
G10704;Deutsch Jahrndorf;451;GRÜNE;16
G10704;Deutsch Jahrndorf;451;NEOS;9
G10704;Deutsch Jahrndorf;451;KPÖ;1
G10704;Deutsch Jahrndorf;451;EUROPA;0
G10705;Frauenkirchen;2354;ÖVP;412
G10705;Frauenkirchen;2354;SPÖ;446
G10705;Frauenkirchen;2354;FPÖ;250
G10705;Frauenkirchen;2354;GRÜNE;96
G10705;Frauenkirchen;2354;NEOS;67
G10705;Frauenkirchen;2354;KPÖ;8
G10705;Frauenkirchen;2354;EUROPA;4
G10706;Gattendorf;946;ÖVP;207
G10706;Gattendorf;946;SPÖ;177
G10706;Gattendorf;946;FPÖ;131
G10706;Gattendorf;946;GRÜNE;37
G10706;Gattendorf;946;NEOS;21
G10706;Gattendorf;946;KPÖ;5
G10706;Gattendorf;946;EUROPA;5
G10707;Gols;3109;ÖVP;518
G10707;Gols;3109;SPÖ;568
G10707;Gols;3109;FPÖ;389
G10707;Gols;3109;GRÜNE;189
G10707;Gols;3109;NEOS;107
G10707;Gols;3109;KPÖ;9
G10707;Gols;3109;EUROPA;12
G10708;Halbturn;1587;ÖVP;468
G10708;Halbturn;1587;SPÖ;247
G10708;Halbturn;1587;FPÖ;183
G10708;Halbturn;1587;GRÜNE;58
G10708;Halbturn;1587;NEOS;46
G10708;Halbturn;1587;KPÖ;4
G10708;Halbturn;1587;EUROPA;3
G10709;Illmitz;2051;ÖVP;560
G10709;Illmitz;2051;SPÖ;481
G10709;Illmitz;2051;FPÖ;238
G10709;Illmitz;2051;GRÜNE;66
G10709;Illmitz;2051;NEOS;57
G10709;Illmitz;2051;KPÖ;3
G10709;Illmitz;2051;EUROPA;4
G10710;Jois;1284;ÖVP;273
G10710;Jois;1284;SPÖ;179
G10710;Jois;1284;FPÖ;159
G10710;Jois;1284;GRÜNE;53
G10710;Jois;1284;NEOS;38
G10710;Jois;1284;KPÖ;4
G10710;Jois;1284;EUROPA;6
G10711;Kittsee;1549;ÖVP;273
G10711;Kittsee;1549;SPÖ;223
G10711;Kittsee;1549;FPÖ;153
G10711;Kittsee;1549;GRÜNE;43
G10711;Kittsee;1549;NEOS;40
G10711;Kittsee;1549;KPÖ;4
G10711;Kittsee;1549;EUROPA;5
G10712;Mönchhof;1833;ÖVP;445
G10712;Mönchhof;1833;SPÖ;229
G10712;Mönchhof;1833;FPÖ;198
G10712;Mönchhof;1833;GRÜNE;45
G10712;Mönchhof;1833;NEOS;50
G10712;Mönchhof;1833;KPÖ;5
G10712;Mönchhof;1833;EUROPA;7
G10713;Neusiedl am See;6211;ÖVP;1155
G10713;Neusiedl am See;6211;SPÖ;722
G10713;Neusiedl am See;6211;FPÖ;602
G10713;Neusiedl am See;6211;GRÜNE;482
G10713;Neusiedl am See;6211;NEOS;338
G10713;Neusiedl am See;6211;KPÖ;16
G10713;Neusiedl am See;6211;EUROPA;27
G10714;Nickelsdorf;1286;ÖVP;188
G10714;Nickelsdorf;1286;SPÖ;242
G10714;Nickelsdorf;1286;FPÖ;134
G10714;Nickelsdorf;1286;GRÜNE;76
G10714;Nickelsdorf;1286;NEOS;35
G10714;Nickelsdorf;1286;KPÖ;6
G10714;Nickelsdorf;1286;EUROPA;8
G10715;Pama;888;ÖVP;288
G10715;Pama;888;SPÖ;194
G10715;Pama;888;FPÖ;54
G10715;Pama;888;GRÜNE;27
G10715;Pama;888;NEOS;10
G10715;Pama;888;KPÖ;0
G10715;Pama;888;EUROPA;4
G10716;Pamhagen;1379;ÖVP;341
G10716;Pamhagen;1379;SPÖ;187
G10716;Pamhagen;1379;FPÖ;110
G10716;Pamhagen;1379;GRÜNE;25
G10716;Pamhagen;1379;NEOS;23
G10716;Pamhagen;1379;KPÖ;2
G10716;Pamhagen;1379;EUROPA;3
G10717;Parndorf;3289;ÖVP;382
G10717;Parndorf;3289;SPÖ;564
G10717;Parndorf;3289;FPÖ;420
G10717;Parndorf;3289;GRÜNE;132
G10717;Parndorf;3289;NEOS;88
G10717;Parndorf;3289;KPÖ;6
G10717;Parndorf;3289;EUROPA;15
G10718;Podersdorf am See;1765;ÖVP;532
G10718;Podersdorf am See;1765;SPÖ;215
G10718;Podersdorf am See;1765;FPÖ;162
G10718;Podersdorf am See;1765;GRÜNE;84
G10718;Podersdorf am See;1765;NEOS;77
G10718;Podersdorf am See;1765;KPÖ;2
G10718;Podersdorf am See;1765;EUROPA;8
G10719;Sankt Andrä am Zicksee;1135;ÖVP;341
G10719;Sankt Andrä am Zicksee;1135;SPÖ;212
G10719;Sankt Andrä am Zicksee;1135;FPÖ;121
G10719;Sankt Andrä am Zicksee;1135;GRÜNE;32
G10719;Sankt Andrä am Zicksee;1135;NEOS;43
G10719;Sankt Andrä am Zicksee;1135;KPÖ;2
G10719;Sankt Andrä am Zicksee;1135;EUROPA;2
G10720;Tadten;1017;ÖVP;294
G10720;Tadten;1017;SPÖ;200
G10720;Tadten;1017;FPÖ;60
G10720;Tadten;1017;GRÜNE;28
G10720;Tadten;1017;NEOS;34
G10720;Tadten;1017;KPÖ;1
G10720;Tadten;1017;EUROPA;3
G10721;Wallern im Burgenland;1421;ÖVP;285
G10721;Wallern im Burgenland;1421;SPÖ;351
G10721;Wallern im Burgenland;1421;FPÖ;188
G10721;Wallern im Burgenland;1421;GRÜNE;49
G10721;Wallern im Burgenland;1421;NEOS;20
G10721;Wallern im Burgenland;1421;KPÖ;3
G10721;Wallern im Burgenland;1421;EUROPA;4
G10722;Weiden am See;1958;ÖVP;428
G10722;Weiden am See;1958;SPÖ;275
G10722;Weiden am See;1958;FPÖ;266
G10722;Weiden am See;1958;GRÜNE;139
G10722;Weiden am See;1958;NEOS;86
G10722;Weiden am See;1958;KPÖ;0
G10722;Weiden am See;1958;EUROPA;11
G10723;Winden am See;1079;ÖVP;156
G10723;Winden am See;1079;SPÖ;244
G10723;Winden am See;1079;FPÖ;122
G10723;Winden am See;1079;GRÜNE;42
G10723;Winden am See;1079;NEOS;36
G10723;Winden am See;1079;KPÖ;1
G10723;Winden am See;1079;EUROPA;3
G10724;Zurndorf;1733;ÖVP;202
G10724;Zurndorf;1733;SPÖ;378
G10724;Zurndorf;1733;FPÖ;232
G10724;Zurndorf;1733;GRÜNE;77
G10724;Zurndorf;1733;NEOS;49
G10724;Zurndorf;1733;KPÖ;2
G10724;Zurndorf;1733;EUROPA;13
G10725;Neudorf;560;ÖVP;148
G10725;Neudorf;560;SPÖ;100
G10725;Neudorf;560;FPÖ;58
G10725;Neudorf;560;GRÜNE;20
G10725;Neudorf;560;NEOS;17
G10725;Neudorf;560;KPÖ;4
G10725;Neudorf;560;EUROPA;0
G10726;Potzneusiedl;434;ÖVP;63
G10726;Potzneusiedl;434;SPÖ;90
G10726;Potzneusiedl;434;FPÖ;94
G10726;Potzneusiedl;434;GRÜNE;15
G10726;Potzneusiedl;434;NEOS;8
G10726;Potzneusiedl;434;KPÖ;1
G10726;Potzneusiedl;434;EUROPA;5
G10727;Edelstal;511;ÖVP;160
G10727;Edelstal;511;SPÖ;70
G10727;Edelstal;511;FPÖ;52
G10727;Edelstal;511;GRÜNE;14
G10727;Edelstal;511;NEOS;10
G10727;Edelstal;511;KPÖ;1
G10727;Edelstal;511;EUROPA;1
G10799;Wahlkarten - Neusiedl am See;0;ÖVP;913
G10799;Wahlkarten - Neusiedl am See;0;SPÖ;864
G10799;Wahlkarten - Neusiedl am See;0;FPÖ;380
G10799;Wahlkarten - Neusiedl am See;0;GRÜNE;417
G10799;Wahlkarten - Neusiedl am See;0;NEOS;257
G10799;Wahlkarten - Neusiedl am See;0;KPÖ;17
G10799;Wahlkarten - Neusiedl am See;0;EUROPA;28
G10801;Deutschkreutz;2572;ÖVP;646
G10801;Deutschkreutz;2572;SPÖ;386
G10801;Deutschkreutz;2572;FPÖ;224
G10801;Deutschkreutz;2572;GRÜNE;58
G10801;Deutschkreutz;2572;NEOS;61
G10801;Deutschkreutz;2572;KPÖ;2
G10801;Deutschkreutz;2572;EUROPA;3
G10802;Draßmarkt;1151;ÖVP;354
G10802;Draßmarkt;1151;SPÖ;281
G10802;Draßmarkt;1151;FPÖ;59
G10802;Draßmarkt;1151;GRÜNE;38
G10802;Draßmarkt;1151;NEOS;39
G10802;Draßmarkt;1151;KPÖ;4
G10802;Draßmarkt;1151;EUROPA;1
G10803;Frankenau-Unterpullendorf;939;ÖVP;257
G10803;Frankenau-Unterpullendorf;939;SPÖ;173
G10803;Frankenau-Unterpullendorf;939;FPÖ;72
G10803;Frankenau-Unterpullendorf;939;GRÜNE;54
G10803;Frankenau-Unterpullendorf;939;NEOS;19
G10803;Frankenau-Unterpullendorf;939;KPÖ;1
G10803;Frankenau-Unterpullendorf;939;EUROPA;4
G10804;Großwarasdorf;1181;ÖVP;350
G10804;Großwarasdorf;1181;SPÖ;185
G10804;Großwarasdorf;1181;FPÖ;96
G10804;Großwarasdorf;1181;GRÜNE;46
G10804;Großwarasdorf;1181;NEOS;35
G10804;Großwarasdorf;1181;KPÖ;9
G10804;Großwarasdorf;1181;EUROPA;2
G10805;Horitschon;1488;ÖVP;400
G10805;Horitschon;1488;SPÖ;275
G10805;Horitschon;1488;FPÖ;125
G10805;Horitschon;1488;GRÜNE;36
G10805;Horitschon;1488;NEOS;30
G10805;Horitschon;1488;KPÖ;2
G10805;Horitschon;1488;EUROPA;5
G10806;Kaisersdorf;508;ÖVP;82
G10806;Kaisersdorf;508;SPÖ;137
G10806;Kaisersdorf;508;FPÖ;45
G10806;Kaisersdorf;508;GRÜNE;23
G10806;Kaisersdorf;508;NEOS;16
G10806;Kaisersdorf;508;KPÖ;3
G10806;Kaisersdorf;508;EUROPA;2
G10807;Kobersdorf;1551;ÖVP;285
G10807;Kobersdorf;1551;SPÖ;419
G10807;Kobersdorf;1551;FPÖ;178
G10807;Kobersdorf;1551;GRÜNE;35
G10807;Kobersdorf;1551;NEOS;40
G10807;Kobersdorf;1551;KPÖ;4
G10807;Kobersdorf;1551;EUROPA;6
G10808;Lackenbach;941;ÖVP;178
G10808;Lackenbach;941;SPÖ;218
G10808;Lackenbach;941;FPÖ;71
G10808;Lackenbach;941;GRÜNE;14
G10808;Lackenbach;941;NEOS;19
G10808;Lackenbach;941;KPÖ;0
G10808;Lackenbach;941;EUROPA;1
G10809;Lockenhaus;1655;ÖVP;350
G10809;Lockenhaus;1655;SPÖ;263
G10809;Lockenhaus;1655;FPÖ;192
G10809;Lockenhaus;1655;GRÜNE;70
G10809;Lockenhaus;1655;NEOS;41
G10809;Lockenhaus;1655;KPÖ;4
G10809;Lockenhaus;1655;EUROPA;9
G10810;Lutzmannsburg;702;ÖVP;191
G10810;Lutzmannsburg;702;SPÖ;127
G10810;Lutzmannsburg;702;FPÖ;88
G10810;Lutzmannsburg;702;GRÜNE;25
G10810;Lutzmannsburg;702;NEOS;25
G10810;Lutzmannsburg;702;KPÖ;1
G10810;Lutzmannsburg;702;EUROPA;1
G10811;Mannersdorf an der Rabnitz;1484;ÖVP;299
G10811;Mannersdorf an der Rabnitz;1484;SPÖ;314
G10811;Mannersdorf an der Rabnitz;1484;FPÖ;160
G10811;Mannersdorf an der Rabnitz;1484;GRÜNE;37
G10811;Mannersdorf an der Rabnitz;1484;NEOS;34
G10811;Mannersdorf an der Rabnitz;1484;KPÖ;1
G10811;Mannersdorf an der Rabnitz;1484;EUROPA;5
G10812;Markt Sankt Martin;997;ÖVP;247
G10812;Markt Sankt Martin;997;SPÖ;255
G10812;Markt Sankt Martin;997;FPÖ;91
G10812;Markt Sankt Martin;997;GRÜNE;36
G10812;Markt Sankt Martin;997;NEOS;25
G10812;Markt Sankt Martin;997;KPÖ;4
G10812;Markt Sankt Martin;997;EUROPA;2
G10813;Neckenmarkt;1429;ÖVP;443
G10813;Neckenmarkt;1429;SPÖ;291
G10813;Neckenmarkt;1429;FPÖ;113
G10813;Neckenmarkt;1429;GRÜNE;33
G10813;Neckenmarkt;1429;NEOS;25
G10813;Neckenmarkt;1429;KPÖ;4
G10813;Neckenmarkt;1429;EUROPA;5
G10814;Neutal;905;ÖVP;145
G10814;Neutal;905;SPÖ;388
G10814;Neutal;905;FPÖ;71
G10814;Neutal;905;GRÜNE;22
G10814;Neutal;905;NEOS;15
G10814;Neutal;905;KPÖ;2
G10814;Neutal;905;EUROPA;4
G10815;Nikitsch;1135;ÖVP;345
G10815;Nikitsch;1135;SPÖ;216
G10815;Nikitsch;1135;FPÖ;68
G10815;Nikitsch;1135;GRÜNE;43
G10815;Nikitsch;1135;NEOS;30
G10815;Nikitsch;1135;KPÖ;2
G10815;Nikitsch;1135;EUROPA;11
G10816;Oberpullendorf;2498;ÖVP;476
G10816;Oberpullendorf;2498;SPÖ;362
G10816;Oberpullendorf;2498;FPÖ;210
G10816;Oberpullendorf;2498;GRÜNE;114
G10816;Oberpullendorf;2498;NEOS;73
G10816;Oberpullendorf;2498;KPÖ;6
G10816;Oberpullendorf;2498;EUROPA;9
G10817;Pilgersdorf;1392;ÖVP;429
G10817;Pilgersdorf;1392;SPÖ;203
G10817;Pilgersdorf;1392;FPÖ;103
G10817;Pilgersdorf;1392;GRÜNE;37
G10817;Pilgersdorf;1392;NEOS;26
G10817;Pilgersdorf;1392;KPÖ;2
G10817;Pilgersdorf;1392;EUROPA;1
G10818;Piringsdorf;716;ÖVP;178
G10818;Piringsdorf;716;SPÖ;185
G10818;Piringsdorf;716;FPÖ;50
G10818;Piringsdorf;716;GRÜNE;28
G10818;Piringsdorf;716;NEOS;18
G10818;Piringsdorf;716;KPÖ;0
G10818;Piringsdorf;716;EUROPA;1
G10819;Raiding;736;ÖVP;131
G10819;Raiding;736;SPÖ;170
G10819;Raiding;736;FPÖ;49
G10819;Raiding;736;GRÜNE;7
G10819;Raiding;736;NEOS;12
G10819;Raiding;736;KPÖ;0
G10819;Raiding;736;EUROPA;2
G10820;Ritzing;751;ÖVP;124
G10820;Ritzing;751;SPÖ;199
G10820;Ritzing;751;FPÖ;82
G10820;Ritzing;751;GRÜNE;26
G10820;Ritzing;751;NEOS;19
G10820;Ritzing;751;KPÖ;1
G10820;Ritzing;751;EUROPA;1
G10821;Steinberg-Dörfl;1053;ÖVP;257
G10821;Steinberg-Dörfl;1053;SPÖ;231
G10821;Steinberg-Dörfl;1053;FPÖ;121
G10821;Steinberg-Dörfl;1053;GRÜNE;28
G10821;Steinberg-Dörfl;1053;NEOS;42
G10821;Steinberg-Dörfl;1053;KPÖ;3
G10821;Steinberg-Dörfl;1053;EUROPA;9
G10822;Stoob;1156;ÖVP;227
G10822;Stoob;1156;SPÖ;349
G10822;Stoob;1156;FPÖ;108
G10822;Stoob;1156;GRÜNE;37
G10822;Stoob;1156;NEOS;27
G10822;Stoob;1156;KPÖ;4
G10822;Stoob;1156;EUROPA;2
G10823;Weppersdorf;1515;ÖVP;191
G10823;Weppersdorf;1515;SPÖ;462
G10823;Weppersdorf;1515;FPÖ;189
G10823;Weppersdorf;1515;GRÜNE;39
G10823;Weppersdorf;1515;NEOS;26
G10823;Weppersdorf;1515;KPÖ;13
G10823;Weppersdorf;1515;EUROPA;3
G10824;Lackendorf;501;ÖVP;74
G10824;Lackendorf;501;SPÖ;133
G10824;Lackendorf;501;FPÖ;57
G10824;Lackendorf;501;GRÜNE;14
G10824;Lackendorf;501;NEOS;6
G10824;Lackendorf;501;KPÖ;0
G10824;Lackendorf;501;EUROPA;1
G10825;Unterfrauenhaid;524;ÖVP;157
G10825;Unterfrauenhaid;524;SPÖ;142
G10825;Unterfrauenhaid;524;FPÖ;45
G10825;Unterfrauenhaid;524;GRÜNE;8
G10825;Unterfrauenhaid;524;NEOS;8
G10825;Unterfrauenhaid;524;KPÖ;4
G10825;Unterfrauenhaid;524;EUROPA;2
G10826;Unterrabnitz-Schwendgraben;531;ÖVP;166
G10826;Unterrabnitz-Schwendgraben;531;SPÖ;103
G10826;Unterrabnitz-Schwendgraben;531;FPÖ;32
G10826;Unterrabnitz-Schwendgraben;531;GRÜNE;13
G10826;Unterrabnitz-Schwendgraben;531;NEOS;15
G10826;Unterrabnitz-Schwendgraben;531;KPÖ;1
G10826;Unterrabnitz-Schwendgraben;531;EUROPA;3
G10827;Weingraben;300;ÖVP;76
G10827;Weingraben;300;SPÖ;97
G10827;Weingraben;300;FPÖ;22
G10827;Weingraben;300;GRÜNE;6
G10827;Weingraben;300;NEOS;4
G10827;Weingraben;300;KPÖ;2
G10827;Weingraben;300;EUROPA;1
G10828;Oberloisdorf;656;ÖVP;162
G10828;Oberloisdorf;656;SPÖ;164
G10828;Oberloisdorf;656;FPÖ;80
G10828;Oberloisdorf;656;GRÜNE;23
G10828;Oberloisdorf;656;NEOS;15
G10828;Oberloisdorf;656;KPÖ;2
G10828;Oberloisdorf;656;EUROPA;0
G10899;Wahlkarten - Oberpullendorf;0;ÖVP;746
G10899;Wahlkarten - Oberpullendorf;0;SPÖ;784
G10899;Wahlkarten - Oberpullendorf;0;FPÖ;251
G10899;Wahlkarten - Oberpullendorf;0;GRÜNE;238
G10899;Wahlkarten - Oberpullendorf;0;NEOS;141
G10899;Wahlkarten - Oberpullendorf;0;KPÖ;18
G10899;Wahlkarten - Oberpullendorf;0;EUROPA;16
G10901;Bad Tatzmannsdorf;1274;ÖVP;271
G10901;Bad Tatzmannsdorf;1274;SPÖ;179
G10901;Bad Tatzmannsdorf;1274;FPÖ;167
G10901;Bad Tatzmannsdorf;1274;GRÜNE;44
G10901;Bad Tatzmannsdorf;1274;NEOS;48
G10901;Bad Tatzmannsdorf;1274;KPÖ;3
G10901;Bad Tatzmannsdorf;1274;EUROPA;2
G10902;Bernstein;1786;ÖVP;336
G10902;Bernstein;1786;SPÖ;494
G10902;Bernstein;1786;FPÖ;174
G10902;Bernstein;1786;GRÜNE;46
G10902;Bernstein;1786;NEOS;32
G10902;Bernstein;1786;KPÖ;1
G10902;Bernstein;1786;EUROPA;6
G10903;Deutsch Schützen-Eisenberg;970;ÖVP;333
G10903;Deutsch Schützen-Eisenberg;970;SPÖ;121
G10903;Deutsch Schützen-Eisenberg;970;FPÖ;103
G10903;Deutsch Schützen-Eisenberg;970;GRÜNE;28
G10903;Deutsch Schützen-Eisenberg;970;NEOS;34
G10903;Deutsch Schützen-Eisenberg;970;KPÖ;4
G10903;Deutsch Schützen-Eisenberg;970;EUROPA;4
G10904;Grafenschachen;1053;ÖVP;186
G10904;Grafenschachen;1053;SPÖ;308
G10904;Grafenschachen;1053;FPÖ;142
G10904;Grafenschachen;1053;GRÜNE;20
G10904;Grafenschachen;1053;NEOS;13
G10904;Grafenschachen;1053;KPÖ;3
G10904;Grafenschachen;1053;EUROPA;2
G10905;Großpetersdorf;2879;ÖVP;479
G10905;Großpetersdorf;2879;SPÖ;586
G10905;Großpetersdorf;2879;FPÖ;247
G10905;Großpetersdorf;2879;GRÜNE;102
G10905;Großpetersdorf;2879;NEOS;75
G10905;Großpetersdorf;2879;KPÖ;7
G10905;Großpetersdorf;2879;EUROPA;8
G10906;Hannersdorf;630;ÖVP;163
G10906;Hannersdorf;630;SPÖ;144
G10906;Hannersdorf;630;FPÖ;44
G10906;Hannersdorf;630;GRÜNE;16
G10906;Hannersdorf;630;NEOS;7
G10906;Hannersdorf;630;KPÖ;2
G10906;Hannersdorf;630;EUROPA;2
G10907;Kemeten;1239;ÖVP;138
G10907;Kemeten;1239;SPÖ;226
G10907;Kemeten;1239;FPÖ;189
G10907;Kemeten;1239;GRÜNE;43
G10907;Kemeten;1239;NEOS;22
G10907;Kemeten;1239;KPÖ;1
G10907;Kemeten;1239;EUROPA;9
G10908;Kohfidisch;1195;ÖVP;250
G10908;Kohfidisch;1195;SPÖ;237
G10908;Kohfidisch;1195;FPÖ;121
G10908;Kohfidisch;1195;GRÜNE;24
G10908;Kohfidisch;1195;NEOS;14
G10908;Kohfidisch;1195;KPÖ;0
G10908;Kohfidisch;1195;EUROPA;4
G10909;Litzelsdorf;968;ÖVP;148
G10909;Litzelsdorf;968;SPÖ;157
G10909;Litzelsdorf;968;FPÖ;148
G10909;Litzelsdorf;968;GRÜNE;58
G10909;Litzelsdorf;968;NEOS;16
G10909;Litzelsdorf;968;KPÖ;2
G10909;Litzelsdorf;968;EUROPA;0
G10910;Loipersdorf-Kitzladen;1044;ÖVP;229
G10910;Loipersdorf-Kitzladen;1044;SPÖ;285
G10910;Loipersdorf-Kitzladen;1044;FPÖ;143
G10910;Loipersdorf-Kitzladen;1044;GRÜNE;32
G10910;Loipersdorf-Kitzladen;1044;NEOS;12
G10910;Loipersdorf-Kitzladen;1044;KPÖ;1
G10910;Loipersdorf-Kitzladen;1044;EUROPA;1
G10911;Mariasdorf;993;ÖVP;173
G10911;Mariasdorf;993;SPÖ;176
G10911;Mariasdorf;993;FPÖ;151
G10911;Mariasdorf;993;GRÜNE;40
G10911;Mariasdorf;993;NEOS;19
G10911;Mariasdorf;993;KPÖ;0
G10911;Mariasdorf;993;EUROPA;3
G10912;Markt Allhau;1509;ÖVP;293
G10912;Markt Allhau;1509;SPÖ;299
G10912;Markt Allhau;1509;FPÖ;207
G10912;Markt Allhau;1509;GRÜNE;94
G10912;Markt Allhau;1509;NEOS;48
G10912;Markt Allhau;1509;KPÖ;3
G10912;Markt Allhau;1509;EUROPA;5
G10913;Markt Neuhodis;552;ÖVP;128
G10913;Markt Neuhodis;552;SPÖ;124
G10913;Markt Neuhodis;552;FPÖ;38
G10913;Markt Neuhodis;552;GRÜNE;11
G10913;Markt Neuhodis;552;NEOS;7
G10913;Markt Neuhodis;552;KPÖ;2
G10913;Markt Neuhodis;552;EUROPA;2
G10914;Mischendorf;1351;ÖVP;343
G10914;Mischendorf;1351;SPÖ;293
G10914;Mischendorf;1351;FPÖ;85
G10914;Mischendorf;1351;GRÜNE;26
G10914;Mischendorf;1351;NEOS;16
G10914;Mischendorf;1351;KPÖ;3
G10914;Mischendorf;1351;EUROPA;2
G10915;Oberdorf im Burgenland;852;ÖVP;168
G10915;Oberdorf im Burgenland;852;SPÖ;179
G10915;Oberdorf im Burgenland;852;FPÖ;91
G10915;Oberdorf im Burgenland;852;GRÜNE;22
G10915;Oberdorf im Burgenland;852;NEOS;14
G10915;Oberdorf im Burgenland;852;KPÖ;0
G10915;Oberdorf im Burgenland;852;EUROPA;1
G10916;Oberschützen;1895;ÖVP;420
G10916;Oberschützen;1895;SPÖ;270
G10916;Oberschützen;1895;FPÖ;239
G10916;Oberschützen;1895;GRÜNE;134
G10916;Oberschützen;1895;NEOS;52
G10916;Oberschützen;1895;KPÖ;1
G10916;Oberschützen;1895;EUROPA;8
G10917;Oberwart;5651;ÖVP;873
G10917;Oberwart;5651;SPÖ;830
G10917;Oberwart;5651;FPÖ;545
G10917;Oberwart;5651;GRÜNE;238
G10917;Oberwart;5651;NEOS;159
G10917;Oberwart;5651;KPÖ;10
G10917;Oberwart;5651;EUROPA;30
G10918;Pinkafeld;4485;ÖVP;649
G10918;Pinkafeld;4485;SPÖ;607
G10918;Pinkafeld;4485;FPÖ;551
G10918;Pinkafeld;4485;GRÜNE;244
G10918;Pinkafeld;4485;NEOS;136
G10918;Pinkafeld;4485;KPÖ;6
G10918;Pinkafeld;4485;EUROPA;8
G10919;Rechnitz;2419;ÖVP;372
G10919;Rechnitz;2419;SPÖ;465
G10919;Rechnitz;2419;FPÖ;305
G10919;Rechnitz;2419;GRÜNE;44
G10919;Rechnitz;2419;NEOS;42
G10919;Rechnitz;2419;KPÖ;2
G10919;Rechnitz;2419;EUROPA;10
G10920;Riedlingsdorf;1335;ÖVP;166
G10920;Riedlingsdorf;1335;SPÖ;295
G10920;Riedlingsdorf;1335;FPÖ;191
G10920;Riedlingsdorf;1335;GRÜNE;46
G10920;Riedlingsdorf;1335;NEOS;28
G10920;Riedlingsdorf;1335;KPÖ;3
G10920;Riedlingsdorf;1335;EUROPA;2
G10921;Rotenturm an der Pinka;1145;ÖVP;257
G10921;Rotenturm an der Pinka;1145;SPÖ;312
G10921;Rotenturm an der Pinka;1145;FPÖ;116
G10921;Rotenturm an der Pinka;1145;GRÜNE;45
G10921;Rotenturm an der Pinka;1145;NEOS;31
G10921;Rotenturm an der Pinka;1145;KPÖ;9
G10921;Rotenturm an der Pinka;1145;EUROPA;3
G10922;Schachendorf;545;ÖVP;167
G10922;Schachendorf;545;SPÖ;76
G10922;Schachendorf;545;FPÖ;43
G10922;Schachendorf;545;GRÜNE;22
G10922;Schachendorf;545;NEOS;8
G10922;Schachendorf;545;KPÖ;2
G10922;Schachendorf;545;EUROPA;1
G10923;Stadtschlaining;1643;ÖVP;287
G10923;Stadtschlaining;1643;SPÖ;328
G10923;Stadtschlaining;1643;FPÖ;176
G10923;Stadtschlaining;1643;GRÜNE;50
G10923;Stadtschlaining;1643;NEOS;26
G10923;Stadtschlaining;1643;KPÖ;6
G10923;Stadtschlaining;1643;EUROPA;5
G10924;Unterkohlstätten;832;ÖVP;238
G10924;Unterkohlstätten;832;SPÖ;258
G10924;Unterkohlstätten;832;FPÖ;60
G10924;Unterkohlstätten;832;GRÜNE;19
G10924;Unterkohlstätten;832;NEOS;15
G10924;Unterkohlstätten;832;KPÖ;2
G10924;Unterkohlstätten;832;EUROPA;2
G10925;Unterwart;678;ÖVP;178
G10925;Unterwart;678;SPÖ;87
G10925;Unterwart;678;FPÖ;69
G10925;Unterwart;678;GRÜNE;21
G10925;Unterwart;678;NEOS;16
G10925;Unterwart;678;KPÖ;3
G10925;Unterwart;678;EUROPA;9
G10926;Weiden bei Rechnitz;694;ÖVP;186
G10926;Weiden bei Rechnitz;694;SPÖ;104
G10926;Weiden bei Rechnitz;694;FPÖ;87
G10926;Weiden bei Rechnitz;694;GRÜNE;30
G10926;Weiden bei Rechnitz;694;NEOS;14
G10926;Weiden bei Rechnitz;694;KPÖ;4
G10926;Weiden bei Rechnitz;694;EUROPA;1
G10927;Wiesfleck;965;ÖVP;222
G10927;Wiesfleck;965;SPÖ;159
G10927;Wiesfleck;965;FPÖ;129
G10927;Wiesfleck;965;GRÜNE;24
G10927;Wiesfleck;965;NEOS;10
G10927;Wiesfleck;965;KPÖ;0
G10927;Wiesfleck;965;EUROPA;5
G10928;Wolfau;1118;ÖVP;234
G10928;Wolfau;1118;SPÖ;183
G10928;Wolfau;1118;FPÖ;115
G10928;Wolfau;1118;GRÜNE;52
G10928;Wolfau;1118;NEOS;29
G10928;Wolfau;1118;KPÖ;2
G10928;Wolfau;1118;EUROPA;1
G10929;Neustift an der Lafnitz;645;ÖVP;107
G10929;Neustift an der Lafnitz;645;SPÖ;151
G10929;Neustift an der Lafnitz;645;FPÖ;70
G10929;Neustift an der Lafnitz;645;GRÜNE;15
G10929;Neustift an der Lafnitz;645;NEOS;17
G10929;Neustift an der Lafnitz;645;KPÖ;3
G10929;Neustift an der Lafnitz;645;EUROPA;1
G10930;Jabing;599;ÖVP;117
G10930;Jabing;599;SPÖ;117
G10930;Jabing;599;FPÖ;73
G10930;Jabing;599;GRÜNE;18
G10930;Jabing;599;NEOS;24
G10930;Jabing;599;KPÖ;4
G10930;Jabing;599;EUROPA;1
G10931;Badersdorf;243;ÖVP;82
G10931;Badersdorf;243;SPÖ;35
G10931;Badersdorf;243;FPÖ;22
G10931;Badersdorf;243;GRÜNE;5
G10931;Badersdorf;243;NEOS;3
G10931;Badersdorf;243;KPÖ;0
G10931;Badersdorf;243;EUROPA;0
G10932;Schandorf;217;ÖVP;55
G10932;Schandorf;217;SPÖ;60
G10932;Schandorf;217;FPÖ;17
G10932;Schandorf;217;GRÜNE;1
G10932;Schandorf;217;NEOS;4
G10932;Schandorf;217;KPÖ;0
G10932;Schandorf;217;EUROPA;0
G10999;Wahlkarten - Oberwart;0;ÖVP;781
G10999;Wahlkarten - Oberwart;0;SPÖ;963
G10999;Wahlkarten - Oberwart;0;FPÖ;380
G10999;Wahlkarten - Oberwart;0;GRÜNE;399
G10999;Wahlkarten - Oberwart;0;NEOS;186
G10999;Wahlkarten - Oberwart;0;KPÖ;16
G10999;Wahlkarten - Oberwart;0;EUROPA;23
G2A099;Wahlkarten - Klagenfurt;0;ÖVP;0
G2A099;Wahlkarten - Klagenfurt;0;SPÖ;0
G2A099;Wahlkarten - Klagenfurt;0;FPÖ;0
G2A099;Wahlkarten - Klagenfurt;0;GRÜNE;0
G2A099;Wahlkarten - Klagenfurt;0;NEOS;0
G2A099;Wahlkarten - Klagenfurt;0;KPÖ;0
G2A099;Wahlkarten - Klagenfurt;0;EUROPA;0
G2B099;Wahlkarten - Villach;0;ÖVP;0
G2B099;Wahlkarten - Villach;0;SPÖ;0
G2B099;Wahlkarten - Villach;0;FPÖ;0
G2B099;Wahlkarten - Villach;0;GRÜNE;0
G2B099;Wahlkarten - Villach;0;NEOS;0
G2B099;Wahlkarten - Villach;0;KPÖ;0
G2B099;Wahlkarten - Villach;0;EUROPA;0
G2C099;Wahlkarten - Kärnten West;0;ÖVP;0
G2C099;Wahlkarten - Kärnten West;0;SPÖ;0
G2C099;Wahlkarten - Kärnten West;0;FPÖ;0
G2C099;Wahlkarten - Kärnten West;0;GRÜNE;0
G2C099;Wahlkarten - Kärnten West;0;NEOS;0
G2C099;Wahlkarten - Kärnten West;0;KPÖ;0
G2C099;Wahlkarten - Kärnten West;0;EUROPA;0
G2D099;Wahlkarten - Kärnten Ost;0;ÖVP;0
G2D099;Wahlkarten - Kärnten Ost;0;SPÖ;0
G2D099;Wahlkarten - Kärnten Ost;0;FPÖ;0
G2D099;Wahlkarten - Kärnten Ost;0;GRÜNE;0
G2D099;Wahlkarten - Kärnten Ost;0;NEOS;0
G2D099;Wahlkarten - Kärnten Ost;0;KPÖ;0
G2D099;Wahlkarten - Kärnten Ost;0;EUROPA;0
G20101;Klagenfurt am Wörthersee;73816;ÖVP;9101
G20101;Klagenfurt am Wörthersee;73816;SPÖ;9721
G20101;Klagenfurt am Wörthersee;73816;FPÖ;6291
G20101;Klagenfurt am Wörthersee;73816;GRÜNE;4634
G20101;Klagenfurt am Wörthersee;73816;NEOS;3360
G20101;Klagenfurt am Wörthersee;73816;KPÖ;292
G20101;Klagenfurt am Wörthersee;73816;EUROPA;466
G20199;Wahlkarten - Klagenfurt Stadt;0;ÖVP;1246
G20199;Wahlkarten - Klagenfurt Stadt;0;SPÖ;1506
G20199;Wahlkarten - Klagenfurt Stadt;0;FPÖ;647
G20199;Wahlkarten - Klagenfurt Stadt;0;GRÜNE;936
G20199;Wahlkarten - Klagenfurt Stadt;0;NEOS;546
G20199;Wahlkarten - Klagenfurt Stadt;0;KPÖ;33
G20199;Wahlkarten - Klagenfurt Stadt;0;EUROPA;59
G20201;Villach;44503;ÖVP;5492
G20201;Villach;44503;SPÖ;7116
G20201;Villach;44503;FPÖ;4547
G20201;Villach;44503;GRÜNE;2304
G20201;Villach;44503;NEOS;1745
G20201;Villach;44503;KPÖ;170
G20201;Villach;44503;EUROPA;222
G20299;Wahlkarten - Villach Stadt;0;ÖVP;536
G20299;Wahlkarten - Villach Stadt;0;SPÖ;824
G20299;Wahlkarten - Villach Stadt;0;FPÖ;324
G20299;Wahlkarten - Villach Stadt;0;GRÜNE;447
G20299;Wahlkarten - Villach Stadt;0;NEOS;265
G20299;Wahlkarten - Villach Stadt;0;KPÖ;18
G20299;Wahlkarten - Villach Stadt;0;EUROPA;23
G20302;Dellach;1023;ÖVP;219
G20302;Dellach;1023;SPÖ;119
G20302;Dellach;1023;FPÖ;73
G20302;Dellach;1023;GRÜNE;27
G20302;Dellach;1023;NEOS;21
G20302;Dellach;1023;KPÖ;0
G20302;Dellach;1023;EUROPA;3
G20305;Hermagor-Pressegger See;5509;ÖVP;862
G20305;Hermagor-Pressegger See;5509;SPÖ;816
G20305;Hermagor-Pressegger See;5509;FPÖ;474
G20305;Hermagor-Pressegger See;5509;GRÜNE;197
G20305;Hermagor-Pressegger See;5509;NEOS;187
G20305;Hermagor-Pressegger See;5509;KPÖ;10
G20305;Hermagor-Pressegger See;5509;EUROPA;15
G20306;Kirchbach;2110;ÖVP;423
G20306;Kirchbach;2110;SPÖ;257
G20306;Kirchbach;2110;FPÖ;238
G20306;Kirchbach;2110;GRÜNE;55
G20306;Kirchbach;2110;NEOS;77
G20306;Kirchbach;2110;KPÖ;2
G20306;Kirchbach;2110;EUROPA;3
G20307;Kötschach-Mauthen;2740;ÖVP;536
G20307;Kötschach-Mauthen;2740;SPÖ;327
G20307;Kötschach-Mauthen;2740;FPÖ;211
G20307;Kötschach-Mauthen;2740;GRÜNE;81
G20307;Kötschach-Mauthen;2740;NEOS;75
G20307;Kötschach-Mauthen;2740;KPÖ;9
G20307;Kötschach-Mauthen;2740;EUROPA;13
G20316;St. Stefan im Gailtal;1334;ÖVP;242
G20316;St. Stefan im Gailtal;1334;SPÖ;266
G20316;St. Stefan im Gailtal;1334;FPÖ;109
G20316;St. Stefan im Gailtal;1334;GRÜNE;34
G20316;St. Stefan im Gailtal;1334;NEOS;32
G20316;St. Stefan im Gailtal;1334;KPÖ;2
G20316;St. Stefan im Gailtal;1334;EUROPA;5
G20320;Gitschtal;985;ÖVP;183
G20320;Gitschtal;985;SPÖ;148
G20320;Gitschtal;985;FPÖ;139
G20320;Gitschtal;985;GRÜNE;39
G20320;Gitschtal;985;NEOS;34
G20320;Gitschtal;985;KPÖ;2
G20320;Gitschtal;985;EUROPA;2
G20321;Lesachtal;1084;ÖVP;344
G20321;Lesachtal;1084;SPÖ;93
G20321;Lesachtal;1084;FPÖ;65
G20321;Lesachtal;1084;GRÜNE;23
G20321;Lesachtal;1084;NEOS;21
G20321;Lesachtal;1084;KPÖ;3
G20321;Lesachtal;1084;EUROPA;6
G20399;Wahlkarten - Hermagor;0;ÖVP;428
G20399;Wahlkarten - Hermagor;0;SPÖ;403
G20399;Wahlkarten - Hermagor;0;FPÖ;200
G20399;Wahlkarten - Hermagor;0;GRÜNE;164
G20399;Wahlkarten - Hermagor;0;NEOS;111
G20399;Wahlkarten - Hermagor;0;KPÖ;9
G20399;Wahlkarten - Hermagor;0;EUROPA;11
G20402;Ebenthal in Kärnten;6347;ÖVP;646
G20402;Ebenthal in Kärnten;6347;SPÖ;938
G20402;Ebenthal in Kärnten;6347;FPÖ;677
G20402;Ebenthal in Kärnten;6347;GRÜNE;238
G20402;Ebenthal in Kärnten;6347;NEOS;191
G20402;Ebenthal in Kärnten;6347;KPÖ;12
G20402;Ebenthal in Kärnten;6347;EUROPA;23
G20403;Feistritz im Rosental;1954;ÖVP;214
G20403;Feistritz im Rosental;1954;SPÖ;342
G20403;Feistritz im Rosental;1954;FPÖ;120
G20403;Feistritz im Rosental;1954;GRÜNE;93
G20403;Feistritz im Rosental;1954;NEOS;50
G20403;Feistritz im Rosental;1954;KPÖ;3
G20403;Feistritz im Rosental;1954;EUROPA;5
G20405;Ferlach;5513;ÖVP;646
G20405;Ferlach;5513;SPÖ;1036
G20405;Ferlach;5513;FPÖ;583
G20405;Ferlach;5513;GRÜNE;203
G20405;Ferlach;5513;NEOS;181
G20405;Ferlach;5513;KPÖ;16
G20405;Ferlach;5513;EUROPA;25
G20409;Grafenstein;2367;ÖVP;365
G20409;Grafenstein;2367;SPÖ;227
G20409;Grafenstein;2367;FPÖ;197
G20409;Grafenstein;2367;GRÜNE;74
G20409;Grafenstein;2367;NEOS;52
G20409;Grafenstein;2367;KPÖ;8
G20409;Grafenstein;2367;EUROPA;5
G20412;Keutschach am See;2001;ÖVP;274
G20412;Keutschach am See;2001;SPÖ;276
G20412;Keutschach am See;2001;FPÖ;141
G20412;Keutschach am See;2001;GRÜNE;131
G20412;Keutschach am See;2001;NEOS;75
G20412;Keutschach am See;2001;KPÖ;5
G20412;Keutschach am See;2001;EUROPA;14
G20414;Köttmannsdorf;2389;ÖVP;358
G20414;Köttmannsdorf;2389;SPÖ;304
G20414;Köttmannsdorf;2389;FPÖ;198
G20414;Köttmannsdorf;2389;GRÜNE;134
G20414;Köttmannsdorf;2389;NEOS;98
G20414;Köttmannsdorf;2389;KPÖ;5
G20414;Köttmannsdorf;2389;EUROPA;5
G20415;Krumpendorf am Wörthersee;2631;ÖVP;434
G20415;Krumpendorf am Wörthersee;2631;SPÖ;271
G20415;Krumpendorf am Wörthersee;2631;FPÖ;202
G20415;Krumpendorf am Wörthersee;2631;GRÜNE;184
G20415;Krumpendorf am Wörthersee;2631;NEOS;156
G20415;Krumpendorf am Wörthersee;2631;KPÖ;3
G20415;Krumpendorf am Wörthersee;2631;EUROPA;6
G20416;Ludmannsdorf;1461;ÖVP;180
G20416;Ludmannsdorf;1461;SPÖ;246
G20416;Ludmannsdorf;1461;FPÖ;96
G20416;Ludmannsdorf;1461;GRÜNE;108
G20416;Ludmannsdorf;1461;NEOS;33
G20416;Ludmannsdorf;1461;KPÖ;4
G20416;Ludmannsdorf;1461;EUROPA;10
G20417;Maria Rain;1983;ÖVP;260
G20417;Maria Rain;1983;SPÖ;197
G20417;Maria Rain;1983;FPÖ;171
G20417;Maria Rain;1983;GRÜNE;94
G20417;Maria Rain;1983;NEOS;88
G20417;Maria Rain;1983;KPÖ;4
G20417;Maria Rain;1983;EUROPA;7
G20418;Maria Saal;3113;ÖVP;479
G20418;Maria Saal;3113;SPÖ;378
G20418;Maria Saal;3113;FPÖ;272
G20418;Maria Saal;3113;GRÜNE;194
G20418;Maria Saal;3113;NEOS;116
G20418;Maria Saal;3113;KPÖ;5
G20418;Maria Saal;3113;EUROPA;10
G20419;Maria Wörth;1311;ÖVP;207
G20419;Maria Wörth;1311;SPÖ;108
G20419;Maria Wörth;1311;FPÖ;81
G20419;Maria Wörth;1311;GRÜNE;83
G20419;Maria Wörth;1311;NEOS;68
G20419;Maria Wörth;1311;KPÖ;6
G20419;Maria Wörth;1311;EUROPA;8
G20421;Moosburg;3740;ÖVP;537
G20421;Moosburg;3740;SPÖ;416
G20421;Moosburg;3740;FPÖ;393
G20421;Moosburg;3740;GRÜNE;199
G20421;Moosburg;3740;NEOS;137
G20421;Moosburg;3740;KPÖ;10
G20421;Moosburg;3740;EUROPA;18
G20424;Pörtschach am Wörther See;2231;ÖVP;426
G20424;Pörtschach am Wörther See;2231;SPÖ;179
G20424;Pörtschach am Wörther See;2231;FPÖ;191
G20424;Pörtschach am Wörther See;2231;GRÜNE;147
G20424;Pörtschach am Wörther See;2231;NEOS;112
G20424;Pörtschach am Wörther See;2231;KPÖ;3
G20424;Pörtschach am Wörther See;2231;EUROPA;16
G20425;Poggersdorf;2580;ÖVP;400
G20425;Poggersdorf;2580;SPÖ;381
G20425;Poggersdorf;2580;FPÖ;294
G20425;Poggersdorf;2580;GRÜNE;90
G20425;Poggersdorf;2580;NEOS;92
G20425;Poggersdorf;2580;KPÖ;4
G20425;Poggersdorf;2580;EUROPA;12
G20428;St. Margareten im Rosental;880;ÖVP;129
G20428;St. Margareten im Rosental;880;SPÖ;138
G20428;St. Margareten im Rosental;880;FPÖ;62
G20428;St. Margareten im Rosental;880;GRÜNE;21
G20428;St. Margareten im Rosental;880;NEOS;29
G20428;St. Margareten im Rosental;880;KPÖ;3
G20428;St. Margareten im Rosental;880;EUROPA;4
G20432;Schiefling am Wörthersee;1982;ÖVP;268
G20432;Schiefling am Wörthersee;1982;SPÖ;250
G20432;Schiefling am Wörthersee;1982;FPÖ;186
G20432;Schiefling am Wörthersee;1982;GRÜNE;63
G20432;Schiefling am Wörthersee;1982;NEOS;75
G20432;Schiefling am Wörthersee;1982;KPÖ;7
G20432;Schiefling am Wörthersee;1982;EUROPA;8
G20435;Techelsberg am Wörther See;1797;ÖVP;222
G20435;Techelsberg am Wörther See;1797;SPÖ;190
G20435;Techelsberg am Wörther See;1797;FPÖ;145
G20435;Techelsberg am Wörther See;1797;GRÜNE;60
G20435;Techelsberg am Wörther See;1797;NEOS;59
G20435;Techelsberg am Wörther See;1797;KPÖ;2
G20435;Techelsberg am Wörther See;1797;EUROPA;4
G20441;Zell;502;ÖVP;57
G20441;Zell;502;SPÖ;120
G20441;Zell;502;FPÖ;12
G20441;Zell;502;GRÜNE;47
G20441;Zell;502;NEOS;15
G20441;Zell;502;KPÖ;2
G20441;Zell;502;EUROPA;0
G20442;Magdalensberg;2794;ÖVP;396
G20442;Magdalensberg;2794;SPÖ;387
G20442;Magdalensberg;2794;FPÖ;275
G20442;Magdalensberg;2794;GRÜNE;116
G20442;Magdalensberg;2794;NEOS;110
G20442;Magdalensberg;2794;KPÖ;5
G20442;Magdalensberg;2794;EUROPA;14
G20499;Wahlkarten - Klagenfurt-Land;0;ÖVP;1004
G20499;Wahlkarten - Klagenfurt-Land;0;SPÖ;1125
G20499;Wahlkarten - Klagenfurt-Land;0;FPÖ;516
G20499;Wahlkarten - Klagenfurt-Land;0;GRÜNE;634
G20499;Wahlkarten - Klagenfurt-Land;0;NEOS;315
G20499;Wahlkarten - Klagenfurt-Land;0;KPÖ;31
G20499;Wahlkarten - Klagenfurt-Land;0;EUROPA;36
G20501;Althofen;3839;ÖVP;443
G20501;Althofen;3839;SPÖ;548
G20501;Althofen;3839;FPÖ;365
G20501;Althofen;3839;GRÜNE;96
G20501;Althofen;3839;NEOS;144
G20501;Althofen;3839;KPÖ;7
G20501;Althofen;3839;EUROPA;18
G20502;Brückl;2244;ÖVP;264
G20502;Brückl;2244;SPÖ;336
G20502;Brückl;2244;FPÖ;230
G20502;Brückl;2244;GRÜNE;49
G20502;Brückl;2244;NEOS;64
G20502;Brückl;2244;KPÖ;4
G20502;Brückl;2244;EUROPA;5
G20503;Deutsch-Griffen;753;ÖVP;77
G20503;Deutsch-Griffen;753;SPÖ;40
G20503;Deutsch-Griffen;753;FPÖ;157
G20503;Deutsch-Griffen;753;GRÜNE;3
G20503;Deutsch-Griffen;753;NEOS;5
G20503;Deutsch-Griffen;753;KPÖ;0
G20503;Deutsch-Griffen;753;EUROPA;2
G20504;Eberstein;1023;ÖVP;135
G20504;Eberstein;1023;SPÖ;97
G20504;Eberstein;1023;FPÖ;130
G20504;Eberstein;1023;GRÜNE;25
G20504;Eberstein;1023;NEOS;24
G20504;Eberstein;1023;KPÖ;5
G20504;Eberstein;1023;EUROPA;4
G20505;Friesach;4204;ÖVP;502
G20505;Friesach;4204;SPÖ;504
G20505;Friesach;4204;FPÖ;475
G20505;Friesach;4204;GRÜNE;93
G20505;Friesach;4204;NEOS;96
G20505;Friesach;4204;KPÖ;12
G20505;Friesach;4204;EUROPA;13
G20506;Glödnitz;675;ÖVP;122
G20506;Glödnitz;675;SPÖ;64
G20506;Glödnitz;675;FPÖ;83
G20506;Glödnitz;675;GRÜNE;7
G20506;Glödnitz;675;NEOS;14
G20506;Glödnitz;675;KPÖ;2
G20506;Glödnitz;675;EUROPA;0
G20508;Gurk;1026;ÖVP;188
G20508;Gurk;1026;SPÖ;122
G20508;Gurk;1026;FPÖ;192
G20508;Gurk;1026;GRÜNE;27
G20508;Gurk;1026;NEOS;31
G20508;Gurk;1026;KPÖ;7
G20508;Gurk;1026;EUROPA;1
G20509;Guttaring;1207;ÖVP;173
G20509;Guttaring;1207;SPÖ;171
G20509;Guttaring;1207;FPÖ;130
G20509;Guttaring;1207;GRÜNE;21
G20509;Guttaring;1207;NEOS;47
G20509;Guttaring;1207;KPÖ;0
G20509;Guttaring;1207;EUROPA;3
G20511;Hüttenberg;1201;ÖVP;121
G20511;Hüttenberg;1201;SPÖ;194
G20511;Hüttenberg;1201;FPÖ;200
G20511;Hüttenberg;1201;GRÜNE;11
G20511;Hüttenberg;1201;NEOS;19
G20511;Hüttenberg;1201;KPÖ;4
G20511;Hüttenberg;1201;EUROPA;2
G20512;Kappel am Krappfeld;1575;ÖVP;278
G20512;Kappel am Krappfeld;1575;SPÖ;196
G20512;Kappel am Krappfeld;1575;FPÖ;166
G20512;Kappel am Krappfeld;1575;GRÜNE;34
G20512;Kappel am Krappfeld;1575;NEOS;71
G20512;Kappel am Krappfeld;1575;KPÖ;4
G20512;Kappel am Krappfeld;1575;EUROPA;6
G20513;Klein St. Paul;1483;ÖVP;232
G20513;Klein St. Paul;1483;SPÖ;184
G20513;Klein St. Paul;1483;FPÖ;191
G20513;Klein St. Paul;1483;GRÜNE;39
G20513;Klein St. Paul;1483;NEOS;33
G20513;Klein St. Paul;1483;KPÖ;4
G20513;Klein St. Paul;1483;EUROPA;7
G20515;Liebenfels;2650;ÖVP;336
G20515;Liebenfels;2650;SPÖ;387
G20515;Liebenfels;2650;FPÖ;283
G20515;Liebenfels;2650;GRÜNE;90
G20515;Liebenfels;2650;NEOS;69
G20515;Liebenfels;2650;KPÖ;5
G20515;Liebenfels;2650;EUROPA;17
G20518;Metnitz;1661;ÖVP;319
G20518;Metnitz;1661;SPÖ;175
G20518;Metnitz;1661;FPÖ;238
G20518;Metnitz;1661;GRÜNE;36
G20518;Metnitz;1661;NEOS;31
G20518;Metnitz;1661;KPÖ;4
G20518;Metnitz;1661;EUROPA;4
G20519;Micheldorf;848;ÖVP;78
G20519;Micheldorf;848;SPÖ;141
G20519;Micheldorf;848;FPÖ;75
G20519;Micheldorf;848;GRÜNE;13
G20519;Micheldorf;848;NEOS;16
G20519;Micheldorf;848;KPÖ;4
G20519;Micheldorf;848;EUROPA;3
G20520;Mölbling;1072;ÖVP;121
G20520;Mölbling;1072;SPÖ;97
G20520;Mölbling;1072;FPÖ;184
G20520;Mölbling;1072;GRÜNE;30
G20520;Mölbling;1072;NEOS;34
G20520;Mölbling;1072;KPÖ;2
G20520;Mölbling;1072;EUROPA;4
G20523;St. Georgen am Längsee;2919;ÖVP;327
G20523;St. Georgen am Längsee;2919;SPÖ;409
G20523;St. Georgen am Längsee;2919;FPÖ;356
G20523;St. Georgen am Längsee;2919;GRÜNE;98
G20523;St. Georgen am Längsee;2919;NEOS;122
G20523;St. Georgen am Längsee;2919;KPÖ;5
G20523;St. Georgen am Längsee;2919;EUROPA;10
G20527;St. Veit an der Glan;9824;ÖVP;1053
G20527;St. Veit an der Glan;9824;SPÖ;1477
G20527;St. Veit an der Glan;9824;FPÖ;890
G20527;St. Veit an der Glan;9824;GRÜNE;316
G20527;St. Veit an der Glan;9824;NEOS;264
G20527;St. Veit an der Glan;9824;KPÖ;23
G20527;St. Veit an der Glan;9824;EUROPA;29
G20530;Straßburg;1644;ÖVP;282
G20530;Straßburg;1644;SPÖ;120
G20530;Straßburg;1644;FPÖ;256
G20530;Straßburg;1644;GRÜNE;27
G20530;Straßburg;1644;NEOS;46
G20530;Straßburg;1644;KPÖ;2
G20530;Straßburg;1644;EUROPA;2
G20531;Weitensfeld im Gurktal;1727;ÖVP;272
G20531;Weitensfeld im Gurktal;1727;SPÖ;143
G20531;Weitensfeld im Gurktal;1727;FPÖ;204
G20531;Weitensfeld im Gurktal;1727;GRÜNE;27
G20531;Weitensfeld im Gurktal;1727;NEOS;26
G20531;Weitensfeld im Gurktal;1727;KPÖ;7
G20531;Weitensfeld im Gurktal;1727;EUROPA;4
G20534;Frauenstein;2905;ÖVP;385
G20534;Frauenstein;2905;SPÖ;342
G20534;Frauenstein;2905;FPÖ;340
G20534;Frauenstein;2905;GRÜNE;155
G20534;Frauenstein;2905;NEOS;101
G20534;Frauenstein;2905;KPÖ;5
G20534;Frauenstein;2905;EUROPA;12
G20599;Wahlkarten - St. Veit an der Glan;0;ÖVP;878
G20599;Wahlkarten - St. Veit an der Glan;0;SPÖ;935
G20599;Wahlkarten - St. Veit an der Glan;0;FPÖ;559
G20599;Wahlkarten - St. Veit an der Glan;0;GRÜNE;348
G20599;Wahlkarten - St. Veit an der Glan;0;NEOS;233
G20599;Wahlkarten - St. Veit an der Glan;0;KPÖ;19
G20599;Wahlkarten - St. Veit an der Glan;0;EUROPA;29
G20601;Bad Kleinkirchheim;1294;ÖVP;181
G20601;Bad Kleinkirchheim;1294;SPÖ;100
G20601;Bad Kleinkirchheim;1294;FPÖ;152
G20601;Bad Kleinkirchheim;1294;GRÜNE;29
G20601;Bad Kleinkirchheim;1294;NEOS;49
G20601;Bad Kleinkirchheim;1294;KPÖ;0
G20601;Bad Kleinkirchheim;1294;EUROPA;4
G20602;Baldramsdorf;1553;ÖVP;168
G20602;Baldramsdorf;1553;SPÖ;176
G20602;Baldramsdorf;1553;FPÖ;203
G20602;Baldramsdorf;1553;GRÜNE;26
G20602;Baldramsdorf;1553;NEOS;35
G20602;Baldramsdorf;1553;KPÖ;0
G20602;Baldramsdorf;1553;EUROPA;1
G20603;Berg im Drautal;1049;ÖVP;205
G20603;Berg im Drautal;1049;SPÖ;99
G20603;Berg im Drautal;1049;FPÖ;74
G20603;Berg im Drautal;1049;GRÜNE;39
G20603;Berg im Drautal;1049;NEOS;36
G20603;Berg im Drautal;1049;KPÖ;0
G20603;Berg im Drautal;1049;EUROPA;3
G20604;Dellach im Drautal;1326;ÖVP;206
G20604;Dellach im Drautal;1326;SPÖ;137
G20604;Dellach im Drautal;1326;FPÖ;81
G20604;Dellach im Drautal;1326;GRÜNE;38
G20604;Dellach im Drautal;1326;NEOS;31
G20604;Dellach im Drautal;1326;KPÖ;1
G20604;Dellach im Drautal;1326;EUROPA;3
G20605;Großkirchheim;1087;ÖVP;210
G20605;Großkirchheim;1087;SPÖ;60
G20605;Großkirchheim;1087;FPÖ;158
G20605;Großkirchheim;1087;GRÜNE;31
G20605;Großkirchheim;1087;NEOS;52
G20605;Großkirchheim;1087;KPÖ;0
G20605;Großkirchheim;1087;EUROPA;6
G20607;Flattach;967;ÖVP;138
G20607;Flattach;967;SPÖ;73
G20607;Flattach;967;FPÖ;128
G20607;Flattach;967;GRÜNE;18
G20607;Flattach;967;NEOS;24
G20607;Flattach;967;KPÖ;0
G20607;Flattach;967;EUROPA;4
G20608;Gmünd in Kärnten;2147;ÖVP;280
G20608;Gmünd in Kärnten;2147;SPÖ;266
G20608;Gmünd in Kärnten;2147;FPÖ;217
G20608;Gmünd in Kärnten;2147;GRÜNE;65
G20608;Gmünd in Kärnten;2147;NEOS;69
G20608;Gmünd in Kärnten;2147;KPÖ;4
G20608;Gmünd in Kärnten;2147;EUROPA;7
G20609;Greifenburg;1388;ÖVP;217
G20609;Greifenburg;1388;SPÖ;134
G20609;Greifenburg;1388;FPÖ;171
G20609;Greifenburg;1388;GRÜNE;58
G20609;Greifenburg;1388;NEOS;40
G20609;Greifenburg;1388;KPÖ;5
G20609;Greifenburg;1388;EUROPA;6
G20610;Heiligenblut am Großglockner;851;ÖVP;159
G20610;Heiligenblut am Großglockner;851;SPÖ;41
G20610;Heiligenblut am Großglockner;851;FPÖ;72
G20610;Heiligenblut am Großglockner;851;GRÜNE;15
G20610;Heiligenblut am Großglockner;851;NEOS;24
G20610;Heiligenblut am Großglockner;851;KPÖ;3
G20610;Heiligenblut am Großglockner;851;EUROPA;8
G20611;Irschen;1625;ÖVP;271
G20611;Irschen;1625;SPÖ;231
G20611;Irschen;1625;FPÖ;144
G20611;Irschen;1625;GRÜNE;44
G20611;Irschen;1625;NEOS;53
G20611;Irschen;1625;KPÖ;3
G20611;Irschen;1625;EUROPA;6
G20613;Kleblach-Lind;973;ÖVP;155
G20613;Kleblach-Lind;973;SPÖ;176
G20613;Kleblach-Lind;973;FPÖ;100
G20613;Kleblach-Lind;973;GRÜNE;22
G20613;Kleblach-Lind;973;NEOS;38
G20613;Kleblach-Lind;973;KPÖ;1
G20613;Kleblach-Lind;973;EUROPA;3
G20616;Lendorf;1427;ÖVP;185
G20616;Lendorf;1427;SPÖ;188
G20616;Lendorf;1427;FPÖ;162
G20616;Lendorf;1427;GRÜNE;54
G20616;Lendorf;1427;NEOS;43
G20616;Lendorf;1427;KPÖ;1
G20616;Lendorf;1427;EUROPA;5
G20618;Mallnitz;634;ÖVP;123
G20618;Mallnitz;634;SPÖ;141
G20618;Mallnitz;634;FPÖ;36
G20618;Mallnitz;634;GRÜNE;8
G20618;Mallnitz;634;NEOS;15
G20618;Mallnitz;634;KPÖ;1
G20618;Mallnitz;634;EUROPA;1
G20619;Malta;1663;ÖVP;129
G20619;Malta;1663;SPÖ;178
G20619;Malta;1663;FPÖ;184
G20619;Malta;1663;GRÜNE;35
G20619;Malta;1663;NEOS;30
G20619;Malta;1663;KPÖ;1
G20619;Malta;1663;EUROPA;6
G20620;Millstatt am See;2798;ÖVP;468
G20620;Millstatt am See;2798;SPÖ;233
G20620;Millstatt am See;2798;FPÖ;220
G20620;Millstatt am See;2798;GRÜNE;118
G20620;Millstatt am See;2798;NEOS;100
G20620;Millstatt am See;2798;KPÖ;4
G20620;Millstatt am See;2798;EUROPA;10
G20622;Mörtschach;676;ÖVP;118
G20622;Mörtschach;676;SPÖ;32
G20622;Mörtschach;676;FPÖ;85
G20622;Mörtschach;676;GRÜNE;15
G20622;Mörtschach;676;NEOS;9
G20622;Mörtschach;676;KPÖ;1
G20622;Mörtschach;676;EUROPA;2
G20624;Mühldorf;832;ÖVP;71
G20624;Mühldorf;832;SPÖ;105
G20624;Mühldorf;832;FPÖ;141
G20624;Mühldorf;832;GRÜNE;20
G20624;Mühldorf;832;NEOS;14
G20624;Mühldorf;832;KPÖ;3
G20624;Mühldorf;832;EUROPA;5
G20625;Oberdrauburg;967;ÖVP;176
G20625;Oberdrauburg;967;SPÖ;118
G20625;Oberdrauburg;967;FPÖ;100
G20625;Oberdrauburg;967;GRÜNE;28
G20625;Oberdrauburg;967;NEOS;21
G20625;Oberdrauburg;967;KPÖ;1
G20625;Oberdrauburg;967;EUROPA;6
G20627;Obervellach;1798;ÖVP;314
G20627;Obervellach;1798;SPÖ;169
G20627;Obervellach;1798;FPÖ;194
G20627;Obervellach;1798;GRÜNE;45
G20627;Obervellach;1798;NEOS;33
G20627;Obervellach;1798;KPÖ;1
G20627;Obervellach;1798;EUROPA;6
G20630;Radenthein;4830;ÖVP;518
G20630;Radenthein;4830;SPÖ;563
G20630;Radenthein;4830;FPÖ;464
G20630;Radenthein;4830;GRÜNE;124
G20630;Radenthein;4830;NEOS;133
G20630;Radenthein;4830;KPÖ;10
G20630;Radenthein;4830;EUROPA;9
G20631;Rangersdorf;1356;ÖVP;140
G20631;Rangersdorf;1356;SPÖ;104
G20631;Rangersdorf;1356;FPÖ;187
G20631;Rangersdorf;1356;GRÜNE;22
G20631;Rangersdorf;1356;NEOS;15
G20631;Rangersdorf;1356;KPÖ;0
G20631;Rangersdorf;1356;EUROPA;2
G20632;Rennweg am Katschberg;1469;ÖVP;320
G20632;Rennweg am Katschberg;1469;SPÖ;168
G20632;Rennweg am Katschberg;1469;FPÖ;148
G20632;Rennweg am Katschberg;1469;GRÜNE;35
G20632;Rennweg am Katschberg;1469;NEOS;32
G20632;Rennweg am Katschberg;1469;KPÖ;1
G20632;Rennweg am Katschberg;1469;EUROPA;5
G20633;Sachsenburg;1032;ÖVP;122
G20633;Sachsenburg;1032;SPÖ;130
G20633;Sachsenburg;1032;FPÖ;108
G20633;Sachsenburg;1032;GRÜNE;26
G20633;Sachsenburg;1032;NEOS;33
G20633;Sachsenburg;1032;KPÖ;0
G20633;Sachsenburg;1032;EUROPA;5
G20634;Seeboden am Millstätter See;5211;ÖVP;799
G20634;Seeboden am Millstätter See;5211;SPÖ;423
G20634;Seeboden am Millstätter See;5211;FPÖ;528
G20634;Seeboden am Millstätter See;5211;GRÜNE;187
G20634;Seeboden am Millstätter See;5211;NEOS;188
G20634;Seeboden am Millstätter See;5211;KPÖ;7
G20634;Seeboden am Millstätter See;5211;EUROPA;15
G20635;Spittal an der Drau;11893;ÖVP;1435
G20635;Spittal an der Drau;11893;SPÖ;1596
G20635;Spittal an der Drau;11893;FPÖ;1205
G20635;Spittal an der Drau;11893;GRÜNE;460
G20635;Spittal an der Drau;11893;NEOS;394
G20635;Spittal an der Drau;11893;KPÖ;25
G20635;Spittal an der Drau;11893;EUROPA;54
G20636;Stall;1302;ÖVP;144
G20636;Stall;1302;SPÖ;98
G20636;Stall;1302;FPÖ;205
G20636;Stall;1302;GRÜNE;22
G20636;Stall;1302;NEOS;22
G20636;Stall;1302;KPÖ;2
G20636;Stall;1302;EUROPA;1
G20637;Steinfeld;1642;ÖVP;228
G20637;Steinfeld;1642;SPÖ;237
G20637;Steinfeld;1642;FPÖ;164
G20637;Steinfeld;1642;GRÜNE;44
G20637;Steinfeld;1642;NEOS;39
G20637;Steinfeld;1642;KPÖ;6
G20637;Steinfeld;1642;EUROPA;5
G20638;Trebesing;950;ÖVP;148
G20638;Trebesing;950;SPÖ;95
G20638;Trebesing;950;FPÖ;113
G20638;Trebesing;950;GRÜNE;19
G20638;Trebesing;950;NEOS;29
G20638;Trebesing;950;KPÖ;2
G20638;Trebesing;950;EUROPA;3
G20639;Weißensee;628;ÖVP;145
G20639;Weißensee;628;SPÖ;46
G20639;Weißensee;628;FPÖ;49
G20639;Weißensee;628;GRÜNE;32
G20639;Weißensee;628;NEOS;36
G20639;Weißensee;628;KPÖ;0
G20639;Weißensee;628;EUROPA;0
G20640;Winklern;1009;ÖVP;102
G20640;Winklern;1009;SPÖ;104
G20640;Winklern;1009;FPÖ;95
G20640;Winklern;1009;GRÜNE;11
G20640;Winklern;1009;NEOS;20
G20640;Winklern;1009;KPÖ;2
G20640;Winklern;1009;EUROPA;2
G20642;Krems in Kärnten;1442;ÖVP;182
G20642;Krems in Kärnten;1442;SPÖ;82
G20642;Krems in Kärnten;1442;FPÖ;129
G20642;Krems in Kärnten;1442;GRÜNE;19
G20642;Krems in Kärnten;1442;NEOS;28
G20642;Krems in Kärnten;1442;KPÖ;1
G20642;Krems in Kärnten;1442;EUROPA;3
G20643;Lurnfeld;2203;ÖVP;294
G20643;Lurnfeld;2203;SPÖ;251
G20643;Lurnfeld;2203;FPÖ;216
G20643;Lurnfeld;2203;GRÜNE;82
G20643;Lurnfeld;2203;NEOS;59
G20643;Lurnfeld;2203;KPÖ;0
G20643;Lurnfeld;2203;EUROPA;4
G20644;Reißeck;1773;ÖVP;228
G20644;Reißeck;1773;SPÖ;308
G20644;Reißeck;1773;FPÖ;191
G20644;Reißeck;1773;GRÜNE;59
G20644;Reißeck;1773;NEOS;48
G20644;Reißeck;1773;KPÖ;3
G20644;Reißeck;1773;EUROPA;3
G20699;Wahlkarten - Spittal an der Drau;0;ÖVP;1354
G20699;Wahlkarten - Spittal an der Drau;0;SPÖ;1395
G20699;Wahlkarten - Spittal an der Drau;0;FPÖ;858
G20699;Wahlkarten - Spittal an der Drau;0;GRÜNE;624
G20699;Wahlkarten - Spittal an der Drau;0;NEOS;400
G20699;Wahlkarten - Spittal an der Drau;0;KPÖ;33
G20699;Wahlkarten - Spittal an der Drau;0;EUROPA;41
G20701;Afritz am See;1211;ÖVP;103
G20701;Afritz am See;1211;SPÖ;212
G20701;Afritz am See;1211;FPÖ;143
G20701;Afritz am See;1211;GRÜNE;36
G20701;Afritz am See;1211;NEOS;41
G20701;Afritz am See;1211;KPÖ;2
G20701;Afritz am See;1211;EUROPA;3
G20702;Arnoldstein;5238;ÖVP;580
G20702;Arnoldstein;5238;SPÖ;921
G20702;Arnoldstein;5238;FPÖ;567
G20702;Arnoldstein;5238;GRÜNE;138
G20702;Arnoldstein;5238;NEOS;118
G20702;Arnoldstein;5238;KPÖ;16
G20702;Arnoldstein;5238;EUROPA;16
G20703;Arriach;1141;ÖVP;109
G20703;Arriach;1141;SPÖ;102
G20703;Arriach;1141;FPÖ;157
G20703;Arriach;1141;GRÜNE;23
G20703;Arriach;1141;NEOS;43
G20703;Arriach;1141;KPÖ;3
G20703;Arriach;1141;EUROPA;1
G20705;Bad Bleiberg;1803;ÖVP;134
G20705;Bad Bleiberg;1803;SPÖ;337
G20705;Bad Bleiberg;1803;FPÖ;158
G20705;Bad Bleiberg;1803;GRÜNE;49
G20705;Bad Bleiberg;1803;NEOS;47
G20705;Bad Bleiberg;1803;KPÖ;7
G20705;Bad Bleiberg;1803;EUROPA;5
G20707;Feistritz an der Gail;510;ÖVP;104
G20707;Feistritz an der Gail;510;SPÖ;67
G20707;Feistritz an der Gail;510;FPÖ;42
G20707;Feistritz an der Gail;510;GRÜNE;20
G20707;Feistritz an der Gail;510;NEOS;13
G20707;Feistritz an der Gail;510;KPÖ;1
G20707;Feistritz an der Gail;510;EUROPA;2
G20708;Feld am See;905;ÖVP;108
G20708;Feld am See;905;SPÖ;107
G20708;Feld am See;905;FPÖ;125
G20708;Feld am See;905;GRÜNE;24
G20708;Feld am See;905;NEOS;34
G20708;Feld am See;905;KPÖ;3
G20708;Feld am See;905;EUROPA;4
G20710;Ferndorf;1785;ÖVP;165
G20710;Ferndorf;1785;SPÖ;319
G20710;Ferndorf;1785;FPÖ;231
G20710;Ferndorf;1785;GRÜNE;59
G20710;Ferndorf;1785;NEOS;47
G20710;Ferndorf;1785;KPÖ;10
G20710;Ferndorf;1785;EUROPA;5
G20711;Finkenstein am Faaker See;7079;ÖVP;950
G20711;Finkenstein am Faaker See;7079;SPÖ;1102
G20711;Finkenstein am Faaker See;7079;FPÖ;652
G20711;Finkenstein am Faaker See;7079;GRÜNE;317
G20711;Finkenstein am Faaker See;7079;NEOS;279
G20711;Finkenstein am Faaker See;7079;KPÖ;20
G20711;Finkenstein am Faaker See;7079;EUROPA;28
G20712;Fresach;1035;ÖVP;103
G20712;Fresach;1035;SPÖ;151
G20712;Fresach;1035;FPÖ;130
G20712;Fresach;1035;GRÜNE;35
G20712;Fresach;1035;NEOS;34
G20712;Fresach;1035;KPÖ;2
G20712;Fresach;1035;EUROPA;4
G20713;Hohenthurn;653;ÖVP;116
G20713;Hohenthurn;653;SPÖ;110
G20713;Hohenthurn;653;FPÖ;48
G20713;Hohenthurn;653;GRÜNE;23
G20713;Hohenthurn;653;NEOS;15
G20713;Hohenthurn;653;KPÖ;1
G20713;Hohenthurn;653;EUROPA;6
G20719;Nötsch im Gailtal;1854;ÖVP;246
G20719;Nötsch im Gailtal;1854;SPÖ;302
G20719;Nötsch im Gailtal;1854;FPÖ;197
G20719;Nötsch im Gailtal;1854;GRÜNE;53
G20719;Nötsch im Gailtal;1854;NEOS;69
G20719;Nötsch im Gailtal;1854;KPÖ;5
G20719;Nötsch im Gailtal;1854;EUROPA;5
G20720;Paternion;4737;ÖVP;563
G20720;Paternion;4737;SPÖ;725
G20720;Paternion;4737;FPÖ;509
G20720;Paternion;4737;GRÜNE;177
G20720;Paternion;4737;NEOS;142
G20720;Paternion;4737;KPÖ;10
G20720;Paternion;4737;EUROPA;9
G20721;Rosegg;1519;ÖVP;181
G20721;Rosegg;1519;SPÖ;188
G20721;Rosegg;1519;FPÖ;186
G20721;Rosegg;1519;GRÜNE;67
G20721;Rosegg;1519;NEOS;54
G20721;Rosegg;1519;KPÖ;3
G20721;Rosegg;1519;EUROPA;8
G20722;St. Jakob im Rosental;3447;ÖVP;349
G20722;St. Jakob im Rosental;3447;SPÖ;664
G20722;St. Jakob im Rosental;3447;FPÖ;269
G20722;St. Jakob im Rosental;3447;GRÜNE;185
G20722;St. Jakob im Rosental;3447;NEOS;90
G20722;St. Jakob im Rosental;3447;KPÖ;10
G20722;St. Jakob im Rosental;3447;EUROPA;19
G20723;Stockenboi;1313;ÖVP;170
G20723;Stockenboi;1313;SPÖ;170
G20723;Stockenboi;1313;FPÖ;215
G20723;Stockenboi;1313;GRÜNE;33
G20723;Stockenboi;1313;NEOS;32
G20723;Stockenboi;1313;KPÖ;3
G20723;Stockenboi;1313;EUROPA;5
G20724;Treffen am Ossiacher See;3599;ÖVP;410
G20724;Treffen am Ossiacher See;3599;SPÖ;417
G20724;Treffen am Ossiacher See;3599;FPÖ;333
G20724;Treffen am Ossiacher See;3599;GRÜNE;157
G20724;Treffen am Ossiacher See;3599;NEOS;116
G20724;Treffen am Ossiacher See;3599;KPÖ;10
G20724;Treffen am Ossiacher See;3599;EUROPA;22
G20725;Velden am Wörther See;6928;ÖVP;959
G20725;Velden am Wörther See;6928;SPÖ;867
G20725;Velden am Wörther See;6928;FPÖ;626
G20725;Velden am Wörther See;6928;GRÜNE;269
G20725;Velden am Wörther See;6928;NEOS;254
G20725;Velden am Wörther See;6928;KPÖ;17
G20725;Velden am Wörther See;6928;EUROPA;38
G20726;Weißenstein;2438;ÖVP;250
G20726;Weißenstein;2438;SPÖ;460
G20726;Weißenstein;2438;FPÖ;316
G20726;Weißenstein;2438;GRÜNE;76
G20726;Weißenstein;2438;NEOS;85
G20726;Weißenstein;2438;KPÖ;10
G20726;Weißenstein;2438;EUROPA;14
G20727;Wernberg;4371;ÖVP;527
G20727;Wernberg;4371;SPÖ;614
G20727;Wernberg;4371;FPÖ;527
G20727;Wernberg;4371;GRÜNE;190
G20727;Wernberg;4371;NEOS;137
G20727;Wernberg;4371;KPÖ;12
G20727;Wernberg;4371;EUROPA;21
G20799;Wahlkarten - Villach-Land;0;ÖVP;836
G20799;Wahlkarten - Villach-Land;0;SPÖ;1227
G20799;Wahlkarten - Villach-Land;0;FPÖ;593
G20799;Wahlkarten - Villach-Land;0;GRÜNE;512
G20799;Wahlkarten - Villach-Land;0;NEOS;286
G20799;Wahlkarten - Villach-Land;0;KPÖ;27
G20799;Wahlkarten - Villach-Land;0;EUROPA;43
G20801;Bleiburg;3027;ÖVP;376
G20801;Bleiburg;3027;SPÖ;439
G20801;Bleiburg;3027;FPÖ;216
G20801;Bleiburg;3027;GRÜNE;137
G20801;Bleiburg;3027;NEOS;73
G20801;Bleiburg;3027;KPÖ;16
G20801;Bleiburg;3027;EUROPA;12
G20802;Diex;630;ÖVP;119
G20802;Diex;630;SPÖ;87
G20802;Diex;630;FPÖ;98
G20802;Diex;630;GRÜNE;16
G20802;Diex;630;NEOS;14
G20802;Diex;630;KPÖ;1
G20802;Diex;630;EUROPA;1
G20803;Eberndorf;4692;ÖVP;580
G20803;Eberndorf;4692;SPÖ;789
G20803;Eberndorf;4692;FPÖ;422
G20803;Eberndorf;4692;GRÜNE;157
G20803;Eberndorf;4692;NEOS;107
G20803;Eberndorf;4692;KPÖ;12
G20803;Eberndorf;4692;EUROPA;15
G20804;Eisenkappel-Vellach;1830;ÖVP;187
G20804;Eisenkappel-Vellach;1830;SPÖ;431
G20804;Eisenkappel-Vellach;1830;FPÖ;99
G20804;Eisenkappel-Vellach;1830;GRÜNE;78
G20804;Eisenkappel-Vellach;1830;NEOS;61
G20804;Eisenkappel-Vellach;1830;KPÖ;6
G20804;Eisenkappel-Vellach;1830;EUROPA;11
G20805;Feistritz ob Bleiburg;1704;ÖVP;171
G20805;Feistritz ob Bleiburg;1704;SPÖ;299
G20805;Feistritz ob Bleiburg;1704;FPÖ;115
G20805;Feistritz ob Bleiburg;1704;GRÜNE;127
G20805;Feistritz ob Bleiburg;1704;NEOS;37
G20805;Feistritz ob Bleiburg;1704;KPÖ;2
G20805;Feistritz ob Bleiburg;1704;EUROPA;8
G20806;Gallizien;1442;ÖVP;223
G20806;Gallizien;1442;SPÖ;219
G20806;Gallizien;1442;FPÖ;140
G20806;Gallizien;1442;GRÜNE;52
G20806;Gallizien;1442;NEOS;38
G20806;Gallizien;1442;KPÖ;1
G20806;Gallizien;1442;EUROPA;4
G20807;Globasnitz;1306;ÖVP;106
G20807;Globasnitz;1306;SPÖ;210
G20807;Globasnitz;1306;FPÖ;86
G20807;Globasnitz;1306;GRÜNE;82
G20807;Globasnitz;1306;NEOS;37
G20807;Globasnitz;1306;KPÖ;5
G20807;Globasnitz;1306;EUROPA;6
G20808;Griffen;2776;ÖVP;463
G20808;Griffen;2776;SPÖ;275
G20808;Griffen;2776;FPÖ;281
G20808;Griffen;2776;GRÜNE;67
G20808;Griffen;2776;NEOS;59
G20808;Griffen;2776;KPÖ;7
G20808;Griffen;2776;EUROPA;8
G20810;Neuhaus;884;ÖVP;120
G20810;Neuhaus;884;SPÖ;88
G20810;Neuhaus;884;FPÖ;89
G20810;Neuhaus;884;GRÜNE;17
G20810;Neuhaus;884;NEOS;13
G20810;Neuhaus;884;KPÖ;3
G20810;Neuhaus;884;EUROPA;3
G20812;Ruden;1240;ÖVP;159
G20812;Ruden;1240;SPÖ;194
G20812;Ruden;1240;FPÖ;113
G20812;Ruden;1240;GRÜNE;26
G20812;Ruden;1240;NEOS;30
G20812;Ruden;1240;KPÖ;3
G20812;Ruden;1240;EUROPA;2
G20813;St. Kanzian am Klopeiner See;3458;ÖVP;518
G20813;St. Kanzian am Klopeiner See;3458;SPÖ;423
G20813;St. Kanzian am Klopeiner See;3458;FPÖ;317
G20813;St. Kanzian am Klopeiner See;3458;GRÜNE;160
G20813;St. Kanzian am Klopeiner See;3458;NEOS;104
G20813;St. Kanzian am Klopeiner See;3458;KPÖ;7
G20813;St. Kanzian am Klopeiner See;3458;EUROPA;12
G20815;Sittersdorf;1649;ÖVP;168
G20815;Sittersdorf;1649;SPÖ;285
G20815;Sittersdorf;1649;FPÖ;113
G20815;Sittersdorf;1649;GRÜNE;81
G20815;Sittersdorf;1649;NEOS;55
G20815;Sittersdorf;1649;KPÖ;3
G20815;Sittersdorf;1649;EUROPA;4
G20817;Völkermarkt;8669;ÖVP;1186
G20817;Völkermarkt;8669;SPÖ;1324
G20817;Völkermarkt;8669;FPÖ;780
G20817;Völkermarkt;8669;GRÜNE;264
G20817;Völkermarkt;8669;NEOS;237
G20817;Völkermarkt;8669;KPÖ;17
G20817;Völkermarkt;8669;EUROPA;34
G20899;Wahlkarten - Völkermarkt;0;ÖVP;537
G20899;Wahlkarten - Völkermarkt;0;SPÖ;672
G20899;Wahlkarten - Völkermarkt;0;FPÖ;297
G20899;Wahlkarten - Völkermarkt;0;GRÜNE;288
G20899;Wahlkarten - Völkermarkt;0;NEOS;175
G20899;Wahlkarten - Völkermarkt;0;KPÖ;23
G20899;Wahlkarten - Völkermarkt;0;EUROPA;25
G20901;Bad St. Leonhard im Lavanttal;3598;ÖVP;528
G20901;Bad St. Leonhard im Lavanttal;3598;SPÖ;444
G20901;Bad St. Leonhard im Lavanttal;3598;FPÖ;291
G20901;Bad St. Leonhard im Lavanttal;3598;GRÜNE;80
G20901;Bad St. Leonhard im Lavanttal;3598;NEOS;80
G20901;Bad St. Leonhard im Lavanttal;3598;KPÖ;6
G20901;Bad St. Leonhard im Lavanttal;3598;EUROPA;7
G20905;Frantschach-St. Gertraud;2019;ÖVP;315
G20905;Frantschach-St. Gertraud;2019;SPÖ;272
G20905;Frantschach-St. Gertraud;2019;FPÖ;199
G20905;Frantschach-St. Gertraud;2019;GRÜNE;28
G20905;Frantschach-St. Gertraud;2019;NEOS;40
G20905;Frantschach-St. Gertraud;2019;KPÖ;1
G20905;Frantschach-St. Gertraud;2019;EUROPA;2
G20909;Lavamünd;2398;ÖVP;258
G20909;Lavamünd;2398;SPÖ;337
G20909;Lavamünd;2398;FPÖ;245
G20909;Lavamünd;2398;GRÜNE;28
G20909;Lavamünd;2398;NEOS;33
G20909;Lavamünd;2398;KPÖ;7
G20909;Lavamünd;2398;EUROPA;5
G20911;Preitenegg;782;ÖVP;193
G20911;Preitenegg;782;SPÖ;78
G20911;Preitenegg;782;FPÖ;117
G20911;Preitenegg;782;GRÜNE;10
G20911;Preitenegg;782;NEOS;15
G20911;Preitenegg;782;KPÖ;1
G20911;Preitenegg;782;EUROPA;2
G20912;Reichenfels;1494;ÖVP;228
G20912;Reichenfels;1494;SPÖ;150
G20912;Reichenfels;1494;FPÖ;160
G20912;Reichenfels;1494;GRÜNE;35
G20912;Reichenfels;1494;NEOS;33
G20912;Reichenfels;1494;KPÖ;0
G20912;Reichenfels;1494;EUROPA;0
G20913;St. Andrä;8264;ÖVP;902
G20913;St. Andrä;8264;SPÖ;990
G20913;St. Andrä;8264;FPÖ;995
G20913;St. Andrä;8264;GRÜNE;128
G20913;St. Andrä;8264;NEOS;184
G20913;St. Andrä;8264;KPÖ;25
G20913;St. Andrä;8264;EUROPA;30
G20914;St. Georgen im Lavanttal;1643;ÖVP;149
G20914;St. Georgen im Lavanttal;1643;SPÖ;167
G20914;St. Georgen im Lavanttal;1643;FPÖ;184
G20914;St. Georgen im Lavanttal;1643;GRÜNE;43
G20914;St. Georgen im Lavanttal;1643;NEOS;18
G20914;St. Georgen im Lavanttal;1643;KPÖ;1
G20914;St. Georgen im Lavanttal;1643;EUROPA;2
G20918;St. Paul im Lavanttal;2755;ÖVP;342
G20918;St. Paul im Lavanttal;2755;SPÖ;321
G20918;St. Paul im Lavanttal;2755;FPÖ;320
G20918;St. Paul im Lavanttal;2755;GRÜNE;70
G20918;St. Paul im Lavanttal;2755;NEOS;64
G20918;St. Paul im Lavanttal;2755;KPÖ;7
G20918;St. Paul im Lavanttal;2755;EUROPA;2
G20923;Wolfsberg;20170;ÖVP;2659
G20923;Wolfsberg;20170;SPÖ;2758
G20923;Wolfsberg;20170;FPÖ;2262
G20923;Wolfsberg;20170;GRÜNE;698
G20923;Wolfsberg;20170;NEOS;636
G20923;Wolfsberg;20170;KPÖ;63
G20923;Wolfsberg;20170;EUROPA;65
G20999;Wahlkarten - Wolfsberg;0;ÖVP;515
G20999;Wahlkarten - Wolfsberg;0;SPÖ;689
G20999;Wahlkarten - Wolfsberg;0;FPÖ;360
G20999;Wahlkarten - Wolfsberg;0;GRÜNE;253
G20999;Wahlkarten - Wolfsberg;0;NEOS;157
G20999;Wahlkarten - Wolfsberg;0;KPÖ;21
G20999;Wahlkarten - Wolfsberg;0;EUROPA;15
G21001;Albeck;790;ÖVP;117
G21001;Albeck;790;SPÖ;50
G21001;Albeck;790;FPÖ;135
G21001;Albeck;790;GRÜNE;18
G21001;Albeck;790;NEOS;10
G21001;Albeck;790;KPÖ;0
G21001;Albeck;790;EUROPA;2
G21002;Feldkirchen in Kärnten;11511;ÖVP;1185
G21002;Feldkirchen in Kärnten;11511;SPÖ;1190
G21002;Feldkirchen in Kärnten;11511;FPÖ;1123
G21002;Feldkirchen in Kärnten;11511;GRÜNE;367
G21002;Feldkirchen in Kärnten;11511;NEOS;314
G21002;Feldkirchen in Kärnten;11511;KPÖ;23
G21002;Feldkirchen in Kärnten;11511;EUROPA;62
G21003;Glanegg;1540;ÖVP;165
G21003;Glanegg;1540;SPÖ;250
G21003;Glanegg;1540;FPÖ;130
G21003;Glanegg;1540;GRÜNE;51
G21003;Glanegg;1540;NEOS;32
G21003;Glanegg;1540;KPÖ;3
G21003;Glanegg;1540;EUROPA;3
G21004;Gnesau;807;ÖVP;122
G21004;Gnesau;807;SPÖ;106
G21004;Gnesau;807;FPÖ;122
G21004;Gnesau;807;GRÜNE;20
G21004;Gnesau;807;NEOS;21
G21004;Gnesau;807;KPÖ;0
G21004;Gnesau;807;EUROPA;1
G21005;Himmelberg;1858;ÖVP;250
G21005;Himmelberg;1858;SPÖ;171
G21005;Himmelberg;1858;FPÖ;253
G21005;Himmelberg;1858;GRÜNE;35
G21005;Himmelberg;1858;NEOS;61
G21005;Himmelberg;1858;KPÖ;4
G21005;Himmelberg;1858;EUROPA;2
G21006;Ossiach;596;ÖVP;110
G21006;Ossiach;596;SPÖ;47
G21006;Ossiach;596;FPÖ;95
G21006;Ossiach;596;GRÜNE;43
G21006;Ossiach;596;NEOS;21
G21006;Ossiach;596;KPÖ;3
G21006;Ossiach;596;EUROPA;1
G21007;Reichenau;1458;ÖVP;189
G21007;Reichenau;1458;SPÖ;193
G21007;Reichenau;1458;FPÖ;129
G21007;Reichenau;1458;GRÜNE;13
G21007;Reichenau;1458;NEOS;30
G21007;Reichenau;1458;KPÖ;3
G21007;Reichenau;1458;EUROPA;5
G21008;St. Urban;1196;ÖVP;116
G21008;St. Urban;1196;SPÖ;123
G21008;St. Urban;1196;FPÖ;216
G21008;St. Urban;1196;GRÜNE;31
G21008;St. Urban;1196;NEOS;25
G21008;St. Urban;1196;KPÖ;3
G21008;St. Urban;1196;EUROPA;4
G21009;Steindorf am Ossiacher See;3008;ÖVP;377
G21009;Steindorf am Ossiacher See;3008;SPÖ;367
G21009;Steindorf am Ossiacher See;3008;FPÖ;345
G21009;Steindorf am Ossiacher See;3008;GRÜNE;123
G21009;Steindorf am Ossiacher See;3008;NEOS;131
G21009;Steindorf am Ossiacher See;3008;KPÖ;9
G21009;Steindorf am Ossiacher See;3008;EUROPA;13
G21010;Steuerberg;1324;ÖVP;173
G21010;Steuerberg;1324;SPÖ;110
G21010;Steuerberg;1324;FPÖ;126
G21010;Steuerberg;1324;GRÜNE;19
G21010;Steuerberg;1324;NEOS;43
G21010;Steuerberg;1324;KPÖ;4
G21010;Steuerberg;1324;EUROPA;4
G21099;Wahlkarten - Feldkirchen;0;ÖVP;438
G21099;Wahlkarten - Feldkirchen;0;SPÖ;525
G21099;Wahlkarten - Feldkirchen;0;FPÖ;286
G21099;Wahlkarten - Feldkirchen;0;GRÜNE;199
G21099;Wahlkarten - Feldkirchen;0;NEOS;127
G21099;Wahlkarten - Feldkirchen;0;KPÖ;13
G21099;Wahlkarten - Feldkirchen;0;EUROPA;23
G3A099;Wahlkarten - Weinviertel;0;ÖVP;0
G3A099;Wahlkarten - Weinviertel;0;SPÖ;0
G3A099;Wahlkarten - Weinviertel;0;FPÖ;0
G3A099;Wahlkarten - Weinviertel;0;GRÜNE;0
G3A099;Wahlkarten - Weinviertel;0;NEOS;0
G3A099;Wahlkarten - Weinviertel;0;KPÖ;0
G3A099;Wahlkarten - Weinviertel;0;EUROPA;0
G3B099;Wahlkarten - Waldviertel;0;ÖVP;0
G3B099;Wahlkarten - Waldviertel;0;SPÖ;0
G3B099;Wahlkarten - Waldviertel;0;FPÖ;0
G3B099;Wahlkarten - Waldviertel;0;GRÜNE;0
G3B099;Wahlkarten - Waldviertel;0;NEOS;0
G3B099;Wahlkarten - Waldviertel;0;KPÖ;0
G3B099;Wahlkarten - Waldviertel;0;EUROPA;0
G3C099;Wahlkarten - Mostviertel;0;ÖVP;0
G3C099;Wahlkarten - Mostviertel;0;SPÖ;0
G3C099;Wahlkarten - Mostviertel;0;FPÖ;0
G3C099;Wahlkarten - Mostviertel;0;GRÜNE;0
G3C099;Wahlkarten - Mostviertel;0;NEOS;0
G3C099;Wahlkarten - Mostviertel;0;KPÖ;0
G3C099;Wahlkarten - Mostviertel;0;EUROPA;0
G3D099;Wahlkarten - Niederösterreich Mitte;0;ÖVP;0
G3D099;Wahlkarten - Niederösterreich Mitte;0;SPÖ;0
G3D099;Wahlkarten - Niederösterreich Mitte;0;FPÖ;0
G3D099;Wahlkarten - Niederösterreich Mitte;0;GRÜNE;0
G3D099;Wahlkarten - Niederösterreich Mitte;0;NEOS;0
G3D099;Wahlkarten - Niederösterreich Mitte;0;KPÖ;0
G3D099;Wahlkarten - Niederösterreich Mitte;0;EUROPA;0
G3E099;Wahlkarten - Niederösterreich Süd;0;ÖVP;0
G3E099;Wahlkarten - Niederösterreich Süd;0;SPÖ;0
G3E099;Wahlkarten - Niederösterreich Süd;0;FPÖ;0
G3E099;Wahlkarten - Niederösterreich Süd;0;GRÜNE;0
G3E099;Wahlkarten - Niederösterreich Süd;0;NEOS;0
G3E099;Wahlkarten - Niederösterreich Süd;0;KPÖ;0
G3E099;Wahlkarten - Niederösterreich Süd;0;EUROPA;0
G3F099;Wahlkarten - Thermenregion;0;ÖVP;0
G3F099;Wahlkarten - Thermenregion;0;SPÖ;0
G3F099;Wahlkarten - Thermenregion;0;FPÖ;0
G3F099;Wahlkarten - Thermenregion;0;GRÜNE;0
G3F099;Wahlkarten - Thermenregion;0;NEOS;0
G3F099;Wahlkarten - Thermenregion;0;KPÖ;0
G3F099;Wahlkarten - Thermenregion;0;EUROPA;0
G3G099;Wahlkarten - Niederösterreich Ost;0;ÖVP;0
G3G099;Wahlkarten - Niederösterreich Ost;0;SPÖ;0
G3G099;Wahlkarten - Niederösterreich Ost;0;FPÖ;0
G3G099;Wahlkarten - Niederösterreich Ost;0;GRÜNE;0
G3G099;Wahlkarten - Niederösterreich Ost;0;NEOS;0
G3G099;Wahlkarten - Niederösterreich Ost;0;KPÖ;0
G3G099;Wahlkarten - Niederösterreich Ost;0;EUROPA;0
G30101;Krems an der Donau;18105;ÖVP;3622
G30101;Krems an der Donau;18105;SPÖ;2376
G30101;Krems an der Donau;18105;FPÖ;1708
G30101;Krems an der Donau;18105;GRÜNE;1185
G30101;Krems an der Donau;18105;NEOS;827
G30101;Krems an der Donau;18105;KPÖ;84
G30101;Krems an der Donau;18105;EUROPA;100
G30199;Wahlkarten - Krems an der Donau Stadt;0;ÖVP;481
G30199;Wahlkarten - Krems an der Donau Stadt;0;SPÖ;377
G30199;Wahlkarten - Krems an der Donau Stadt;0;FPÖ;161
G30199;Wahlkarten - Krems an der Donau Stadt;0;GRÜNE;291
G30199;Wahlkarten - Krems an der Donau Stadt;0;NEOS;167
G30199;Wahlkarten - Krems an der Donau Stadt;0;KPÖ;11
G30199;Wahlkarten - Krems an der Donau Stadt;0;EUROPA;23
G30201;St. Pölten;39531;ÖVP;6181
G30201;St. Pölten;39531;SPÖ;7141
G30201;St. Pölten;39531;FPÖ;3715
G30201;St. Pölten;39531;GRÜNE;2558
G30201;St. Pölten;39531;NEOS;1663
G30201;St. Pölten;39531;KPÖ;219
G30201;St. Pölten;39531;EUROPA;195
G30299;Wahlkarten - Sankt Pölten Stadt;0;ÖVP;784
G30299;Wahlkarten - Sankt Pölten Stadt;0;SPÖ;1073
G30299;Wahlkarten - Sankt Pölten Stadt;0;FPÖ;351
G30299;Wahlkarten - Sankt Pölten Stadt;0;GRÜNE;463
G30299;Wahlkarten - Sankt Pölten Stadt;0;NEOS;287
G30299;Wahlkarten - Sankt Pölten Stadt;0;KPÖ;19
G30299;Wahlkarten - Sankt Pölten Stadt;0;EUROPA;31
G30301;Waidhofen an der Ybbs;8943;ÖVP;2336
G30301;Waidhofen an der Ybbs;8943;SPÖ;943
G30301;Waidhofen an der Ybbs;8943;FPÖ;695
G30301;Waidhofen an der Ybbs;8943;GRÜNE;592
G30301;Waidhofen an der Ybbs;8943;NEOS;384
G30301;Waidhofen an der Ybbs;8943;KPÖ;29
G30301;Waidhofen an der Ybbs;8943;EUROPA;38
G30399;Wahlkarten - Waidhofen an der Ybbs Stadt;0;ÖVP;294
G30399;Wahlkarten - Waidhofen an der Ybbs Stadt;0;SPÖ;227
G30399;Wahlkarten - Waidhofen an der Ybbs Stadt;0;FPÖ;80
G30399;Wahlkarten - Waidhofen an der Ybbs Stadt;0;GRÜNE;183
G30399;Wahlkarten - Waidhofen an der Ybbs Stadt;0;NEOS;107
G30399;Wahlkarten - Waidhofen an der Ybbs Stadt;0;KPÖ;4
G30399;Wahlkarten - Waidhofen an der Ybbs Stadt;0;EUROPA;9
G30401;Wiener Neustadt;31475;ÖVP;4337
G30401;Wiener Neustadt;31475;SPÖ;4374
G30401;Wiener Neustadt;31475;FPÖ;3549
G30401;Wiener Neustadt;31475;GRÜNE;1695
G30401;Wiener Neustadt;31475;NEOS;1371
G30401;Wiener Neustadt;31475;KPÖ;129
G30401;Wiener Neustadt;31475;EUROPA;170
G30499;Wahlkarten - Wiener Neustadt Stadt;0;ÖVP;617
G30499;Wahlkarten - Wiener Neustadt Stadt;0;SPÖ;609
G30499;Wahlkarten - Wiener Neustadt Stadt;0;FPÖ;339
G30499;Wahlkarten - Wiener Neustadt Stadt;0;GRÜNE;314
G30499;Wahlkarten - Wiener Neustadt Stadt;0;NEOS;190
G30499;Wahlkarten - Wiener Neustadt Stadt;0;KPÖ;17
G30499;Wahlkarten - Wiener Neustadt Stadt;0;EUROPA;21
G30501;Allhartsberg;1716;ÖVP;593
G30501;Allhartsberg;1716;SPÖ;204
G30501;Allhartsberg;1716;FPÖ;180
G30501;Allhartsberg;1716;GRÜNE;96
G30501;Allhartsberg;1716;NEOS;68
G30501;Allhartsberg;1716;KPÖ;2
G30501;Allhartsberg;1716;EUROPA;5
G30502;Amstetten;17382;ÖVP;3127
G30502;Amstetten;17382;SPÖ;2681
G30502;Amstetten;17382;FPÖ;2063
G30502;Amstetten;17382;GRÜNE;995
G30502;Amstetten;17382;NEOS;704
G30502;Amstetten;17382;KPÖ;61
G30502;Amstetten;17382;EUROPA;91
G30503;Ardagger;2813;ÖVP;954
G30503;Ardagger;2813;SPÖ;218
G30503;Ardagger;2813;FPÖ;346
G30503;Ardagger;2813;GRÜNE;137
G30503;Ardagger;2813;NEOS;122
G30503;Ardagger;2813;KPÖ;10
G30503;Ardagger;2813;EUROPA;21
G30504;Aschbach-Markt;2922;ÖVP;809
G30504;Aschbach-Markt;2922;SPÖ;228
G30504;Aschbach-Markt;2922;FPÖ;299
G30504;Aschbach-Markt;2922;GRÜNE;118
G30504;Aschbach-Markt;2922;NEOS;105
G30504;Aschbach-Markt;2922;KPÖ;9
G30504;Aschbach-Markt;2922;EUROPA;16
G30506;Behamberg;2677;ÖVP;761
G30506;Behamberg;2677;SPÖ;359
G30506;Behamberg;2677;FPÖ;338
G30506;Behamberg;2677;GRÜNE;182
G30506;Behamberg;2677;NEOS;91
G30506;Behamberg;2677;KPÖ;5
G30506;Behamberg;2677;EUROPA;15
G30507;Biberbach;1822;ÖVP;677
G30507;Biberbach;1822;SPÖ;162
G30507;Biberbach;1822;FPÖ;190
G30507;Biberbach;1822;GRÜNE;99
G30507;Biberbach;1822;NEOS;70
G30507;Biberbach;1822;KPÖ;6
G30507;Biberbach;1822;EUROPA;13
G30508;Ennsdorf;2272;ÖVP;299
G30508;Ennsdorf;2272;SPÖ;526
G30508;Ennsdorf;2272;FPÖ;250
G30508;Ennsdorf;2272;GRÜNE;120
G30508;Ennsdorf;2272;NEOS;77
G30508;Ennsdorf;2272;KPÖ;6
G30508;Ennsdorf;2272;EUROPA;10
G30509;Ernsthofen;1854;ÖVP;420
G30509;Ernsthofen;1854;SPÖ;329
G30509;Ernsthofen;1854;FPÖ;143
G30509;Ernsthofen;1854;GRÜNE;83
G30509;Ernsthofen;1854;NEOS;58
G30509;Ernsthofen;1854;KPÖ;11
G30509;Ernsthofen;1854;EUROPA;6
G30510;Ertl;1020;ÖVP;360
G30510;Ertl;1020;SPÖ;32
G30510;Ertl;1020;FPÖ;131
G30510;Ertl;1020;GRÜNE;37
G30510;Ertl;1020;NEOS;20
G30510;Ertl;1020;KPÖ;0
G30510;Ertl;1020;EUROPA;4
G30511;Euratsfeld;2112;ÖVP;853
G30511;Euratsfeld;2112;SPÖ;136
G30511;Euratsfeld;2112;FPÖ;250
G30511;Euratsfeld;2112;GRÜNE;109
G30511;Euratsfeld;2112;NEOS;110
G30511;Euratsfeld;2112;KPÖ;5
G30511;Euratsfeld;2112;EUROPA;5
G30512;Ferschnitz;1453;ÖVP;507
G30512;Ferschnitz;1453;SPÖ;114
G30512;Ferschnitz;1453;FPÖ;179
G30512;Ferschnitz;1453;GRÜNE;90
G30512;Ferschnitz;1453;NEOS;56
G30512;Ferschnitz;1453;KPÖ;5
G30512;Ferschnitz;1453;EUROPA;7
G30514;Haag;4478;ÖVP;1159
G30514;Haag;4478;SPÖ;538
G30514;Haag;4478;FPÖ;382
G30514;Haag;4478;GRÜNE;257
G30514;Haag;4478;NEOS;162
G30514;Haag;4478;KPÖ;22
G30514;Haag;4478;EUROPA;17
G30515;Haidershofen;2960;ÖVP;761
G30515;Haidershofen;2960;SPÖ;466
G30515;Haidershofen;2960;FPÖ;337
G30515;Haidershofen;2960;GRÜNE;173
G30515;Haidershofen;2960;NEOS;110
G30515;Haidershofen;2960;KPÖ;16
G30515;Haidershofen;2960;EUROPA;9
G30516;Hollenstein an der Ybbs;1353;ÖVP;432
G30516;Hollenstein an der Ybbs;1353;SPÖ;228
G30516;Hollenstein an der Ybbs;1353;FPÖ;90
G30516;Hollenstein an der Ybbs;1353;GRÜNE;45
G30516;Hollenstein an der Ybbs;1353;NEOS;43
G30516;Hollenstein an der Ybbs;1353;KPÖ;1
G30516;Hollenstein an der Ybbs;1353;EUROPA;3
G30517;Kematen an der Ybbs;1920;ÖVP;364
G30517;Kematen an der Ybbs;1920;SPÖ;396
G30517;Kematen an der Ybbs;1920;FPÖ;218
G30517;Kematen an der Ybbs;1920;GRÜNE;94
G30517;Kematen an der Ybbs;1920;NEOS;45
G30517;Kematen an der Ybbs;1920;KPÖ;9
G30517;Kematen an der Ybbs;1920;EUROPA;11
G30520;Neuhofen an der Ybbs;2304;ÖVP;687
G30520;Neuhofen an der Ybbs;2304;SPÖ;149
G30520;Neuhofen an der Ybbs;2304;FPÖ;264
G30520;Neuhofen an der Ybbs;2304;GRÜNE;102
G30520;Neuhofen an der Ybbs;2304;NEOS;102
G30520;Neuhofen an der Ybbs;2304;KPÖ;9
G30520;Neuhofen an der Ybbs;2304;EUROPA;8
G30521;Neustadtl an der Donau;1728;ÖVP;662
G30521;Neustadtl an der Donau;1728;SPÖ;184
G30521;Neustadtl an der Donau;1728;FPÖ;213
G30521;Neustadtl an der Donau;1728;GRÜNE;46
G30521;Neustadtl an der Donau;1728;NEOS;49
G30521;Neustadtl an der Donau;1728;KPÖ;1
G30521;Neustadtl an der Donau;1728;EUROPA;6
G30522;Oed-Oehling;1511;ÖVP;421
G30522;Oed-Oehling;1511;SPÖ;109
G30522;Oed-Oehling;1511;FPÖ;162
G30522;Oed-Oehling;1511;GRÜNE;105
G30522;Oed-Oehling;1511;NEOS;44
G30522;Oed-Oehling;1511;KPÖ;1
G30522;Oed-Oehling;1511;EUROPA;7
G30524;Opponitz;699;ÖVP;240
G30524;Opponitz;699;SPÖ;91
G30524;Opponitz;699;FPÖ;47
G30524;Opponitz;699;GRÜNE;22
G30524;Opponitz;699;NEOS;25
G30524;Opponitz;699;KPÖ;2
G30524;Opponitz;699;EUROPA;2
G30526;St. Georgen am Reith;444;ÖVP;119
G30526;St. Georgen am Reith;444;SPÖ;52
G30526;St. Georgen am Reith;444;FPÖ;48
G30526;St. Georgen am Reith;444;GRÜNE;22
G30526;St. Georgen am Reith;444;NEOS;14
G30526;St. Georgen am Reith;444;KPÖ;1
G30526;St. Georgen am Reith;444;EUROPA;2
G30527;St. Georgen am Ybbsfelde;2253;ÖVP;686
G30527;St. Georgen am Ybbsfelde;2253;SPÖ;202
G30527;St. Georgen am Ybbsfelde;2253;FPÖ;262
G30527;St. Georgen am Ybbsfelde;2253;GRÜNE;104
G30527;St. Georgen am Ybbsfelde;2253;NEOS;72
G30527;St. Georgen am Ybbsfelde;2253;KPÖ;7
G30527;St. Georgen am Ybbsfelde;2253;EUROPA;12
G30529;St. Pantaleon-Erla;2108;ÖVP;407
G30529;St. Pantaleon-Erla;2108;SPÖ;399
G30529;St. Pantaleon-Erla;2108;FPÖ;213
G30529;St. Pantaleon-Erla;2108;GRÜNE;124
G30529;St. Pantaleon-Erla;2108;NEOS;85
G30529;St. Pantaleon-Erla;2108;KPÖ;8
G30529;St. Pantaleon-Erla;2108;EUROPA;8
G30530;St. Peter in der Au;4108;ÖVP;1267
G30530;St. Peter in der Au;4108;SPÖ;327
G30530;St. Peter in der Au;4108;FPÖ;430
G30530;St. Peter in der Au;4108;GRÜNE;230
G30530;St. Peter in der Au;4108;NEOS;143
G30530;St. Peter in der Au;4108;KPÖ;10
G30530;St. Peter in der Au;4108;EUROPA;11
G30531;St. Valentin;7465;ÖVP;1173
G30531;St. Valentin;7465;SPÖ;1551
G30531;St. Valentin;7465;FPÖ;729
G30531;St. Valentin;7465;GRÜNE;438
G30531;St. Valentin;7465;NEOS;344
G30531;St. Valentin;7465;KPÖ;32
G30531;St. Valentin;7465;EUROPA;39
G30532;Seitenstetten;2670;ÖVP;783
G30532;Seitenstetten;2670;SPÖ;239
G30532;Seitenstetten;2670;FPÖ;328
G30532;Seitenstetten;2670;GRÜNE;194
G30532;Seitenstetten;2670;NEOS;121
G30532;Seitenstetten;2670;KPÖ;13
G30532;Seitenstetten;2670;EUROPA;18
G30533;Sonntagberg;3092;ÖVP;599
G30533;Sonntagberg;3092;SPÖ;611
G30533;Sonntagberg;3092;FPÖ;275
G30533;Sonntagberg;3092;GRÜNE;148
G30533;Sonntagberg;3092;NEOS;135
G30533;Sonntagberg;3092;KPÖ;5
G30533;Sonntagberg;3092;EUROPA;15
G30534;Strengberg;1635;ÖVP;476
G30534;Strengberg;1635;SPÖ;203
G30534;Strengberg;1635;FPÖ;141
G30534;Strengberg;1635;GRÜNE;67
G30534;Strengberg;1635;NEOS;58
G30534;Strengberg;1635;KPÖ;0
G30534;Strengberg;1635;EUROPA;12
G30536;Viehdorf;1107;ÖVP;404
G30536;Viehdorf;1107;SPÖ;78
G30536;Viehdorf;1107;FPÖ;131
G30536;Viehdorf;1107;GRÜNE;32
G30536;Viehdorf;1107;NEOS;41
G30536;Viehdorf;1107;KPÖ;1
G30536;Viehdorf;1107;EUROPA;6
G30538;Wallsee-Sindelburg;1714;ÖVP;457
G30538;Wallsee-Sindelburg;1714;SPÖ;158
G30538;Wallsee-Sindelburg;1714;FPÖ;149
G30538;Wallsee-Sindelburg;1714;GRÜNE;74
G30538;Wallsee-Sindelburg;1714;NEOS;71
G30538;Wallsee-Sindelburg;1714;KPÖ;6
G30538;Wallsee-Sindelburg;1714;EUROPA;5
G30539;Weistrach;1839;ÖVP;649
G30539;Weistrach;1839;SPÖ;132
G30539;Weistrach;1839;FPÖ;192
G30539;Weistrach;1839;GRÜNE;95
G30539;Weistrach;1839;NEOS;56
G30539;Weistrach;1839;KPÖ;2
G30539;Weistrach;1839;EUROPA;4
G30541;Winklarn;1377;ÖVP;352
G30541;Winklarn;1377;SPÖ;137
G30541;Winklarn;1377;FPÖ;161
G30541;Winklarn;1377;GRÜNE;84
G30541;Winklarn;1377;NEOS;68
G30541;Winklarn;1377;KPÖ;7
G30541;Winklarn;1377;EUROPA;8
G30542;Wolfsbach;1583;ÖVP;589
G30542;Wolfsbach;1583;SPÖ;110
G30542;Wolfsbach;1583;FPÖ;136
G30542;Wolfsbach;1583;GRÜNE;54
G30542;Wolfsbach;1583;NEOS;50
G30542;Wolfsbach;1583;KPÖ;2
G30542;Wolfsbach;1583;EUROPA;4
G30543;Ybbsitz;2814;ÖVP;1007
G30543;Ybbsitz;2814;SPÖ;222
G30543;Ybbsitz;2814;FPÖ;272
G30543;Ybbsitz;2814;GRÜNE;154
G30543;Ybbsitz;2814;NEOS;122
G30543;Ybbsitz;2814;KPÖ;8
G30543;Ybbsitz;2814;EUROPA;5
G30544;Zeillern;1483;ÖVP;497
G30544;Zeillern;1483;SPÖ;101
G30544;Zeillern;1483;FPÖ;193
G30544;Zeillern;1483;GRÜNE;54
G30544;Zeillern;1483;NEOS;50
G30544;Zeillern;1483;KPÖ;9
G30544;Zeillern;1483;EUROPA;6
G30599;Wahlkarten - Amstetten;0;ÖVP;2576
G30599;Wahlkarten - Amstetten;0;SPÖ;1761
G30599;Wahlkarten - Amstetten;0;FPÖ;824
G30599;Wahlkarten - Amstetten;0;GRÜNE;1053
G30599;Wahlkarten - Amstetten;0;NEOS;575
G30599;Wahlkarten - Amstetten;0;KPÖ;44
G30599;Wahlkarten - Amstetten;0;EUROPA;69
G30601;Alland;1990;ÖVP;423
G30601;Alland;1990;SPÖ;171
G30601;Alland;1990;FPÖ;217
G30601;Alland;1990;GRÜNE;119
G30601;Alland;1990;NEOS;99
G30601;Alland;1990;KPÖ;6
G30601;Alland;1990;EUROPA;9
G30602;Altenmarkt an der Triesting;1542;ÖVP;476
G30602;Altenmarkt an der Triesting;1542;SPÖ;151
G30602;Altenmarkt an der Triesting;1542;FPÖ;196
G30602;Altenmarkt an der Triesting;1542;GRÜNE;63
G30602;Altenmarkt an der Triesting;1542;NEOS;52
G30602;Altenmarkt an der Triesting;1542;KPÖ;8
G30602;Altenmarkt an der Triesting;1542;EUROPA;11
G30603;Bad Vöslau;8799;ÖVP;1586
G30603;Bad Vöslau;8799;SPÖ;1316
G30603;Bad Vöslau;8799;FPÖ;821
G30603;Bad Vöslau;8799;GRÜNE;725
G30603;Bad Vöslau;8799;NEOS;525
G30603;Bad Vöslau;8799;KPÖ;35
G30603;Bad Vöslau;8799;EUROPA;72
G30604;Baden;19026;ÖVP;3932
G30604;Baden;19026;SPÖ;2024
G30604;Baden;19026;FPÖ;1571
G30604;Baden;19026;GRÜNE;1893
G30604;Baden;19026;NEOS;1312
G30604;Baden;19026;KPÖ;61
G30604;Baden;19026;EUROPA;143
G30605;Berndorf;6446;ÖVP;932
G30605;Berndorf;6446;SPÖ;1113
G30605;Berndorf;6446;FPÖ;735
G30605;Berndorf;6446;GRÜNE;347
G30605;Berndorf;6446;NEOS;263
G30605;Berndorf;6446;KPÖ;27
G30605;Berndorf;6446;EUROPA;46
G30607;Ebreichsdorf;8159;ÖVP;1243
G30607;Ebreichsdorf;8159;SPÖ;1135
G30607;Ebreichsdorf;8159;FPÖ;1098
G30607;Ebreichsdorf;8159;GRÜNE;383
G30607;Ebreichsdorf;8159;NEOS;351
G30607;Ebreichsdorf;8159;KPÖ;25
G30607;Ebreichsdorf;8159;EUROPA;41
G30608;Enzesfeld-Lindabrunn;3317;ÖVP;580
G30608;Enzesfeld-Lindabrunn;3317;SPÖ;547
G30608;Enzesfeld-Lindabrunn;3317;FPÖ;423
G30608;Enzesfeld-Lindabrunn;3317;GRÜNE;175
G30608;Enzesfeld-Lindabrunn;3317;NEOS;170
G30608;Enzesfeld-Lindabrunn;3317;KPÖ;14
G30608;Enzesfeld-Lindabrunn;3317;EUROPA;30
G30609;Furth an der Triesting;680;ÖVP;264
G30609;Furth an der Triesting;680;SPÖ;39
G30609;Furth an der Triesting;680;FPÖ;74
G30609;Furth an der Triesting;680;GRÜNE;28
G30609;Furth an der Triesting;680;NEOS;26
G30609;Furth an der Triesting;680;KPÖ;9
G30609;Furth an der Triesting;680;EUROPA;2
G30612;Günselsdorf;1308;ÖVP;198
G30612;Günselsdorf;1308;SPÖ;250
G30612;Günselsdorf;1308;FPÖ;156
G30612;Günselsdorf;1308;GRÜNE;38
G30612;Günselsdorf;1308;NEOS;47
G30612;Günselsdorf;1308;KPÖ;5
G30612;Günselsdorf;1308;EUROPA;4
G30613;Heiligenkreuz;1138;ÖVP;298
G30613;Heiligenkreuz;1138;SPÖ;99
G30613;Heiligenkreuz;1138;FPÖ;124
G30613;Heiligenkreuz;1138;GRÜNE;76
G30613;Heiligenkreuz;1138;NEOS;80
G30613;Heiligenkreuz;1138;KPÖ;6
G30613;Heiligenkreuz;1138;EUROPA;1
G30614;Hernstein;1278;ÖVP;425
G30614;Hernstein;1278;SPÖ;183
G30614;Hernstein;1278;FPÖ;153
G30614;Hernstein;1278;GRÜNE;53
G30614;Hernstein;1278;NEOS;80
G30614;Hernstein;1278;KPÖ;3
G30614;Hernstein;1278;EUROPA;8
G30615;Hirtenberg;1643;ÖVP;187
G30615;Hirtenberg;1643;SPÖ;315
G30615;Hirtenberg;1643;FPÖ;212
G30615;Hirtenberg;1643;GRÜNE;70
G30615;Hirtenberg;1643;NEOS;62
G30615;Hirtenberg;1643;KPÖ;6
G30615;Hirtenberg;1643;EUROPA;7
G30616;Klausen-Leopoldsdorf;1362;ÖVP;266
G30616;Klausen-Leopoldsdorf;1362;SPÖ;133
G30616;Klausen-Leopoldsdorf;1362;FPÖ;162
G30616;Klausen-Leopoldsdorf;1362;GRÜNE;73
G30616;Klausen-Leopoldsdorf;1362;NEOS;67
G30616;Klausen-Leopoldsdorf;1362;KPÖ;2
G30616;Klausen-Leopoldsdorf;1362;EUROPA;6
G30618;Kottingbrunn;5641;ÖVP;946
G30618;Kottingbrunn;5641;SPÖ;856
G30618;Kottingbrunn;5641;FPÖ;643
G30618;Kottingbrunn;5641;GRÜNE;318
G30618;Kottingbrunn;5641;NEOS;297
G30618;Kottingbrunn;5641;KPÖ;27
G30618;Kottingbrunn;5641;EUROPA;27
G30620;Leobersdorf;3559;ÖVP;579
G30620;Leobersdorf;3559;SPÖ;487
G30620;Leobersdorf;3559;FPÖ;422
G30620;Leobersdorf;3559;GRÜNE;170
G30620;Leobersdorf;3559;NEOS;166
G30620;Leobersdorf;3559;KPÖ;17
G30620;Leobersdorf;3559;EUROPA;24
G30621;Mitterndorf an der Fischa;1964;ÖVP;213
G30621;Mitterndorf an der Fischa;1964;SPÖ;316
G30621;Mitterndorf an der Fischa;1964;FPÖ;303
G30621;Mitterndorf an der Fischa;1964;GRÜNE;50
G30621;Mitterndorf an der Fischa;1964;NEOS;50
G30621;Mitterndorf an der Fischa;1964;KPÖ;7
G30621;Mitterndorf an der Fischa;1964;EUROPA;11
G30623;Oberwaltersdorf;3426;ÖVP;674
G30623;Oberwaltersdorf;3426;SPÖ;421
G30623;Oberwaltersdorf;3426;FPÖ;365
G30623;Oberwaltersdorf;3426;GRÜNE;193
G30623;Oberwaltersdorf;3426;NEOS;221
G30623;Oberwaltersdorf;3426;KPÖ;17
G30623;Oberwaltersdorf;3426;EUROPA;14
G30625;Pfaffstätten;2662;ÖVP;634
G30625;Pfaffstätten;2662;SPÖ;324
G30625;Pfaffstätten;2662;FPÖ;226
G30625;Pfaffstätten;2662;GRÜNE;282
G30625;Pfaffstätten;2662;NEOS;187
G30625;Pfaffstätten;2662;KPÖ;9
G30625;Pfaffstätten;2662;EUROPA;16
G30626;Pottendorf;5266;ÖVP;837
G30626;Pottendorf;5266;SPÖ;789
G30626;Pottendorf;5266;FPÖ;689
G30626;Pottendorf;5266;GRÜNE;242
G30626;Pottendorf;5266;NEOS;214
G30626;Pottendorf;5266;KPÖ;11
G30626;Pottendorf;5266;EUROPA;16
G30627;Pottenstein;2170;ÖVP;403
G30627;Pottenstein;2170;SPÖ;368
G30627;Pottenstein;2170;FPÖ;233
G30627;Pottenstein;2170;GRÜNE;133
G30627;Pottenstein;2170;NEOS;74
G30627;Pottenstein;2170;KPÖ;6
G30627;Pottenstein;2170;EUROPA;14
G30629;Reisenberg;1302;ÖVP;300
G30629;Reisenberg;1302;SPÖ;231
G30629;Reisenberg;1302;FPÖ;198
G30629;Reisenberg;1302;GRÜNE;46
G30629;Reisenberg;1302;NEOS;43
G30629;Reisenberg;1302;KPÖ;3
G30629;Reisenberg;1302;EUROPA;6
G30631;Schönau an der Triesting;1603;ÖVP;291
G30631;Schönau an der Triesting;1603;SPÖ;253
G30631;Schönau an der Triesting;1603;FPÖ;183
G30631;Schönau an der Triesting;1603;GRÜNE;85
G30631;Schönau an der Triesting;1603;NEOS;74
G30631;Schönau an der Triesting;1603;KPÖ;6
G30631;Schönau an der Triesting;1603;EUROPA;9
G30633;Seibersdorf;1205;ÖVP;342
G30633;Seibersdorf;1205;SPÖ;144
G30633;Seibersdorf;1205;FPÖ;154
G30633;Seibersdorf;1205;GRÜNE;40
G30633;Seibersdorf;1205;NEOS;36
G30633;Seibersdorf;1205;KPÖ;2
G30633;Seibersdorf;1205;EUROPA;2
G30635;Sooß;785;ÖVP;214
G30635;Sooß;785;SPÖ;77
G30635;Sooß;785;FPÖ;78
G30635;Sooß;785;GRÜNE;64
G30635;Sooß;785;NEOS;46
G30635;Sooß;785;KPÖ;2
G30635;Sooß;785;EUROPA;4
G30636;Tattendorf;1083;ÖVP;278
G30636;Tattendorf;1083;SPÖ;148
G30636;Tattendorf;1083;FPÖ;117
G30636;Tattendorf;1083;GRÜNE;76
G30636;Tattendorf;1083;NEOS;60
G30636;Tattendorf;1083;KPÖ;3
G30636;Tattendorf;1083;EUROPA;11
G30637;Teesdorf;1402;ÖVP;260
G30637;Teesdorf;1402;SPÖ;325
G30637;Teesdorf;1402;FPÖ;145
G30637;Teesdorf;1402;GRÜNE;89
G30637;Teesdorf;1402;NEOS;55
G30637;Teesdorf;1402;KPÖ;5
G30637;Teesdorf;1402;EUROPA;8
G30639;Traiskirchen;13459;ÖVP;1997
G30639;Traiskirchen;13459;SPÖ;2527
G30639;Traiskirchen;13459;FPÖ;1690
G30639;Traiskirchen;13459;GRÜNE;822
G30639;Traiskirchen;13459;NEOS;711
G30639;Traiskirchen;13459;KPÖ;54
G30639;Traiskirchen;13459;EUROPA;85
G30641;Trumau;2664;ÖVP;392
G30641;Trumau;2664;SPÖ;564
G30641;Trumau;2664;FPÖ;345
G30641;Trumau;2664;GRÜNE;133
G30641;Trumau;2664;NEOS;128
G30641;Trumau;2664;KPÖ;12
G30641;Trumau;2664;EUROPA;24
G30645;Weissenbach an der Triesting;1305;ÖVP;288
G30645;Weissenbach an der Triesting;1305;SPÖ;175
G30645;Weissenbach an der Triesting;1305;FPÖ;160
G30645;Weissenbach an der Triesting;1305;GRÜNE;55
G30645;Weissenbach an der Triesting;1305;NEOS;46
G30645;Weissenbach an der Triesting;1305;KPÖ;6
G30645;Weissenbach an der Triesting;1305;EUROPA;4
G30646;Blumau-Neurißhof;1401;ÖVP;195
G30646;Blumau-Neurißhof;1401;SPÖ;171
G30646;Blumau-Neurißhof;1401;FPÖ;216
G30646;Blumau-Neurißhof;1401;GRÜNE;55
G30646;Blumau-Neurißhof;1401;NEOS;47
G30646;Blumau-Neurißhof;1401;KPÖ;5
G30646;Blumau-Neurißhof;1401;EUROPA;11
G30699;Wahlkarten - Baden;0;ÖVP;2347
G30699;Wahlkarten - Baden;0;SPÖ;1962
G30699;Wahlkarten - Baden;0;FPÖ;1019
G30699;Wahlkarten - Baden;0;GRÜNE;1237
G30699;Wahlkarten - Baden;0;NEOS;884
G30699;Wahlkarten - Baden;0;KPÖ;44
G30699;Wahlkarten - Baden;0;EUROPA;107
G30701;Au am Leithaberge;771;ÖVP;245
G30701;Au am Leithaberge;771;SPÖ;45
G30701;Au am Leithaberge;771;FPÖ;123
G30701;Au am Leithaberge;771;GRÜNE;12
G30701;Au am Leithaberge;771;NEOS;23
G30701;Au am Leithaberge;771;KPÖ;0
G30701;Au am Leithaberge;771;EUROPA;2
G30702;Bad Deutsch-Altenburg;1189;ÖVP;230
G30702;Bad Deutsch-Altenburg;1189;SPÖ;142
G30702;Bad Deutsch-Altenburg;1189;FPÖ;193
G30702;Bad Deutsch-Altenburg;1189;GRÜNE;41
G30702;Bad Deutsch-Altenburg;1189;NEOS;33
G30702;Bad Deutsch-Altenburg;1189;KPÖ;6
G30702;Bad Deutsch-Altenburg;1189;EUROPA;5
G30703;Berg;500;ÖVP;144
G30703;Berg;500;SPÖ;108
G30703;Berg;500;FPÖ;54
G30703;Berg;500;GRÜNE;17
G30703;Berg;500;NEOS;17
G30703;Berg;500;KPÖ;0
G30703;Berg;500;EUROPA;5
G30704;Bruck an der Leitha;5814;ÖVP;947
G30704;Bruck an der Leitha;5814;SPÖ;1012
G30704;Bruck an der Leitha;5814;FPÖ;687
G30704;Bruck an der Leitha;5814;GRÜNE;381
G30704;Bruck an der Leitha;5814;NEOS;200
G30704;Bruck an der Leitha;5814;KPÖ;19
G30704;Bruck an der Leitha;5814;EUROPA;21
G30706;Enzersdorf an der Fischa;2543;ÖVP;533
G30706;Enzersdorf an der Fischa;2543;SPÖ;359
G30706;Enzersdorf an der Fischa;2543;FPÖ;318
G30706;Enzersdorf an der Fischa;2543;GRÜNE;128
G30706;Enzersdorf an der Fischa;2543;NEOS;99
G30706;Enzersdorf an der Fischa;2543;KPÖ;4
G30706;Enzersdorf an der Fischa;2543;EUROPA;18
G30708;Göttlesbrunn-Arbesthal;1127;ÖVP;405
G30708;Göttlesbrunn-Arbesthal;1127;SPÖ;86
G30708;Göttlesbrunn-Arbesthal;1127;FPÖ;126
G30708;Göttlesbrunn-Arbesthal;1127;GRÜNE;42
G30708;Göttlesbrunn-Arbesthal;1127;NEOS;66
G30708;Göttlesbrunn-Arbesthal;1127;KPÖ;1
G30708;Göttlesbrunn-Arbesthal;1127;EUROPA;2
G30709;Götzendorf an der Leitha;1539;ÖVP;352
G30709;Götzendorf an der Leitha;1539;SPÖ;288
G30709;Götzendorf an der Leitha;1539;FPÖ;155
G30709;Götzendorf an der Leitha;1539;GRÜNE;69
G30709;Götzendorf an der Leitha;1539;NEOS;83
G30709;Götzendorf an der Leitha;1539;KPÖ;6
G30709;Götzendorf an der Leitha;1539;EUROPA;9
G30710;Hainburg a.d. Donau;3765;ÖVP;759
G30710;Hainburg a.d. Donau;3765;SPÖ;449
G30710;Hainburg a.d. Donau;3765;FPÖ;439
G30710;Hainburg a.d. Donau;3765;GRÜNE;127
G30710;Hainburg a.d. Donau;3765;NEOS;93
G30710;Hainburg a.d. Donau;3765;KPÖ;12
G30710;Hainburg a.d. Donau;3765;EUROPA;17
G30711;Haslau-Maria Ellend;1506;ÖVP;305
G30711;Haslau-Maria Ellend;1506;SPÖ;215
G30711;Haslau-Maria Ellend;1506;FPÖ;158
G30711;Haslau-Maria Ellend;1506;GRÜNE;81
G30711;Haslau-Maria Ellend;1506;NEOS;56
G30711;Haslau-Maria Ellend;1506;KPÖ;10
G30711;Haslau-Maria Ellend;1506;EUROPA;10
G30712;Höflein;993;ÖVP;315
G30712;Höflein;993;SPÖ;94
G30712;Höflein;993;FPÖ;144
G30712;Höflein;993;GRÜNE;46
G30712;Höflein;993;NEOS;42
G30712;Höflein;993;KPÖ;2
G30712;Höflein;993;EUROPA;3
G30713;Hof am Leithaberge;1199;ÖVP;321
G30713;Hof am Leithaberge;1199;SPÖ;161
G30713;Hof am Leithaberge;1199;FPÖ;183
G30713;Hof am Leithaberge;1199;GRÜNE;57
G30713;Hof am Leithaberge;1199;NEOS;33
G30713;Hof am Leithaberge;1199;KPÖ;2
G30713;Hof am Leithaberge;1199;EUROPA;3
G30715;Hundsheim;476;ÖVP;114
G30715;Hundsheim;476;SPÖ;125
G30715;Hundsheim;476;FPÖ;63
G30715;Hundsheim;476;GRÜNE;23
G30715;Hundsheim;476;NEOS;7
G30715;Hundsheim;476;KPÖ;2
G30715;Hundsheim;476;EUROPA;0
G30716;Mannersdorf am Leithagebirge;2957;ÖVP;456
G30716;Mannersdorf am Leithagebirge;2957;SPÖ;691
G30716;Mannersdorf am Leithagebirge;2957;FPÖ;307
G30716;Mannersdorf am Leithagebirge;2957;GRÜNE;147
G30716;Mannersdorf am Leithagebirge;2957;NEOS;106
G30716;Mannersdorf am Leithagebirge;2957;KPÖ;7
G30716;Mannersdorf am Leithagebirge;2957;EUROPA;18
G30718;Petronell-Carnuntum;952;ÖVP;198
G30718;Petronell-Carnuntum;952;SPÖ;184
G30718;Petronell-Carnuntum;952;FPÖ;108
G30718;Petronell-Carnuntum;952;GRÜNE;47
G30718;Petronell-Carnuntum;952;NEOS;27
G30718;Petronell-Carnuntum;952;KPÖ;2
G30718;Petronell-Carnuntum;952;EUROPA;2
G30719;Prellenkirchen;1191;ÖVP;388
G30719;Prellenkirchen;1191;SPÖ;141
G30719;Prellenkirchen;1191;FPÖ;140
G30719;Prellenkirchen;1191;GRÜNE;42
G30719;Prellenkirchen;1191;NEOS;34
G30719;Prellenkirchen;1191;KPÖ;1
G30719;Prellenkirchen;1191;EUROPA;7
G30721;Rohrau;1219;ÖVP;305
G30721;Rohrau;1219;SPÖ;151
G30721;Rohrau;1219;FPÖ;145
G30721;Rohrau;1219;GRÜNE;51
G30721;Rohrau;1219;NEOS;38
G30721;Rohrau;1219;KPÖ;5
G30721;Rohrau;1219;EUROPA;8
G30722;Scharndorf;945;ÖVP;338
G30722;Scharndorf;945;SPÖ;134
G30722;Scharndorf;945;FPÖ;88
G30722;Scharndorf;945;GRÜNE;51
G30722;Scharndorf;945;NEOS;40
G30722;Scharndorf;945;KPÖ;2
G30722;Scharndorf;945;EUROPA;3
G30724;Sommerein;1634;ÖVP;293
G30724;Sommerein;1634;SPÖ;294
G30724;Sommerein;1634;FPÖ;229
G30724;Sommerein;1634;GRÜNE;69
G30724;Sommerein;1634;NEOS;50
G30724;Sommerein;1634;KPÖ;6
G30724;Sommerein;1634;EUROPA;6
G30726;Trautmannsdorf an der Leitha;2341;ÖVP;620
G30726;Trautmannsdorf an der Leitha;2341;SPÖ;321
G30726;Trautmannsdorf an der Leitha;2341;FPÖ;270
G30726;Trautmannsdorf an der Leitha;2341;GRÜNE;111
G30726;Trautmannsdorf an der Leitha;2341;NEOS;107
G30726;Trautmannsdorf an der Leitha;2341;KPÖ;9
G30726;Trautmannsdorf an der Leitha;2341;EUROPA;12
G30728;Wolfsthal;636;ÖVP;168
G30728;Wolfsthal;636;SPÖ;65
G30728;Wolfsthal;636;FPÖ;69
G30728;Wolfsthal;636;GRÜNE;20
G30728;Wolfsthal;636;NEOS;20
G30728;Wolfsthal;636;KPÖ;1
G30728;Wolfsthal;636;EUROPA;2
G30729;Ebergassing;2691;ÖVP;360
G30729;Ebergassing;2691;SPÖ;477
G30729;Ebergassing;2691;FPÖ;335
G30729;Ebergassing;2691;GRÜNE;119
G30729;Ebergassing;2691;NEOS;89
G30729;Ebergassing;2691;KPÖ;9
G30729;Ebergassing;2691;EUROPA;8
G30730;Fischamend;4091;ÖVP;541
G30730;Fischamend;4091;SPÖ;571
G30730;Fischamend;4091;FPÖ;485
G30730;Fischamend;4091;GRÜNE;224
G30730;Fischamend;4091;NEOS;154
G30730;Fischamend;4091;KPÖ;32
G30730;Fischamend;4091;EUROPA;16
G30731;Gramatneusiedl;2339;ÖVP;363
G30731;Gramatneusiedl;2339;SPÖ;338
G30731;Gramatneusiedl;2339;FPÖ;248
G30731;Gramatneusiedl;2339;GRÜNE;123
G30731;Gramatneusiedl;2339;NEOS;87
G30731;Gramatneusiedl;2339;KPÖ;14
G30731;Gramatneusiedl;2339;EUROPA;21
G30732;Himberg;5571;ÖVP;950
G30732;Himberg;5571;SPÖ;896
G30732;Himberg;5571;FPÖ;626
G30732;Himberg;5571;GRÜNE;274
G30732;Himberg;5571;NEOS;218
G30732;Himberg;5571;KPÖ;23
G30732;Himberg;5571;EUROPA;21
G30733;Klein-Neusiedl;636;ÖVP;81
G30733;Klein-Neusiedl;636;SPÖ;153
G30733;Klein-Neusiedl;636;FPÖ;64
G30733;Klein-Neusiedl;636;GRÜNE;10
G30733;Klein-Neusiedl;636;NEOS;11
G30733;Klein-Neusiedl;636;KPÖ;2
G30733;Klein-Neusiedl;636;EUROPA;5
G30734;Lanzendorf;1386;ÖVP;202
G30734;Lanzendorf;1386;SPÖ;275
G30734;Lanzendorf;1386;FPÖ;136
G30734;Lanzendorf;1386;GRÜNE;50
G30734;Lanzendorf;1386;NEOS;70
G30734;Lanzendorf;1386;KPÖ;4
G30734;Lanzendorf;1386;EUROPA;8
G30735;Leopoldsdorf;3988;ÖVP;733
G30735;Leopoldsdorf;3988;SPÖ;594
G30735;Leopoldsdorf;3988;FPÖ;462
G30735;Leopoldsdorf;3988;GRÜNE;247
G30735;Leopoldsdorf;3988;NEOS;244
G30735;Leopoldsdorf;3988;KPÖ;15
G30735;Leopoldsdorf;3988;EUROPA;29
G30736;Maria-Lanzendorf;1617;ÖVP;258
G30736;Maria-Lanzendorf;1617;SPÖ;210
G30736;Maria-Lanzendorf;1617;FPÖ;214
G30736;Maria-Lanzendorf;1617;GRÜNE;89
G30736;Maria-Lanzendorf;1617;NEOS;69
G30736;Maria-Lanzendorf;1617;KPÖ;5
G30736;Maria-Lanzendorf;1617;EUROPA;7
G30737;Moosbrunn;1351;ÖVP;296
G30737;Moosbrunn;1351;SPÖ;192
G30737;Moosbrunn;1351;FPÖ;144
G30737;Moosbrunn;1351;GRÜNE;48
G30737;Moosbrunn;1351;NEOS;57
G30737;Moosbrunn;1351;KPÖ;7
G30737;Moosbrunn;1351;EUROPA;7
G30738;Rauchenwarth;565;ÖVP;196
G30738;Rauchenwarth;565;SPÖ;63
G30738;Rauchenwarth;565;FPÖ;55
G30738;Rauchenwarth;565;GRÜNE;29
G30738;Rauchenwarth;565;NEOS;28
G30738;Rauchenwarth;565;KPÖ;2
G30738;Rauchenwarth;565;EUROPA;4
G30739;Schwadorf;1553;ÖVP;242
G30739;Schwadorf;1553;SPÖ;295
G30739;Schwadorf;1553;FPÖ;178
G30739;Schwadorf;1553;GRÜNE;56
G30739;Schwadorf;1553;NEOS;60
G30739;Schwadorf;1553;KPÖ;4
G30739;Schwadorf;1553;EUROPA;9
G30740;Schwechat;12742;ÖVP;1555
G30740;Schwechat;12742;SPÖ;1992
G30740;Schwechat;12742;FPÖ;1517
G30740;Schwechat;12742;GRÜNE;811
G30740;Schwechat;12742;NEOS;449
G30740;Schwechat;12742;KPÖ;56
G30740;Schwechat;12742;EUROPA;71
G30741;Zwölfaxing;1321;ÖVP;194
G30741;Zwölfaxing;1321;SPÖ;177
G30741;Zwölfaxing;1321;FPÖ;200
G30741;Zwölfaxing;1321;GRÜNE;70
G30741;Zwölfaxing;1321;NEOS;42
G30741;Zwölfaxing;1321;KPÖ;2
G30741;Zwölfaxing;1321;EUROPA;9
G30799;Wahlkarten - Bruck an der Leitha;0;ÖVP;1590
G30799;Wahlkarten - Bruck an der Leitha;0;SPÖ;1596
G30799;Wahlkarten - Bruck an der Leitha;0;FPÖ;855
G30799;Wahlkarten - Bruck an der Leitha;0;GRÜNE;650
G30799;Wahlkarten - Bruck an der Leitha;0;NEOS;429
G30799;Wahlkarten - Bruck an der Leitha;0;KPÖ;40
G30799;Wahlkarten - Bruck an der Leitha;0;EUROPA;55
G30801;Aderklaa;149;ÖVP;70
G30801;Aderklaa;149;SPÖ;7
G30801;Aderklaa;149;FPÖ;12
G30801;Aderklaa;149;GRÜNE;7
G30801;Aderklaa;149;NEOS;5
G30801;Aderklaa;149;KPÖ;0
G30801;Aderklaa;149;EUROPA;0
G30802;Andlersdorf;102;ÖVP;36
G30802;Andlersdorf;102;SPÖ;7
G30802;Andlersdorf;102;FPÖ;6
G30802;Andlersdorf;102;GRÜNE;4
G30802;Andlersdorf;102;NEOS;0
G30802;Andlersdorf;102;KPÖ;0
G30802;Andlersdorf;102;EUROPA;0
G30803;Angern an der March;2538;ÖVP;503
G30803;Angern an der March;2538;SPÖ;547
G30803;Angern an der March;2538;FPÖ;322
G30803;Angern an der March;2538;GRÜNE;72
G30803;Angern an der March;2538;NEOS;69
G30803;Angern an der March;2538;KPÖ;5
G30803;Angern an der March;2538;EUROPA;13
G30804;Auersthal;1479;ÖVP;380
G30804;Auersthal;1479;SPÖ;239
G30804;Auersthal;1479;FPÖ;125
G30804;Auersthal;1479;GRÜNE;79
G30804;Auersthal;1479;NEOS;55
G30804;Auersthal;1479;KPÖ;4
G30804;Auersthal;1479;EUROPA;7
G30805;Bad Pirawarth;1326;ÖVP;378
G30805;Bad Pirawarth;1326;SPÖ;180
G30805;Bad Pirawarth;1326;FPÖ;112
G30805;Bad Pirawarth;1326;GRÜNE;46
G30805;Bad Pirawarth;1326;NEOS;39
G30805;Bad Pirawarth;1326;KPÖ;5
G30805;Bad Pirawarth;1326;EUROPA;2
G30808;Deutsch-Wagram;6644;ÖVP;1142
G30808;Deutsch-Wagram;6644;SPÖ;909
G30808;Deutsch-Wagram;6644;FPÖ;819
G30808;Deutsch-Wagram;6644;GRÜNE;430
G30808;Deutsch-Wagram;6644;NEOS;270
G30808;Deutsch-Wagram;6644;KPÖ;24
G30808;Deutsch-Wagram;6644;EUROPA;46
G30810;Drösing;917;ÖVP;212
G30810;Drösing;917;SPÖ;160
G30810;Drösing;917;FPÖ;99
G30810;Drösing;917;GRÜNE;27
G30810;Drösing;917;NEOS;13
G30810;Drösing;917;KPÖ;0
G30810;Drösing;917;EUROPA;2
G30811;Dürnkrut;1800;ÖVP;332
G30811;Dürnkrut;1800;SPÖ;304
G30811;Dürnkrut;1800;FPÖ;265
G30811;Dürnkrut;1800;GRÜNE;40
G30811;Dürnkrut;1800;NEOS;45
G30811;Dürnkrut;1800;KPÖ;7
G30811;Dürnkrut;1800;EUROPA;12
G30812;Ebenthal;682;ÖVP;179
G30812;Ebenthal;682;SPÖ;89
G30812;Ebenthal;682;FPÖ;105
G30812;Ebenthal;682;GRÜNE;34
G30812;Ebenthal;682;NEOS;14
G30812;Ebenthal;682;KPÖ;1
G30812;Ebenthal;682;EUROPA;2
G30813;Eckartsau;949;ÖVP;306
G30813;Eckartsau;949;SPÖ;97
G30813;Eckartsau;949;FPÖ;122
G30813;Eckartsau;949;GRÜNE;25
G30813;Eckartsau;949;NEOS;28
G30813;Eckartsau;949;KPÖ;3
G30813;Eckartsau;949;EUROPA;2
G30814;Engelhartstetten;1584;ÖVP;397
G30814;Engelhartstetten;1584;SPÖ;185
G30814;Engelhartstetten;1584;FPÖ;229
G30814;Engelhartstetten;1584;GRÜNE;55
G30814;Engelhartstetten;1584;NEOS;55
G30814;Engelhartstetten;1584;KPÖ;6
G30814;Engelhartstetten;1584;EUROPA;4
G30817;Gänserndorf;8248;ÖVP;1340
G30817;Gänserndorf;8248;SPÖ;1192
G30817;Gänserndorf;8248;FPÖ;962
G30817;Gänserndorf;8248;GRÜNE;462
G30817;Gänserndorf;8248;NEOS;283
G30817;Gänserndorf;8248;KPÖ;24
G30817;Gänserndorf;8248;EUROPA;49
G30819;Glinzendorf;217;ÖVP;60
G30819;Glinzendorf;217;SPÖ;32
G30819;Glinzendorf;217;FPÖ;35
G30819;Glinzendorf;217;GRÜNE;12
G30819;Glinzendorf;217;NEOS;6
G30819;Glinzendorf;217;KPÖ;0
G30819;Glinzendorf;217;EUROPA;1
G30821;Groß-Enzersdorf;8442;ÖVP;1554
G30821;Groß-Enzersdorf;8442;SPÖ;1194
G30821;Groß-Enzersdorf;8442;FPÖ;960
G30821;Groß-Enzersdorf;8442;GRÜNE;469
G30821;Groß-Enzersdorf;8442;NEOS;377
G30821;Groß-Enzersdorf;8442;KPÖ;20
G30821;Groß-Enzersdorf;8442;EUROPA;42
G30822;Großhofen;63;ÖVP;33
G30822;Großhofen;63;SPÖ;2
G30822;Großhofen;63;FPÖ;9
G30822;Großhofen;63;GRÜNE;2
G30822;Großhofen;63;NEOS;5
G30822;Großhofen;63;KPÖ;0
G30822;Großhofen;63;EUROPA;0
G30824;Groß-Schweinbarth;1013;ÖVP;303
G30824;Groß-Schweinbarth;1013;SPÖ;149
G30824;Groß-Schweinbarth;1013;FPÖ;73
G30824;Groß-Schweinbarth;1013;GRÜNE;40
G30824;Groß-Schweinbarth;1013;NEOS;35
G30824;Groß-Schweinbarth;1013;KPÖ;1
G30824;Groß-Schweinbarth;1013;EUROPA;4
G30825;Haringsee;915;ÖVP;235
G30825;Haringsee;915;SPÖ;122
G30825;Haringsee;915;FPÖ;101
G30825;Haringsee;915;GRÜNE;35
G30825;Haringsee;915;NEOS;35
G30825;Haringsee;915;KPÖ;8
G30825;Haringsee;915;EUROPA;6
G30826;Hauskirchen;1022;ÖVP;299
G30826;Hauskirchen;1022;SPÖ;113
G30826;Hauskirchen;1022;FPÖ;114
G30826;Hauskirchen;1022;GRÜNE;20
G30826;Hauskirchen;1022;NEOS;22
G30826;Hauskirchen;1022;KPÖ;4
G30826;Hauskirchen;1022;EUROPA;2
G30827;Hohenau an der March;2137;ÖVP;308
G30827;Hohenau an der March;2137;SPÖ;464
G30827;Hohenau an der March;2137;FPÖ;244
G30827;Hohenau an der March;2137;GRÜNE;52
G30827;Hohenau an der March;2137;NEOS;36
G30827;Hohenau an der March;2137;KPÖ;12
G30827;Hohenau an der March;2137;EUROPA;7
G30828;Hohenruppersdorf;748;ÖVP;266
G30828;Hohenruppersdorf;748;SPÖ;67
G30828;Hohenruppersdorf;748;FPÖ;66
G30828;Hohenruppersdorf;748;GRÜNE;32
G30828;Hohenruppersdorf;748;NEOS;23
G30828;Hohenruppersdorf;748;KPÖ;1
G30828;Hohenruppersdorf;748;EUROPA;6
G30829;Jedenspeigen;922;ÖVP;274
G30829;Jedenspeigen;922;SPÖ;183
G30829;Jedenspeigen;922;FPÖ;87
G30829;Jedenspeigen;922;GRÜNE;22
G30829;Jedenspeigen;922;NEOS;19
G30829;Jedenspeigen;922;KPÖ;0
G30829;Jedenspeigen;922;EUROPA;2
G30830;Lassee;2106;ÖVP;468
G30830;Lassee;2106;SPÖ;277
G30830;Lassee;2106;FPÖ;373
G30830;Lassee;2106;GRÜNE;79
G30830;Lassee;2106;NEOS;73
G30830;Lassee;2106;KPÖ;5
G30830;Lassee;2106;EUROPA;7
G30831;Leopoldsdorf im Marchfelde;2101;ÖVP;336
G30831;Leopoldsdorf im Marchfelde;2101;SPÖ;375
G30831;Leopoldsdorf im Marchfelde;2101;FPÖ;289
G30831;Leopoldsdorf im Marchfelde;2101;GRÜNE;67
G30831;Leopoldsdorf im Marchfelde;2101;NEOS;79
G30831;Leopoldsdorf im Marchfelde;2101;KPÖ;8
G30831;Leopoldsdorf im Marchfelde;2101;EUROPA;7
G30834;Mannsdorf an der Donau;279;ÖVP;95
G30834;Mannsdorf an der Donau;279;SPÖ;34
G30834;Mannsdorf an der Donau;279;FPÖ;30
G30834;Mannsdorf an der Donau;279;GRÜNE;13
G30834;Mannsdorf an der Donau;279;NEOS;12
G30834;Mannsdorf an der Donau;279;KPÖ;0
G30834;Mannsdorf an der Donau;279;EUROPA;1
G30835;Marchegg;2108;ÖVP;301
G30835;Marchegg;2108;SPÖ;307
G30835;Marchegg;2108;FPÖ;252
G30835;Marchegg;2108;GRÜNE;73
G30835;Marchegg;2108;NEOS;43
G30835;Marchegg;2108;KPÖ;7
G30835;Marchegg;2108;EUROPA;8
G30836;Markgrafneusiedl;712;ÖVP;142
G30836;Markgrafneusiedl;712;SPÖ;115
G30836;Markgrafneusiedl;712;FPÖ;106
G30836;Markgrafneusiedl;712;GRÜNE;23
G30836;Markgrafneusiedl;712;NEOS;34
G30836;Markgrafneusiedl;712;KPÖ;2
G30836;Markgrafneusiedl;712;EUROPA;2
G30838;Matzen-Raggendorf;2109;ÖVP;545
G30838;Matzen-Raggendorf;2109;SPÖ;316
G30838;Matzen-Raggendorf;2109;FPÖ;251
G30838;Matzen-Raggendorf;2109;GRÜNE;113
G30838;Matzen-Raggendorf;2109;NEOS;83
G30838;Matzen-Raggendorf;2109;KPÖ;8
G30838;Matzen-Raggendorf;2109;EUROPA;13
G30841;Neusiedl an der Zaya;1009;ÖVP;294
G30841;Neusiedl an der Zaya;1009;SPÖ;89
G30841;Neusiedl an der Zaya;1009;FPÖ;140
G30841;Neusiedl an der Zaya;1009;GRÜNE;23
G30841;Neusiedl an der Zaya;1009;NEOS;32
G30841;Neusiedl an der Zaya;1009;KPÖ;0
G30841;Neusiedl an der Zaya;1009;EUROPA;2
G30842;Obersiebenbrunn;1339;ÖVP;180
G30842;Obersiebenbrunn;1339;SPÖ;180
G30842;Obersiebenbrunn;1339;FPÖ;172
G30842;Obersiebenbrunn;1339;GRÜNE;44
G30842;Obersiebenbrunn;1339;NEOS;37
G30842;Obersiebenbrunn;1339;KPÖ;3
G30842;Obersiebenbrunn;1339;EUROPA;5
G30844;Orth an der Donau;1618;ÖVP;327
G30844;Orth an der Donau;1618;SPÖ;144
G30844;Orth an der Donau;1618;FPÖ;199
G30844;Orth an der Donau;1618;GRÜNE;64
G30844;Orth an der Donau;1618;NEOS;65
G30844;Orth an der Donau;1618;KPÖ;2
G30844;Orth an der Donau;1618;EUROPA;3
G30845;Palterndorf-Dobermannsdorf;1055;ÖVP;296
G30845;Palterndorf-Dobermannsdorf;1055;SPÖ;99
G30845;Palterndorf-Dobermannsdorf;1055;FPÖ;170
G30845;Palterndorf-Dobermannsdorf;1055;GRÜNE;15
G30845;Palterndorf-Dobermannsdorf;1055;NEOS;23
G30845;Palterndorf-Dobermannsdorf;1055;KPÖ;3
G30845;Palterndorf-Dobermannsdorf;1055;EUROPA;2
G30846;Parbasdorf;130;ÖVP;67
G30846;Parbasdorf;130;SPÖ;9
G30846;Parbasdorf;130;FPÖ;13
G30846;Parbasdorf;130;GRÜNE;8
G30846;Parbasdorf;130;NEOS;5
G30846;Parbasdorf;130;KPÖ;0
G30846;Parbasdorf;130;EUROPA;0
G30848;Prottes;1099;ÖVP;251
G30848;Prottes;1099;SPÖ;146
G30848;Prottes;1099;FPÖ;108
G30848;Prottes;1099;GRÜNE;33
G30848;Prottes;1099;NEOS;48
G30848;Prottes;1099;KPÖ;1
G30848;Prottes;1099;EUROPA;2
G30849;Raasdorf;425;ÖVP;151
G30849;Raasdorf;425;SPÖ;68
G30849;Raasdorf;425;FPÖ;30
G30849;Raasdorf;425;GRÜNE;16
G30849;Raasdorf;425;NEOS;13
G30849;Raasdorf;425;KPÖ;2
G30849;Raasdorf;425;EUROPA;6
G30850;Ringelsdorf-Niederabsdorf;1034;ÖVP;226
G30850;Ringelsdorf-Niederabsdorf;1034;SPÖ;236
G30850;Ringelsdorf-Niederabsdorf;1034;FPÖ;104
G30850;Ringelsdorf-Niederabsdorf;1034;GRÜNE;17
G30850;Ringelsdorf-Niederabsdorf;1034;NEOS;18
G30850;Ringelsdorf-Niederabsdorf;1034;KPÖ;1
G30850;Ringelsdorf-Niederabsdorf;1034;EUROPA;5
G30852;Schönkirchen-Reyersdorf;1506;ÖVP;356
G30852;Schönkirchen-Reyersdorf;1506;SPÖ;216
G30852;Schönkirchen-Reyersdorf;1506;FPÖ;195
G30852;Schönkirchen-Reyersdorf;1506;GRÜNE;59
G30852;Schönkirchen-Reyersdorf;1506;NEOS;79
G30852;Schönkirchen-Reyersdorf;1506;KPÖ;7
G30852;Schönkirchen-Reyersdorf;1506;EUROPA;2
G30854;Spannberg;791;ÖVP;255
G30854;Spannberg;791;SPÖ;53
G30854;Spannberg;791;FPÖ;144
G30854;Spannberg;791;GRÜNE;21
G30854;Spannberg;791;NEOS;26
G30854;Spannberg;791;KPÖ;3
G30854;Spannberg;791;EUROPA;5
G30856;Strasshof an der Nordbahn;7474;ÖVP;1003
G30856;Strasshof an der Nordbahn;7474;SPÖ;1144
G30856;Strasshof an der Nordbahn;7474;FPÖ;1003
G30856;Strasshof an der Nordbahn;7474;GRÜNE;336
G30856;Strasshof an der Nordbahn;7474;NEOS;273
G30856;Strasshof an der Nordbahn;7474;KPÖ;26
G30856;Strasshof an der Nordbahn;7474;EUROPA;53
G30857;Sulz im Weinviertel;994;ÖVP;339
G30857;Sulz im Weinviertel;994;SPÖ;91
G30857;Sulz im Weinviertel;994;FPÖ;122
G30857;Sulz im Weinviertel;994;GRÜNE;23
G30857;Sulz im Weinviertel;994;NEOS;24
G30857;Sulz im Weinviertel;994;KPÖ;0
G30857;Sulz im Weinviertel;994;EUROPA;3
G30858;Untersiebenbrunn;1335;ÖVP;211
G30858;Untersiebenbrunn;1335;SPÖ;235
G30858;Untersiebenbrunn;1335;FPÖ;260
G30858;Untersiebenbrunn;1335;GRÜNE;35
G30858;Untersiebenbrunn;1335;NEOS;45
G30858;Untersiebenbrunn;1335;KPÖ;2
G30858;Untersiebenbrunn;1335;EUROPA;4
G30859;Velm-Götzendorf;630;ÖVP;205
G30859;Velm-Götzendorf;630;SPÖ;84
G30859;Velm-Götzendorf;630;FPÖ;103
G30859;Velm-Götzendorf;630;GRÜNE;24
G30859;Velm-Götzendorf;630;NEOS;20
G30859;Velm-Götzendorf;630;KPÖ;4
G30859;Velm-Götzendorf;630;EUROPA;7
G30860;Weikendorf;1544;ÖVP;357
G30860;Weikendorf;1544;SPÖ;223
G30860;Weikendorf;1544;FPÖ;204
G30860;Weikendorf;1544;GRÜNE;78
G30860;Weikendorf;1544;NEOS;45
G30860;Weikendorf;1544;KPÖ;6
G30860;Weikendorf;1544;EUROPA;9
G30863;Zistersdorf;4403;ÖVP;1282
G30863;Zistersdorf;4403;SPÖ;443
G30863;Zistersdorf;4403;FPÖ;519
G30863;Zistersdorf;4403;GRÜNE;122
G30863;Zistersdorf;4403;NEOS;126
G30863;Zistersdorf;4403;KPÖ;7
G30863;Zistersdorf;4403;EUROPA;16
G30865;Weiden an der March;749;ÖVP;272
G30865;Weiden an der March;749;SPÖ;73
G30865;Weiden an der March;749;FPÖ;76
G30865;Weiden an der March;749;GRÜNE;23
G30865;Weiden an der March;749;NEOS;14
G30865;Weiden an der March;749;KPÖ;0
G30865;Weiden an der March;749;EUROPA;0
G30899;Wahlkarten - Gänserndorf;0;ÖVP;1817
G30899;Wahlkarten - Gänserndorf;0;SPÖ;1472
G30899;Wahlkarten - Gänserndorf;0;FPÖ;846
G30899;Wahlkarten - Gänserndorf;0;GRÜNE;637
G30899;Wahlkarten - Gänserndorf;0;NEOS;385
G30899;Wahlkarten - Gänserndorf;0;KPÖ;37
G30899;Wahlkarten - Gänserndorf;0;EUROPA;56
G30902;Amaliendorf-Aalfang;921;ÖVP;104
G30902;Amaliendorf-Aalfang;921;SPÖ;184
G30902;Amaliendorf-Aalfang;921;FPÖ;109
G30902;Amaliendorf-Aalfang;921;GRÜNE;37
G30902;Amaliendorf-Aalfang;921;NEOS;16
G30902;Amaliendorf-Aalfang;921;KPÖ;4
G30902;Amaliendorf-Aalfang;921;EUROPA;3
G30903;Brand-Nagelberg;1320;ÖVP;205
G30903;Brand-Nagelberg;1320;SPÖ;321
G30903;Brand-Nagelberg;1320;FPÖ;121
G30903;Brand-Nagelberg;1320;GRÜNE;36
G30903;Brand-Nagelberg;1320;NEOS;31
G30903;Brand-Nagelberg;1320;KPÖ;6
G30903;Brand-Nagelberg;1320;EUROPA;2
G30904;Eggern;578;ÖVP;159
G30904;Eggern;578;SPÖ;61
G30904;Eggern;578;FPÖ;79
G30904;Eggern;578;GRÜNE;19
G30904;Eggern;578;NEOS;10
G30904;Eggern;578;KPÖ;2
G30904;Eggern;578;EUROPA;0
G30906;Eisgarn;560;ÖVP;173
G30906;Eisgarn;560;SPÖ;55
G30906;Eisgarn;560;FPÖ;51
G30906;Eisgarn;560;GRÜNE;7
G30906;Eisgarn;560;NEOS;7
G30906;Eisgarn;560;KPÖ;1
G30906;Eisgarn;560;EUROPA;0
G30908;Gmünd;4177;ÖVP;789
G30908;Gmünd;4177;SPÖ;677
G30908;Gmünd;4177;FPÖ;381
G30908;Gmünd;4177;GRÜNE;153
G30908;Gmünd;4177;NEOS;120
G30908;Gmünd;4177;KPÖ;4
G30908;Gmünd;4177;EUROPA;13
G30909;Großdietmanns;1849;ÖVP;504
G30909;Großdietmanns;1849;SPÖ;216
G30909;Großdietmanns;1849;FPÖ;183
G30909;Großdietmanns;1849;GRÜNE;48
G30909;Großdietmanns;1849;NEOS;65
G30909;Großdietmanns;1849;KPÖ;3
G30909;Großdietmanns;1849;EUROPA;8
G30910;Bad Großpertholz;1118;ÖVP;306
G30910;Bad Großpertholz;1118;SPÖ;130
G30910;Bad Großpertholz;1118;FPÖ;94
G30910;Bad Großpertholz;1118;GRÜNE;35
G30910;Bad Großpertholz;1118;NEOS;33
G30910;Bad Großpertholz;1118;KPÖ;8
G30910;Bad Großpertholz;1118;EUROPA;5
G30912;Großschönau;993;ÖVP;376
G30912;Großschönau;993;SPÖ;61
G30912;Großschönau;993;FPÖ;113
G30912;Großschönau;993;GRÜNE;57
G30912;Großschönau;993;NEOS;27
G30912;Großschönau;993;KPÖ;2
G30912;Großschönau;993;EUROPA;3
G30913;Moorbad Harbach;602;ÖVP;149
G30913;Moorbad Harbach;602;SPÖ;62
G30913;Moorbad Harbach;602;FPÖ;68
G30913;Moorbad Harbach;602;GRÜNE;34
G30913;Moorbad Harbach;602;NEOS;37
G30913;Moorbad Harbach;602;KPÖ;6
G30913;Moorbad Harbach;602;EUROPA;4
G30915;Haugschlag;383;ÖVP;117
G30915;Haugschlag;383;SPÖ;36
G30915;Haugschlag;383;FPÖ;52
G30915;Haugschlag;383;GRÜNE;15
G30915;Haugschlag;383;NEOS;8
G30915;Haugschlag;383;KPÖ;1
G30915;Haugschlag;383;EUROPA;1
G30916;Heidenreichstein;3355;ÖVP;724
G30916;Heidenreichstein;3355;SPÖ;493
G30916;Heidenreichstein;3355;FPÖ;271
G30916;Heidenreichstein;3355;GRÜNE;100
G30916;Heidenreichstein;3355;NEOS;82
G30916;Heidenreichstein;3355;KPÖ;6
G30916;Heidenreichstein;3355;EUROPA;10
G30917;Hirschbach;495;ÖVP;138
G30917;Hirschbach;495;SPÖ;90
G30917;Hirschbach;495;FPÖ;37
G30917;Hirschbach;495;GRÜNE;18
G30917;Hirschbach;495;NEOS;22
G30917;Hirschbach;495;KPÖ;0
G30917;Hirschbach;495;EUROPA;1
G30920;Hoheneich;1207;ÖVP;292
G30920;Hoheneich;1207;SPÖ;182
G30920;Hoheneich;1207;FPÖ;101
G30920;Hoheneich;1207;GRÜNE;47
G30920;Hoheneich;1207;NEOS;33
G30920;Hoheneich;1207;KPÖ;2
G30920;Hoheneich;1207;EUROPA;0
G30921;Kirchberg am Walde;1093;ÖVP;350
G30921;Kirchberg am Walde;1093;SPÖ;95
G30921;Kirchberg am Walde;1093;FPÖ;111
G30921;Kirchberg am Walde;1093;GRÜNE;35
G30921;Kirchberg am Walde;1093;NEOS;27
G30921;Kirchberg am Walde;1093;KPÖ;0
G30921;Kirchberg am Walde;1093;EUROPA;1
G30925;Litschau;1942;ÖVP;508
G30925;Litschau;1942;SPÖ;215
G30925;Litschau;1942;FPÖ;178
G30925;Litschau;1942;GRÜNE;41
G30925;Litschau;1942;NEOS;30
G30925;Litschau;1942;KPÖ;2
G30925;Litschau;1942;EUROPA;3
G30929;Reingers;529;ÖVP;193
G30929;Reingers;529;SPÖ;41
G30929;Reingers;529;FPÖ;58
G30929;Reingers;529;GRÜNE;15
G30929;Reingers;529;NEOS;10
G30929;Reingers;529;KPÖ;2
G30929;Reingers;529;EUROPA;5
G30932;St. Martin;920;ÖVP;238
G30932;St. Martin;920;SPÖ;98
G30932;St. Martin;920;FPÖ;78
G30932;St. Martin;920;GRÜNE;27
G30932;St. Martin;920;NEOS;15
G30932;St. Martin;920;KPÖ;0
G30932;St. Martin;920;EUROPA;4
G30935;Schrems;4472;ÖVP;840
G30935;Schrems;4472;SPÖ;775
G30935;Schrems;4472;FPÖ;380
G30935;Schrems;4472;GRÜNE;119
G30935;Schrems;4472;NEOS;131
G30935;Schrems;4472;KPÖ;2
G30935;Schrems;4472;EUROPA;5
G30939;Unserfrau-Altweitra;835;ÖVP;302
G30939;Unserfrau-Altweitra;835;SPÖ;58
G30939;Unserfrau-Altweitra;835;FPÖ;91
G30939;Unserfrau-Altweitra;835;GRÜNE;28
G30939;Unserfrau-Altweitra;835;NEOS;29
G30939;Unserfrau-Altweitra;835;KPÖ;1
G30939;Unserfrau-Altweitra;835;EUROPA;6
G30940;Waldenstein;1002;ÖVP;366
G30940;Waldenstein;1002;SPÖ;79
G30940;Waldenstein;1002;FPÖ;103
G30940;Waldenstein;1002;GRÜNE;20
G30940;Waldenstein;1002;NEOS;25
G30940;Waldenstein;1002;KPÖ;1
G30940;Waldenstein;1002;EUROPA;2
G30942;Weitra;2257;ÖVP;660
G30942;Weitra;2257;SPÖ;177
G30942;Weitra;2257;FPÖ;182
G30942;Weitra;2257;GRÜNE;82
G30942;Weitra;2257;NEOS;66
G30942;Weitra;2257;KPÖ;6
G30942;Weitra;2257;EUROPA;13
G30999;Wahlkarten - Gmünd;0;ÖVP;1138
G30999;Wahlkarten - Gmünd;0;SPÖ;967
G30999;Wahlkarten - Gmünd;0;FPÖ;434
G30999;Wahlkarten - Gmünd;0;GRÜNE;343
G30999;Wahlkarten - Gmünd;0;NEOS;217
G30999;Wahlkarten - Gmünd;0;KPÖ;23
G30999;Wahlkarten - Gmünd;0;EUROPA;35
G31001;Alberndorf im Pulkautal;622;ÖVP;152
G31001;Alberndorf im Pulkautal;622;SPÖ;62
G31001;Alberndorf im Pulkautal;622;FPÖ;64
G31001;Alberndorf im Pulkautal;622;GRÜNE;22
G31001;Alberndorf im Pulkautal;622;NEOS;20
G31001;Alberndorf im Pulkautal;622;KPÖ;1
G31001;Alberndorf im Pulkautal;622;EUROPA;4
G31008;Göllersdorf;2353;ÖVP;710
G31008;Göllersdorf;2353;SPÖ;264
G31008;Göllersdorf;2353;FPÖ;246
G31008;Göllersdorf;2353;GRÜNE;130
G31008;Göllersdorf;2353;NEOS;83
G31008;Göllersdorf;2353;KPÖ;7
G31008;Göllersdorf;2353;EUROPA;15
G31009;Grabern;1249;ÖVP;426
G31009;Grabern;1249;SPÖ;103
G31009;Grabern;1249;FPÖ;118
G31009;Grabern;1249;GRÜNE;61
G31009;Grabern;1249;NEOS;37
G31009;Grabern;1249;KPÖ;3
G31009;Grabern;1249;EUROPA;4
G31014;Guntersdorf;931;ÖVP;285
G31014;Guntersdorf;931;SPÖ;104
G31014;Guntersdorf;931;FPÖ;130
G31014;Guntersdorf;931;GRÜNE;41
G31014;Guntersdorf;931;NEOS;25
G31014;Guntersdorf;931;KPÖ;2
G31014;Guntersdorf;931;EUROPA;3
G31015;Hadres;1440;ÖVP;436
G31015;Hadres;1440;SPÖ;169
G31015;Hadres;1440;FPÖ;162
G31015;Hadres;1440;GRÜNE;42
G31015;Hadres;1440;NEOS;47
G31015;Hadres;1440;KPÖ;6
G31015;Hadres;1440;EUROPA;7
G31016;Hardegg;1104;ÖVP;443
G31016;Hardegg;1104;SPÖ;114
G31016;Hardegg;1104;FPÖ;120
G31016;Hardegg;1104;GRÜNE;27
G31016;Hardegg;1104;NEOS;26
G31016;Hardegg;1104;KPÖ;2
G31016;Hardegg;1104;EUROPA;1
G31018;Haugsdorf;1304;ÖVP;310
G31018;Haugsdorf;1304;SPÖ;173
G31018;Haugsdorf;1304;FPÖ;158
G31018;Haugsdorf;1304;GRÜNE;34
G31018;Haugsdorf;1304;NEOS;36
G31018;Haugsdorf;1304;KPÖ;5
G31018;Haugsdorf;1304;EUROPA;5
G31019;Heldenberg;1054;ÖVP;334
G31019;Heldenberg;1054;SPÖ;76
G31019;Heldenberg;1054;FPÖ;106
G31019;Heldenberg;1054;GRÜNE;45
G31019;Heldenberg;1054;NEOS;27
G31019;Heldenberg;1054;KPÖ;4
G31019;Heldenberg;1054;EUROPA;4
G31021;Hohenwarth-Mühlbach a.M.;1084;ÖVP;375
G31021;Hohenwarth-Mühlbach a.M.;1084;SPÖ;123
G31021;Hohenwarth-Mühlbach a.M.;1084;FPÖ;114
G31021;Hohenwarth-Mühlbach a.M.;1084;GRÜNE;30
G31021;Hohenwarth-Mühlbach a.M.;1084;NEOS;27
G31021;Hohenwarth-Mühlbach a.M.;1084;KPÖ;1
G31021;Hohenwarth-Mühlbach a.M.;1084;EUROPA;4
G31022;Hollabrunn;9184;ÖVP;2443
G31022;Hollabrunn;9184;SPÖ;859
G31022;Hollabrunn;9184;FPÖ;976
G31022;Hollabrunn;9184;GRÜNE;578
G31022;Hollabrunn;9184;NEOS;404
G31022;Hollabrunn;9184;KPÖ;26
G31022;Hollabrunn;9184;EUROPA;44
G31025;Mailberg;480;ÖVP;124
G31025;Mailberg;480;SPÖ;87
G31025;Mailberg;480;FPÖ;41
G31025;Mailberg;480;GRÜNE;17
G31025;Mailberg;480;NEOS;10
G31025;Mailberg;480;KPÖ;0
G31025;Mailberg;480;EUROPA;3
G31026;Maissau;1628;ÖVP;514
G31026;Maissau;1628;SPÖ;148
G31026;Maissau;1628;FPÖ;160
G31026;Maissau;1628;GRÜNE;61
G31026;Maissau;1628;NEOS;62
G31026;Maissau;1628;KPÖ;3
G31026;Maissau;1628;EUROPA;7
G31028;Nappersdorf-Kammersdorf;1014;ÖVP;288
G31028;Nappersdorf-Kammersdorf;1014;SPÖ;83
G31028;Nappersdorf-Kammersdorf;1014;FPÖ;130
G31028;Nappersdorf-Kammersdorf;1014;GRÜNE;34
G31028;Nappersdorf-Kammersdorf;1014;NEOS;41
G31028;Nappersdorf-Kammersdorf;1014;KPÖ;0
G31028;Nappersdorf-Kammersdorf;1014;EUROPA;4
G31033;Pernersdorf;850;ÖVP;220
G31033;Pernersdorf;850;SPÖ;142
G31033;Pernersdorf;850;FPÖ;85
G31033;Pernersdorf;850;GRÜNE;24
G31033;Pernersdorf;850;NEOS;28
G31033;Pernersdorf;850;KPÖ;0
G31033;Pernersdorf;850;EUROPA;0
G31035;Pulkau;1274;ÖVP;411
G31035;Pulkau;1274;SPÖ;133
G31035;Pulkau;1274;FPÖ;98
G31035;Pulkau;1274;GRÜNE;35
G31035;Pulkau;1274;NEOS;27
G31035;Pulkau;1274;KPÖ;6
G31035;Pulkau;1274;EUROPA;6
G31036;Ravelsbach;1331;ÖVP;397
G31036;Ravelsbach;1331;SPÖ;131
G31036;Ravelsbach;1331;FPÖ;140
G31036;Ravelsbach;1331;GRÜNE;42
G31036;Ravelsbach;1331;NEOS;44
G31036;Ravelsbach;1331;KPÖ;6
G31036;Ravelsbach;1331;EUROPA;5
G31037;Retz;3523;ÖVP;960
G31037;Retz;3523;SPÖ;332
G31037;Retz;3523;FPÖ;283
G31037;Retz;3523;GRÜNE;187
G31037;Retz;3523;NEOS;146
G31037;Retz;3523;KPÖ;7
G31037;Retz;3523;EUROPA;18
G31038;Retzbach;836;ÖVP;268
G31038;Retzbach;836;SPÖ;63
G31038;Retzbach;836;FPÖ;116
G31038;Retzbach;836;GRÜNE;46
G31038;Retzbach;836;NEOS;23
G31038;Retzbach;836;KPÖ;3
G31038;Retzbach;836;EUROPA;5
G31041;Schrattenthal;737;ÖVP;298
G31041;Schrattenthal;737;SPÖ;101
G31041;Schrattenthal;737;FPÖ;36
G31041;Schrattenthal;737;GRÜNE;28
G31041;Schrattenthal;737;NEOS;24
G31041;Schrattenthal;737;KPÖ;0
G31041;Schrattenthal;737;EUROPA;3
G31042;Seefeld-Kadolz;814;ÖVP;186
G31042;Seefeld-Kadolz;814;SPÖ;126
G31042;Seefeld-Kadolz;814;FPÖ;83
G31042;Seefeld-Kadolz;814;GRÜNE;13
G31042;Seefeld-Kadolz;814;NEOS;9
G31042;Seefeld-Kadolz;814;KPÖ;1
G31042;Seefeld-Kadolz;814;EUROPA;3
G31043;Sitzendorf an der Schmida;1800;ÖVP;620
G31043;Sitzendorf an der Schmida;1800;SPÖ;173
G31043;Sitzendorf an der Schmida;1800;FPÖ;134
G31043;Sitzendorf an der Schmida;1800;GRÜNE;61
G31043;Sitzendorf an der Schmida;1800;NEOS;52
G31043;Sitzendorf an der Schmida;1800;KPÖ;7
G31043;Sitzendorf an der Schmida;1800;EUROPA;11
G31051;Wullersdorf;1978;ÖVP;615
G31051;Wullersdorf;1978;SPÖ;191
G31051;Wullersdorf;1978;FPÖ;247
G31051;Wullersdorf;1978;GRÜNE;69
G31051;Wullersdorf;1978;NEOS;55
G31051;Wullersdorf;1978;KPÖ;11
G31051;Wullersdorf;1978;EUROPA;10
G31052;Zellerndorf;2062;ÖVP;629
G31052;Zellerndorf;2062;SPÖ;300
G31052;Zellerndorf;2062;FPÖ;216
G31052;Zellerndorf;2062;GRÜNE;71
G31052;Zellerndorf;2062;NEOS;58
G31052;Zellerndorf;2062;KPÖ;5
G31052;Zellerndorf;2062;EUROPA;12
G31053;Ziersdorf;2791;ÖVP;778
G31053;Ziersdorf;2791;SPÖ;325
G31053;Ziersdorf;2791;FPÖ;272
G31053;Ziersdorf;2791;GRÜNE;124
G31053;Ziersdorf;2791;NEOS;104
G31053;Ziersdorf;2791;KPÖ;7
G31053;Ziersdorf;2791;EUROPA;13
G31099;Wahlkarten - Hollabrunn;0;ÖVP;1389
G31099;Wahlkarten - Hollabrunn;0;SPÖ;679
G31099;Wahlkarten - Hollabrunn;0;FPÖ;420
G31099;Wahlkarten - Hollabrunn;0;GRÜNE;410
G31099;Wahlkarten - Hollabrunn;0;NEOS;239
G31099;Wahlkarten - Hollabrunn;0;KPÖ;14
G31099;Wahlkarten - Hollabrunn;0;EUROPA;36
G31101;Altenburg;673;ÖVP;218
G31101;Altenburg;673;SPÖ;55
G31101;Altenburg;673;FPÖ;89
G31101;Altenburg;673;GRÜNE;24
G31101;Altenburg;673;NEOS;31
G31101;Altenburg;673;KPÖ;2
G31101;Altenburg;673;EUROPA;0
G31102;Brunn an der Wild;699;ÖVP;317
G31102;Brunn an der Wild;699;SPÖ;36
G31102;Brunn an der Wild;699;FPÖ;60
G31102;Brunn an der Wild;699;GRÜNE;13
G31102;Brunn an der Wild;699;NEOS;13
G31102;Brunn an der Wild;699;KPÖ;4
G31102;Brunn an der Wild;699;EUROPA;0
G31103;Burgschleinitz-Kühnring;1155;ÖVP;436
G31103;Burgschleinitz-Kühnring;1155;SPÖ;96
G31103;Burgschleinitz-Kühnring;1155;FPÖ;114
G31103;Burgschleinitz-Kühnring;1155;GRÜNE;37
G31103;Burgschleinitz-Kühnring;1155;NEOS;29
G31103;Burgschleinitz-Kühnring;1155;KPÖ;6
G31103;Burgschleinitz-Kühnring;1155;EUROPA;4
G31104;Drosendorf-Zissersdorf;1004;ÖVP;352
G31104;Drosendorf-Zissersdorf;1004;SPÖ;61
G31104;Drosendorf-Zissersdorf;1004;FPÖ;137
G31104;Drosendorf-Zissersdorf;1004;GRÜNE;34
G31104;Drosendorf-Zissersdorf;1004;NEOS;35
G31104;Drosendorf-Zissersdorf;1004;KPÖ;4
G31104;Drosendorf-Zissersdorf;1004;EUROPA;0
G31105;Eggenburg;2856;ÖVP;727
G31105;Eggenburg;2856;SPÖ;348
G31105;Eggenburg;2856;FPÖ;226
G31105;Eggenburg;2856;GRÜNE;146
G31105;Eggenburg;2856;NEOS;109
G31105;Eggenburg;2856;KPÖ;3
G31105;Eggenburg;2856;EUROPA;9
G31106;Gars am Kamp;2951;ÖVP;817
G31106;Gars am Kamp;2951;SPÖ;315
G31106;Gars am Kamp;2951;FPÖ;348
G31106;Gars am Kamp;2951;GRÜNE;154
G31106;Gars am Kamp;2951;NEOS;125
G31106;Gars am Kamp;2951;KPÖ;7
G31106;Gars am Kamp;2951;EUROPA;11
G31107;Geras;1098;ÖVP;432
G31107;Geras;1098;SPÖ;73
G31107;Geras;1098;FPÖ;113
G31107;Geras;1098;GRÜNE;32
G31107;Geras;1098;NEOS;36
G31107;Geras;1098;KPÖ;3
G31107;Geras;1098;EUROPA;5
G31109;Horn;5180;ÖVP;1336
G31109;Horn;5180;SPÖ;412
G31109;Horn;5180;FPÖ;478
G31109;Horn;5180;GRÜNE;240
G31109;Horn;5180;NEOS;184
G31109;Horn;5180;KPÖ;11
G31109;Horn;5180;EUROPA;23
G31110;Irnfritz-Messern;1175;ÖVP;491
G31110;Irnfritz-Messern;1175;SPÖ;84
G31110;Irnfritz-Messern;1175;FPÖ;164
G31110;Irnfritz-Messern;1175;GRÜNE;22
G31110;Irnfritz-Messern;1175;NEOS;24
G31110;Irnfritz-Messern;1175;KPÖ;0
G31110;Irnfritz-Messern;1175;EUROPA;7
G31111;Japons;593;ÖVP;280
G31111;Japons;593;SPÖ;22
G31111;Japons;593;FPÖ;58
G31111;Japons;593;GRÜNE;13
G31111;Japons;593;NEOS;18
G31111;Japons;593;KPÖ;1
G31111;Japons;593;EUROPA;3
G31113;Langau;577;ÖVP;243
G31113;Langau;577;SPÖ;61
G31113;Langau;577;FPÖ;53
G31113;Langau;577;GRÜNE;20
G31113;Langau;577;NEOS;15
G31113;Langau;577;KPÖ;1
G31113;Langau;577;EUROPA;1
G31114;Meiseldorf;754;ÖVP;277
G31114;Meiseldorf;754;SPÖ;74
G31114;Meiseldorf;754;FPÖ;84
G31114;Meiseldorf;754;GRÜNE;20
G31114;Meiseldorf;754;NEOS;19
G31114;Meiseldorf;754;KPÖ;3
G31114;Meiseldorf;754;EUROPA;4
G31117;Pernegg;601;ÖVP;224
G31117;Pernegg;601;SPÖ;46
G31117;Pernegg;601;FPÖ;72
G31117;Pernegg;601;GRÜNE;23
G31117;Pernegg;601;NEOS;25
G31117;Pernegg;601;KPÖ;0
G31117;Pernegg;601;EUROPA;0
G31119;Röhrenbach;454;ÖVP;231
G31119;Röhrenbach;454;SPÖ;13
G31119;Röhrenbach;454;FPÖ;48
G31119;Röhrenbach;454;GRÜNE;11
G31119;Röhrenbach;454;NEOS;5
G31119;Röhrenbach;454;KPÖ;0
G31119;Röhrenbach;454;EUROPA;2
G31120;Röschitz;893;ÖVP;347
G31120;Röschitz;893;SPÖ;93
G31120;Röschitz;893;FPÖ;88
G31120;Röschitz;893;GRÜNE;15
G31120;Röschitz;893;NEOS;28
G31120;Röschitz;893;KPÖ;4
G31120;Röschitz;893;EUROPA;2
G31121;Rosenburg-Mold;671;ÖVP;217
G31121;Rosenburg-Mold;671;SPÖ;53
G31121;Rosenburg-Mold;671;FPÖ;81
G31121;Rosenburg-Mold;671;GRÜNE;13
G31121;Rosenburg-Mold;671;NEOS;19
G31121;Rosenburg-Mold;671;KPÖ;2
G31121;Rosenburg-Mold;671;EUROPA;7
G31123;St. Bernhard-Frauenhofen;1058;ÖVP;458
G31123;St. Bernhard-Frauenhofen;1058;SPÖ;56
G31123;St. Bernhard-Frauenhofen;1058;FPÖ;105
G31123;St. Bernhard-Frauenhofen;1058;GRÜNE;45
G31123;St. Bernhard-Frauenhofen;1058;NEOS;35
G31123;St. Bernhard-Frauenhofen;1058;KPÖ;5
G31123;St. Bernhard-Frauenhofen;1058;EUROPA;6
G31124;Sigmundsherberg;1375;ÖVP;381
G31124;Sigmundsherberg;1375;SPÖ;234
G31124;Sigmundsherberg;1375;FPÖ;137
G31124;Sigmundsherberg;1375;GRÜNE;44
G31124;Sigmundsherberg;1375;NEOS;36
G31124;Sigmundsherberg;1375;KPÖ;1
G31124;Sigmundsherberg;1375;EUROPA;10
G31129;Weitersfeld;1323;ÖVP;651
G31129;Weitersfeld;1323;SPÖ;91
G31129;Weitersfeld;1323;FPÖ;100
G31129;Weitersfeld;1323;GRÜNE;36
G31129;Weitersfeld;1323;NEOS;42
G31129;Weitersfeld;1323;KPÖ;1
G31129;Weitersfeld;1323;EUROPA;4
G31130;Straning-Grafenberg;616;ÖVP;215
G31130;Straning-Grafenberg;616;SPÖ;73
G31130;Straning-Grafenberg;616;FPÖ;57
G31130;Straning-Grafenberg;616;GRÜNE;25
G31130;Straning-Grafenberg;616;NEOS;7
G31130;Straning-Grafenberg;616;KPÖ;0
G31130;Straning-Grafenberg;616;EUROPA;1
G31199;Wahlkarten - Horn;0;ÖVP;1160
G31199;Wahlkarten - Horn;0;SPÖ;475
G31199;Wahlkarten - Horn;0;FPÖ;296
G31199;Wahlkarten - Horn;0;GRÜNE;335
G31199;Wahlkarten - Horn;0;NEOS;182
G31199;Wahlkarten - Horn;0;KPÖ;21
G31199;Wahlkarten - Horn;0;EUROPA;38
G31201;Bisamberg;3678;ÖVP;939
G31201;Bisamberg;3678;SPÖ;389
G31201;Bisamberg;3678;FPÖ;209
G31201;Bisamberg;3678;GRÜNE;352
G31201;Bisamberg;3678;NEOS;321
G31201;Bisamberg;3678;KPÖ;10
G31201;Bisamberg;3678;EUROPA;26
G31202;Enzersfeld im Weinviertel;1408;ÖVP;383
G31202;Enzersfeld im Weinviertel;1408;SPÖ;193
G31202;Enzersfeld im Weinviertel;1408;FPÖ;128
G31202;Enzersfeld im Weinviertel;1408;GRÜNE;81
G31202;Enzersfeld im Weinviertel;1408;NEOS;78
G31202;Enzersfeld im Weinviertel;1408;KPÖ;2
G31202;Enzersfeld im Weinviertel;1408;EUROPA;4
G31203;Ernstbrunn;2584;ÖVP;784
G31203;Ernstbrunn;2584;SPÖ;210
G31203;Ernstbrunn;2584;FPÖ;261
G31203;Ernstbrunn;2584;GRÜNE;124
G31203;Ernstbrunn;2584;NEOS;72
G31203;Ernstbrunn;2584;KPÖ;5
G31203;Ernstbrunn;2584;EUROPA;14
G31204;Großmugl;1320;ÖVP;396
G31204;Großmugl;1320;SPÖ;81
G31204;Großmugl;1320;FPÖ;150
G31204;Großmugl;1320;GRÜNE;70
G31204;Großmugl;1320;NEOS;68
G31204;Großmugl;1320;KPÖ;6
G31204;Großmugl;1320;EUROPA;9
G31205;Großrußbach;1763;ÖVP;575
G31205;Großrußbach;1763;SPÖ;147
G31205;Großrußbach;1763;FPÖ;166
G31205;Großrußbach;1763;GRÜNE;134
G31205;Großrußbach;1763;NEOS;75
G31205;Großrußbach;1763;KPÖ;5
G31205;Großrußbach;1763;EUROPA;11
G31206;Hagenbrunn;1678;ÖVP;462
G31206;Hagenbrunn;1678;SPÖ;187
G31206;Hagenbrunn;1678;FPÖ;191
G31206;Hagenbrunn;1678;GRÜNE;102
G31206;Hagenbrunn;1678;NEOS;109
G31206;Hagenbrunn;1678;KPÖ;3
G31206;Hagenbrunn;1678;EUROPA;6
G31207;Harmannsdorf;3248;ÖVP;886
G31207;Harmannsdorf;3248;SPÖ;312
G31207;Harmannsdorf;3248;FPÖ;357
G31207;Harmannsdorf;3248;GRÜNE;234
G31207;Harmannsdorf;3248;NEOS;184
G31207;Harmannsdorf;3248;KPÖ;11
G31207;Harmannsdorf;3248;EUROPA;13
G31208;Hausleiten;2964;ÖVP;823
G31208;Hausleiten;2964;SPÖ;297
G31208;Hausleiten;2964;FPÖ;318
G31208;Hausleiten;2964;GRÜNE;147
G31208;Hausleiten;2964;NEOS;140
G31208;Hausleiten;2964;KPÖ;8
G31208;Hausleiten;2964;EUROPA;14
G31213;Korneuburg;9664;ÖVP;1859
G31213;Korneuburg;9664;SPÖ;1271
G31213;Korneuburg;9664;FPÖ;882
G31213;Korneuburg;9664;GRÜNE;730
G31213;Korneuburg;9664;NEOS;578
G31213;Korneuburg;9664;KPÖ;52
G31213;Korneuburg;9664;EUROPA;64
G31214;Langenzersdorf;6395;ÖVP;1464
G31214;Langenzersdorf;6395;SPÖ;684
G31214;Langenzersdorf;6395;FPÖ;544
G31214;Langenzersdorf;6395;GRÜNE;634
G31214;Langenzersdorf;6395;NEOS;443
G31214;Langenzersdorf;6395;KPÖ;29
G31214;Langenzersdorf;6395;EUROPA;53
G31215;Leitzersdorf;988;ÖVP;283
G31215;Leitzersdorf;988;SPÖ;80
G31215;Leitzersdorf;988;FPÖ;112
G31215;Leitzersdorf;988;GRÜNE;57
G31215;Leitzersdorf;988;NEOS;42
G31215;Leitzersdorf;988;KPÖ;3
G31215;Leitzersdorf;988;EUROPA;8
G31216;Leobendorf;3868;ÖVP;969
G31216;Leobendorf;3868;SPÖ;513
G31216;Leobendorf;3868;FPÖ;306
G31216;Leobendorf;3868;GRÜNE;276
G31216;Leobendorf;3868;NEOS;228
G31216;Leobendorf;3868;KPÖ;8
G31216;Leobendorf;3868;EUROPA;18
G31224;Rußbach;1140;ÖVP;338
G31224;Rußbach;1140;SPÖ;101
G31224;Rußbach;1140;FPÖ;100
G31224;Rußbach;1140;GRÜNE;43
G31224;Rußbach;1140;NEOS;51
G31224;Rußbach;1140;KPÖ;3
G31224;Rußbach;1140;EUROPA;4
G31226;Sierndorf;3161;ÖVP;868
G31226;Sierndorf;3161;SPÖ;283
G31226;Sierndorf;3161;FPÖ;326
G31226;Sierndorf;3161;GRÜNE;190
G31226;Sierndorf;3161;NEOS;155
G31226;Sierndorf;3161;KPÖ;6
G31226;Sierndorf;3161;EUROPA;13
G31227;Spillern;1827;ÖVP;318
G31227;Spillern;1827;SPÖ;302
G31227;Spillern;1827;FPÖ;178
G31227;Spillern;1827;GRÜNE;116
G31227;Spillern;1827;NEOS;90
G31227;Spillern;1827;KPÖ;14
G31227;Spillern;1827;EUROPA;17
G31228;Stetteldorf am Wagram;828;ÖVP;301
G31228;Stetteldorf am Wagram;828;SPÖ;81
G31228;Stetteldorf am Wagram;828;FPÖ;87
G31228;Stetteldorf am Wagram;828;GRÜNE;39
G31228;Stetteldorf am Wagram;828;NEOS;32
G31228;Stetteldorf am Wagram;828;KPÖ;3
G31228;Stetteldorf am Wagram;828;EUROPA;2
G31229;Stetten;1066;ÖVP;217
G31229;Stetten;1066;SPÖ;166
G31229;Stetten;1066;FPÖ;115
G31229;Stetten;1066;GRÜNE;67
G31229;Stetten;1066;NEOS;55
G31229;Stetten;1066;KPÖ;0
G31229;Stetten;1066;EUROPA;2
G31230;Stockerau;12653;ÖVP;2306
G31230;Stockerau;12653;SPÖ;1554
G31230;Stockerau;12653;FPÖ;1116
G31230;Stockerau;12653;GRÜNE;1002
G31230;Stockerau;12653;NEOS;515
G31230;Stockerau;12653;KPÖ;54
G31230;Stockerau;12653;EUROPA;68
G31234;Niederhollabrunn;1254;ÖVP;348
G31234;Niederhollabrunn;1254;SPÖ;132
G31234;Niederhollabrunn;1254;FPÖ;153
G31234;Niederhollabrunn;1254;GRÜNE;90
G31234;Niederhollabrunn;1254;NEOS;53
G31234;Niederhollabrunn;1254;KPÖ;0
G31234;Niederhollabrunn;1254;EUROPA;5
G31235;Gerasdorf bei Wien;8539;ÖVP;1916
G31235;Gerasdorf bei Wien;8539;SPÖ;1150
G31235;Gerasdorf bei Wien;8539;FPÖ;1037
G31235;Gerasdorf bei Wien;8539;GRÜNE;468
G31235;Gerasdorf bei Wien;8539;NEOS;392
G31235;Gerasdorf bei Wien;8539;KPÖ;40
G31235;Gerasdorf bei Wien;8539;EUROPA;46
G31299;Wahlkarten - Korneuburg;0;ÖVP;2352
G31299;Wahlkarten - Korneuburg;0;SPÖ;1449
G31299;Wahlkarten - Korneuburg;0;FPÖ;797
G31299;Wahlkarten - Korneuburg;0;GRÜNE;1011
G31299;Wahlkarten - Korneuburg;0;NEOS;669
G31299;Wahlkarten - Korneuburg;0;KPÖ;43
G31299;Wahlkarten - Korneuburg;0;EUROPA;79
G31301;Aggsbach;540;ÖVP;116
G31301;Aggsbach;540;SPÖ;101
G31301;Aggsbach;540;FPÖ;61
G31301;Aggsbach;540;GRÜNE;23
G31301;Aggsbach;540;NEOS;12
G31301;Aggsbach;540;KPÖ;5
G31301;Aggsbach;540;EUROPA;3
G31302;Albrechtsberg an der Großen Krems;859;ÖVP;296
G31302;Albrechtsberg an der Großen Krems;859;SPÖ;91
G31302;Albrechtsberg an der Großen Krems;859;FPÖ;87
G31302;Albrechtsberg an der Großen Krems;859;GRÜNE;27
G31302;Albrechtsberg an der Großen Krems;859;NEOS;19
G31302;Albrechtsberg an der Großen Krems;859;KPÖ;4
G31302;Albrechtsberg an der Großen Krems;859;EUROPA;2
G31303;Bergern im Dunkelsteinerwald;1051;ÖVP;320
G31303;Bergern im Dunkelsteinerwald;1051;SPÖ;103
G31303;Bergern im Dunkelsteinerwald;1051;FPÖ;107
G31303;Bergern im Dunkelsteinerwald;1051;GRÜNE;50
G31303;Bergern im Dunkelsteinerwald;1051;NEOS;46
G31303;Bergern im Dunkelsteinerwald;1051;KPÖ;1
G31303;Bergern im Dunkelsteinerwald;1051;EUROPA;4
G31304;Dürnstein;697;ÖVP;278
G31304;Dürnstein;697;SPÖ;81
G31304;Dürnstein;697;FPÖ;44
G31304;Dürnstein;697;GRÜNE;40
G31304;Dürnstein;697;NEOS;35
G31304;Dürnstein;697;KPÖ;3
G31304;Dürnstein;697;EUROPA;1
G31308;Grafenegg;2464;ÖVP;721
G31308;Grafenegg;2464;SPÖ;252
G31308;Grafenegg;2464;FPÖ;250
G31308;Grafenegg;2464;GRÜNE;149
G31308;Grafenegg;2464;NEOS;115
G31308;Grafenegg;2464;KPÖ;10
G31308;Grafenegg;2464;EUROPA;21
G31309;Furth bei Göttweig;2333;ÖVP;626
G31309;Furth bei Göttweig;2333;SPÖ;320
G31309;Furth bei Göttweig;2333;FPÖ;210
G31309;Furth bei Göttweig;2333;GRÜNE;153
G31309;Furth bei Göttweig;2333;NEOS;96
G31309;Furth bei Göttweig;2333;KPÖ;11
G31309;Furth bei Göttweig;2333;EUROPA;15
G31310;Gedersdorf;1770;ÖVP;448
G31310;Gedersdorf;1770;SPÖ;258
G31310;Gedersdorf;1770;FPÖ;251
G31310;Gedersdorf;1770;GRÜNE;77
G31310;Gedersdorf;1770;NEOS;74
G31310;Gedersdorf;1770;KPÖ;5
G31310;Gedersdorf;1770;EUROPA;7
G31311;Gföhl;3159;ÖVP;914
G31311;Gföhl;3159;SPÖ;286
G31311;Gföhl;3159;FPÖ;387
G31311;Gföhl;3159;GRÜNE;118
G31311;Gföhl;3159;NEOS;83
G31311;Gföhl;3159;KPÖ;11
G31311;Gföhl;3159;EUROPA;16
G31315;Hadersdorf-Kammern;1616;ÖVP;416
G31315;Hadersdorf-Kammern;1616;SPÖ;197
G31315;Hadersdorf-Kammern;1616;FPÖ;157
G31315;Hadersdorf-Kammern;1616;GRÜNE;102
G31315;Hadersdorf-Kammern;1616;NEOS;70
G31315;Hadersdorf-Kammern;1616;KPÖ;7
G31315;Hadersdorf-Kammern;1616;EUROPA;7
G31319;Jaidhof;954;ÖVP;344
G31319;Jaidhof;954;SPÖ;86
G31319;Jaidhof;954;FPÖ;88
G31319;Jaidhof;954;GRÜNE;60
G31319;Jaidhof;954;NEOS;22
G31319;Jaidhof;954;KPÖ;4
G31319;Jaidhof;954;EUROPA;7
G31321;Krumau am Kamp;633;ÖVP;219
G31321;Krumau am Kamp;633;SPÖ;61
G31321;Krumau am Kamp;633;FPÖ;93
G31321;Krumau am Kamp;633;GRÜNE;15
G31321;Krumau am Kamp;633;NEOS;16
G31321;Krumau am Kamp;633;KPÖ;0
G31321;Krumau am Kamp;633;EUROPA;1
G31322;Langenlois;6113;ÖVP;1583
G31322;Langenlois;6113;SPÖ;569
G31322;Langenlois;6113;FPÖ;699
G31322;Langenlois;6113;GRÜNE;400
G31322;Langenlois;6113;NEOS;286
G31322;Langenlois;6113;KPÖ;14
G31322;Langenlois;6113;EUROPA;35
G31323;Lengenfeld;1139;ÖVP;318
G31323;Lengenfeld;1139;SPÖ;140
G31323;Lengenfeld;1139;FPÖ;133
G31323;Lengenfeld;1139;GRÜNE;69
G31323;Lengenfeld;1139;NEOS;62
G31323;Lengenfeld;1139;KPÖ;4
G31323;Lengenfeld;1139;EUROPA;6
G31324;Lichtenau im Waldviertel;1709;ÖVP;635
G31324;Lichtenau im Waldviertel;1709;SPÖ;103
G31324;Lichtenau im Waldviertel;1709;FPÖ;211
G31324;Lichtenau im Waldviertel;1709;GRÜNE;43
G31324;Lichtenau im Waldviertel;1709;NEOS;43
G31324;Lichtenau im Waldviertel;1709;KPÖ;5
G31324;Lichtenau im Waldviertel;1709;EUROPA;1
G31326;Maria Laach am Jauerling;763;ÖVP;291
G31326;Maria Laach am Jauerling;763;SPÖ;70
G31326;Maria Laach am Jauerling;763;FPÖ;78
G31326;Maria Laach am Jauerling;763;GRÜNE;33
G31326;Maria Laach am Jauerling;763;NEOS;37
G31326;Maria Laach am Jauerling;763;KPÖ;1
G31326;Maria Laach am Jauerling;763;EUROPA;2
G31327;Mautern an der Donau;2862;ÖVP;788
G31327;Mautern an der Donau;2862;SPÖ;284
G31327;Mautern an der Donau;2862;FPÖ;266
G31327;Mautern an der Donau;2862;GRÜNE;183
G31327;Mautern an der Donau;2862;NEOS;152
G31327;Mautern an der Donau;2862;KPÖ;7
G31327;Mautern an der Donau;2862;EUROPA;12
G31330;Mühldorf;1116;ÖVP;357
G31330;Mühldorf;1116;SPÖ;146
G31330;Mühldorf;1116;FPÖ;101
G31330;Mühldorf;1116;GRÜNE;41
G31330;Mühldorf;1116;NEOS;38
G31330;Mühldorf;1116;KPÖ;2
G31330;Mühldorf;1116;EUROPA;2
G31333;Paudorf;2098;ÖVP;433
G31333;Paudorf;2098;SPÖ;383
G31333;Paudorf;2098;FPÖ;247
G31333;Paudorf;2098;GRÜNE;119
G31333;Paudorf;2098;NEOS;86
G31333;Paudorf;2098;KPÖ;7
G31333;Paudorf;2098;EUROPA;16
G31336;Rastenfeld;1260;ÖVP;448
G31336;Rastenfeld;1260;SPÖ;82
G31336;Rastenfeld;1260;FPÖ;166
G31336;Rastenfeld;1260;GRÜNE;42
G31336;Rastenfeld;1260;NEOS;37
G31336;Rastenfeld;1260;KPÖ;6
G31336;Rastenfeld;1260;EUROPA;4
G31337;Rohrendorf bei Krems;1616;ÖVP;445
G31337;Rohrendorf bei Krems;1616;SPÖ;205
G31337;Rohrendorf bei Krems;1616;FPÖ;160
G31337;Rohrendorf bei Krems;1616;GRÜNE;105
G31337;Rohrendorf bei Krems;1616;NEOS;112
G31337;Rohrendorf bei Krems;1616;KPÖ;4
G31337;Rohrendorf bei Krems;1616;EUROPA;11
G31338;Rossatz-Arnsdorf;911;ÖVP;312
G31338;Rossatz-Arnsdorf;911;SPÖ;102
G31338;Rossatz-Arnsdorf;911;FPÖ;61
G31338;Rossatz-Arnsdorf;911;GRÜNE;53
G31338;Rossatz-Arnsdorf;911;NEOS;48
G31338;Rossatz-Arnsdorf;911;KPÖ;3
G31338;Rossatz-Arnsdorf;911;EUROPA;6
G31340;St. Leonhard am Hornerwald;921;ÖVP;371
G31340;St. Leonhard am Hornerwald;921;SPÖ;53
G31340;St. Leonhard am Hornerwald;921;FPÖ;116
G31340;St. Leonhard am Hornerwald;921;GRÜNE;35
G31340;St. Leonhard am Hornerwald;921;NEOS;19
G31340;St. Leonhard am Hornerwald;921;KPÖ;4
G31340;St. Leonhard am Hornerwald;921;EUROPA;4
G31343;Senftenberg;1605;ÖVP;405
G31343;Senftenberg;1605;SPÖ;200
G31343;Senftenberg;1605;FPÖ;146
G31343;Senftenberg;1605;GRÜNE;87
G31343;Senftenberg;1605;NEOS;82
G31343;Senftenberg;1605;KPÖ;2
G31343;Senftenberg;1605;EUROPA;11
G31344;Spitz;1333;ÖVP;484
G31344;Spitz;1333;SPÖ;112
G31344;Spitz;1333;FPÖ;109
G31344;Spitz;1333;GRÜNE;43
G31344;Spitz;1333;NEOS;74
G31344;Spitz;1333;KPÖ;4
G31344;Spitz;1333;EUROPA;6
G31346;Straß im Straßertale;1354;ÖVP;421
G31346;Straß im Straßertale;1354;SPÖ;103
G31346;Straß im Straßertale;1354;FPÖ;149
G31346;Straß im Straßertale;1354;GRÜNE;97
G31346;Straß im Straßertale;1354;NEOS;66
G31346;Straß im Straßertale;1354;KPÖ;6
G31346;Straß im Straßertale;1354;EUROPA;9
G31347;Stratzing;691;ÖVP;254
G31347;Stratzing;691;SPÖ;61
G31347;Stratzing;691;FPÖ;55
G31347;Stratzing;691;GRÜNE;37
G31347;Stratzing;691;NEOS;39
G31347;Stratzing;691;KPÖ;2
G31347;Stratzing;691;EUROPA;3
G31350;Weinzierl am Walde;1054;ÖVP;408
G31350;Weinzierl am Walde;1054;SPÖ;75
G31350;Weinzierl am Walde;1054;FPÖ;121
G31350;Weinzierl am Walde;1054;GRÜNE;15
G31350;Weinzierl am Walde;1054;NEOS;30
G31350;Weinzierl am Walde;1054;KPÖ;4
G31350;Weinzierl am Walde;1054;EUROPA;2
G31351;Weißenkirchen in der Wachau;1214;ÖVP;458
G31351;Weißenkirchen in der Wachau;1214;SPÖ;138
G31351;Weißenkirchen in der Wachau;1214;FPÖ;106
G31351;Weißenkirchen in der Wachau;1214;GRÜNE;65
G31351;Weißenkirchen in der Wachau;1214;NEOS;70
G31351;Weißenkirchen in der Wachau;1214;KPÖ;4
G31351;Weißenkirchen in der Wachau;1214;EUROPA;2
G31355;Schönberg am Kamp;1532;ÖVP;450
G31355;Schönberg am Kamp;1532;SPÖ;130
G31355;Schönberg am Kamp;1532;FPÖ;189
G31355;Schönberg am Kamp;1532;GRÜNE;122
G31355;Schönberg am Kamp;1532;NEOS;88
G31355;Schönberg am Kamp;1532;KPÖ;9
G31355;Schönberg am Kamp;1532;EUROPA;10
G31356;Droß;817;ÖVP;230
G31356;Droß;817;SPÖ;86
G31356;Droß;817;FPÖ;104
G31356;Droß;817;GRÜNE;69
G31356;Droß;817;NEOS;48
G31356;Droß;817;KPÖ;4
G31356;Droß;817;EUROPA;6
G31399;Wahlkarten - Krems Land;0;ÖVP;1444
G31399;Wahlkarten - Krems Land;0;SPÖ;801
G31399;Wahlkarten - Krems Land;0;FPÖ;457
G31399;Wahlkarten - Krems Land;0;GRÜNE;600
G31399;Wahlkarten - Krems Land;0;NEOS;360
G31399;Wahlkarten - Krems Land;0;KPÖ;25
G31399;Wahlkarten - Krems Land;0;EUROPA;53
G31401;Annaberg;422;ÖVP;128
G31401;Annaberg;422;SPÖ;43
G31401;Annaberg;422;FPÖ;25
G31401;Annaberg;422;GRÜNE;15
G31401;Annaberg;422;NEOS;14
G31401;Annaberg;422;KPÖ;1
G31401;Annaberg;422;EUROPA;0
G31402;Eschenau;1022;ÖVP;326
G31402;Eschenau;1022;SPÖ;108
G31402;Eschenau;1022;FPÖ;90
G31402;Eschenau;1022;GRÜNE;57
G31402;Eschenau;1022;NEOS;40
G31402;Eschenau;1022;KPÖ;6
G31402;Eschenau;1022;EUROPA;4
G31403;Hainfeld;2939;ÖVP;675
G31403;Hainfeld;2939;SPÖ;510
G31403;Hainfeld;2939;FPÖ;305
G31403;Hainfeld;2939;GRÜNE;129
G31403;Hainfeld;2939;NEOS;94
G31403;Hainfeld;2939;KPÖ;8
G31403;Hainfeld;2939;EUROPA;13
G31404;Hohenberg;1204;ÖVP;193
G31404;Hohenberg;1204;SPÖ;295
G31404;Hohenberg;1204;FPÖ;106
G31404;Hohenberg;1204;GRÜNE;67
G31404;Hohenberg;1204;NEOS;31
G31404;Hohenberg;1204;KPÖ;5
G31404;Hohenberg;1204;EUROPA;5
G31405;Kaumberg;833;ÖVP;238
G31405;Kaumberg;833;SPÖ;53
G31405;Kaumberg;833;FPÖ;149
G31405;Kaumberg;833;GRÜNE;45
G31405;Kaumberg;833;NEOS;36
G31405;Kaumberg;833;KPÖ;1
G31405;Kaumberg;833;EUROPA;4
G31406;Kleinzell;675;ÖVP;262
G31406;Kleinzell;675;SPÖ;49
G31406;Kleinzell;675;FPÖ;88
G31406;Kleinzell;675;GRÜNE;19
G31406;Kleinzell;675;NEOS;12
G31406;Kleinzell;675;KPÖ;1
G31406;Kleinzell;675;EUROPA;4
G31407;Lilienfeld;2018;ÖVP;450
G31407;Lilienfeld;2018;SPÖ;303
G31407;Lilienfeld;2018;FPÖ;167
G31407;Lilienfeld;2018;GRÜNE;127
G31407;Lilienfeld;2018;NEOS;76
G31407;Lilienfeld;2018;KPÖ;9
G31407;Lilienfeld;2018;EUROPA;11
G31408;Mitterbach am Erlaufsee;401;ÖVP;141
G31408;Mitterbach am Erlaufsee;401;SPÖ;31
G31408;Mitterbach am Erlaufsee;401;FPÖ;29
G31408;Mitterbach am Erlaufsee;401;GRÜNE;10
G31408;Mitterbach am Erlaufsee;401;NEOS;11
G31408;Mitterbach am Erlaufsee;401;KPÖ;1
G31408;Mitterbach am Erlaufsee;401;EUROPA;0
G31409;Ramsau;650;ÖVP;194
G31409;Ramsau;650;SPÖ;73
G31409;Ramsau;650;FPÖ;56
G31409;Ramsau;650;GRÜNE;27
G31409;Ramsau;650;NEOS;22
G31409;Ramsau;650;KPÖ;0
G31409;Ramsau;650;EUROPA;4
G31410;Rohrbach an der Gölsen;1261;ÖVP;356
G31410;Rohrbach an der Gölsen;1261;SPÖ;167
G31410;Rohrbach an der Gölsen;1261;FPÖ;138
G31410;Rohrbach an der Gölsen;1261;GRÜNE;73
G31410;Rohrbach an der Gölsen;1261;NEOS;55
G31410;Rohrbach an der Gölsen;1261;KPÖ;4
G31410;Rohrbach an der Gölsen;1261;EUROPA;7
G31411;St. Aegyd am Neuwalde;1553;ÖVP;334
G31411;St. Aegyd am Neuwalde;1553;SPÖ;331
G31411;St. Aegyd am Neuwalde;1553;FPÖ;123
G31411;St. Aegyd am Neuwalde;1553;GRÜNE;45
G31411;St. Aegyd am Neuwalde;1553;NEOS;35
G31411;St. Aegyd am Neuwalde;1553;KPÖ;12
G31411;St. Aegyd am Neuwalde;1553;EUROPA;7
G31412;St. Veit an der Gölsen;3077;ÖVP;754
G31412;St. Veit an der Gölsen;3077;SPÖ;589
G31412;St. Veit an der Gölsen;3077;FPÖ;333
G31412;St. Veit an der Gölsen;3077;GRÜNE;152
G31412;St. Veit an der Gölsen;3077;NEOS;109
G31412;St. Veit an der Gölsen;3077;KPÖ;12
G31412;St. Veit an der Gölsen;3077;EUROPA;17
G31413;Traisen;2478;ÖVP;352
G31413;Traisen;2478;SPÖ;608
G31413;Traisen;2478;FPÖ;286
G31413;Traisen;2478;GRÜNE;100
G31413;Traisen;2478;NEOS;46
G31413;Traisen;2478;KPÖ;13
G31413;Traisen;2478;EUROPA;8
G31414;Türnitz;1597;ÖVP;484
G31414;Türnitz;1597;SPÖ;184
G31414;Türnitz;1597;FPÖ;169
G31414;Türnitz;1597;GRÜNE;70
G31414;Türnitz;1597;NEOS;43
G31414;Türnitz;1597;KPÖ;5
G31414;Türnitz;1597;EUROPA;4
G31499;Wahlkarten - Lilienfeld;0;ÖVP;695
G31499;Wahlkarten - Lilienfeld;0;SPÖ;589
G31499;Wahlkarten - Lilienfeld;0;FPÖ;199
G31499;Wahlkarten - Lilienfeld;0;GRÜNE;187
G31499;Wahlkarten - Lilienfeld;0;NEOS;104
G31499;Wahlkarten - Lilienfeld;0;KPÖ;11
G31499;Wahlkarten - Lilienfeld;0;EUROPA;12
G31502;Artstetten-Pöbring;961;ÖVP;352
G31502;Artstetten-Pöbring;961;SPÖ;101
G31502;Artstetten-Pöbring;961;FPÖ;74
G31502;Artstetten-Pöbring;961;GRÜNE;30
G31502;Artstetten-Pöbring;961;NEOS;27
G31502;Artstetten-Pöbring;961;KPÖ;5
G31502;Artstetten-Pöbring;961;EUROPA;5
G31503;Bergland;1525;ÖVP;508
G31503;Bergland;1525;SPÖ;162
G31503;Bergland;1525;FPÖ;181
G31503;Bergland;1525;GRÜNE;65
G31503;Bergland;1525;NEOS;41
G31503;Bergland;1525;KPÖ;5
G31503;Bergland;1525;EUROPA;5
G31504;Bischofstetten;981;ÖVP;328
G31504;Bischofstetten;981;SPÖ;157
G31504;Bischofstetten;981;FPÖ;110
G31504;Bischofstetten;981;GRÜNE;49
G31504;Bischofstetten;981;NEOS;31
G31504;Bischofstetten;981;KPÖ;0
G31504;Bischofstetten;981;EUROPA;3
G31505;Blindenmarkt;1979;ÖVP;480
G31505;Blindenmarkt;1979;SPÖ;185
G31505;Blindenmarkt;1979;FPÖ;347
G31505;Blindenmarkt;1979;GRÜNE;66
G31505;Blindenmarkt;1979;NEOS;74
G31505;Blindenmarkt;1979;KPÖ;13
G31505;Blindenmarkt;1979;EUROPA;7
G31506;Dorfstetten;478;ÖVP;136
G31506;Dorfstetten;478;SPÖ;77
G31506;Dorfstetten;478;FPÖ;75
G31506;Dorfstetten;478;GRÜNE;6
G31506;Dorfstetten;478;NEOS;8
G31506;Dorfstetten;478;KPÖ;1
G31506;Dorfstetten;478;EUROPA;2
G31507;Dunkelsteinerwald;1973;ÖVP;521
G31507;Dunkelsteinerwald;1973;SPÖ;180
G31507;Dunkelsteinerwald;1973;FPÖ;314
G31507;Dunkelsteinerwald;1973;GRÜNE;75
G31507;Dunkelsteinerwald;1973;NEOS;84
G31507;Dunkelsteinerwald;1973;KPÖ;10
G31507;Dunkelsteinerwald;1973;EUROPA;2
G31508;Erlauf;866;ÖVP;203
G31508;Erlauf;866;SPÖ;118
G31508;Erlauf;866;FPÖ;97
G31508;Erlauf;866;GRÜNE;34
G31508;Erlauf;866;NEOS;25
G31508;Erlauf;866;KPÖ;3
G31508;Erlauf;866;EUROPA;1
G31509;Golling an der Erlauf;1183;ÖVP;96
G31509;Golling an der Erlauf;1183;SPÖ;304
G31509;Golling an der Erlauf;1183;FPÖ;167
G31509;Golling an der Erlauf;1183;GRÜNE;34
G31509;Golling an der Erlauf;1183;NEOS;32
G31509;Golling an der Erlauf;1183;KPÖ;7
G31509;Golling an der Erlauf;1183;EUROPA;10
G31511;Hofamt Priel;1391;ÖVP;364
G31511;Hofamt Priel;1391;SPÖ;246
G31511;Hofamt Priel;1391;FPÖ;151
G31511;Hofamt Priel;1391;GRÜNE;60
G31511;Hofamt Priel;1391;NEOS;49
G31511;Hofamt Priel;1391;KPÖ;7
G31511;Hofamt Priel;1391;EUROPA;2
G31513;Hürm;1488;ÖVP;577
G31513;Hürm;1488;SPÖ;81
G31513;Hürm;1488;FPÖ;149
G31513;Hürm;1488;GRÜNE;65
G31513;Hürm;1488;NEOS;55
G31513;Hürm;1488;KPÖ;1
G31513;Hürm;1488;EUROPA;1
G31514;Kilb;2078;ÖVP;807
G31514;Kilb;2078;SPÖ;144
G31514;Kilb;2078;FPÖ;180
G31514;Kilb;2078;GRÜNE;111
G31514;Kilb;2078;NEOS;68
G31514;Kilb;2078;KPÖ;5
G31514;Kilb;2078;EUROPA;7
G31515;Kirnberg an der Mank;859;ÖVP;359
G31515;Kirnberg an der Mank;859;SPÖ;40
G31515;Kirnberg an der Mank;859;FPÖ;108
G31515;Kirnberg an der Mank;859;GRÜNE;40
G31515;Kirnberg an der Mank;859;NEOS;27
G31515;Kirnberg an der Mank;859;KPÖ;2
G31515;Kirnberg an der Mank;859;EUROPA;6
G31516;Klein-Pöchlarn;838;ÖVP;155
G31516;Klein-Pöchlarn;838;SPÖ;187
G31516;Klein-Pöchlarn;838;FPÖ;82
G31516;Klein-Pöchlarn;838;GRÜNE;38
G31516;Klein-Pöchlarn;838;NEOS;31
G31516;Klein-Pöchlarn;838;KPÖ;5
G31516;Klein-Pöchlarn;838;EUROPA;1
G31517;Krummnußbaum;1182;ÖVP;222
G31517;Krummnußbaum;1182;SPÖ;202
G31517;Krummnußbaum;1182;FPÖ;125
G31517;Krummnußbaum;1182;GRÜNE;58
G31517;Krummnußbaum;1182;NEOS;48
G31517;Krummnußbaum;1182;KPÖ;4
G31517;Krummnußbaum;1182;EUROPA;4
G31519;Leiben;1111;ÖVP;205
G31519;Leiben;1111;SPÖ;219
G31519;Leiben;1111;FPÖ;130
G31519;Leiben;1111;GRÜNE;61
G31519;Leiben;1111;NEOS;25
G31519;Leiben;1111;KPÖ;4
G31519;Leiben;1111;EUROPA;8
G31520;Loosdorf;3029;ÖVP;502
G31520;Loosdorf;3029;SPÖ;587
G31520;Loosdorf;3029;FPÖ;351
G31520;Loosdorf;3029;GRÜNE;108
G31520;Loosdorf;3029;NEOS;111
G31520;Loosdorf;3029;KPÖ;16
G31520;Loosdorf;3029;EUROPA;10
G31521;Mank;2564;ÖVP;837
G31521;Mank;2564;SPÖ;196
G31521;Mank;2564;FPÖ;270
G31521;Mank;2564;GRÜNE;150
G31521;Mank;2564;NEOS;67
G31521;Mank;2564;KPÖ;7
G31521;Mank;2564;EUROPA;10
G31522;Marbach an der Donau;1358;ÖVP;203
G31522;Marbach an der Donau;1358;SPÖ;251
G31522;Marbach an der Donau;1358;FPÖ;164
G31522;Marbach an der Donau;1358;GRÜNE;42
G31522;Marbach an der Donau;1358;NEOS;28
G31522;Marbach an der Donau;1358;KPÖ;1
G31522;Marbach an der Donau;1358;EUROPA;6
G31523;Maria Taferl;701;ÖVP;180
G31523;Maria Taferl;701;SPÖ;98
G31523;Maria Taferl;701;FPÖ;67
G31523;Maria Taferl;701;GRÜNE;36
G31523;Maria Taferl;701;NEOS;19
G31523;Maria Taferl;701;KPÖ;0
G31523;Maria Taferl;701;EUROPA;5
G31524;Melk;4158;ÖVP;1011
G31524;Melk;4158;SPÖ;408
G31524;Melk;4158;FPÖ;388
G31524;Melk;4158;GRÜNE;286
G31524;Melk;4158;NEOS;179
G31524;Melk;4158;KPÖ;9
G31524;Melk;4158;EUROPA;12
G31525;Münichreith-Laimbach;1358;ÖVP;317
G31525;Münichreith-Laimbach;1358;SPÖ;149
G31525;Münichreith-Laimbach;1358;FPÖ;131
G31525;Münichreith-Laimbach;1358;GRÜNE;31
G31525;Münichreith-Laimbach;1358;NEOS;37
G31525;Münichreith-Laimbach;1358;KPÖ;3
G31525;Münichreith-Laimbach;1358;EUROPA;1
G31527;Neumarkt an der Ybbs;1544;ÖVP;281
G31527;Neumarkt an der Ybbs;1544;SPÖ;234
G31527;Neumarkt an der Ybbs;1544;FPÖ;195
G31527;Neumarkt an der Ybbs;1544;GRÜNE;52
G31527;Neumarkt an der Ybbs;1544;NEOS;43
G31527;Neumarkt an der Ybbs;1544;KPÖ;4
G31527;Neumarkt an der Ybbs;1544;EUROPA;6
G31528;Nöchling;831;ÖVP;233
G31528;Nöchling;831;SPÖ;127
G31528;Nöchling;831;FPÖ;83
G31528;Nöchling;831;GRÜNE;36
G31528;Nöchling;831;NEOS;23
G31528;Nöchling;831;KPÖ;1
G31528;Nöchling;831;EUROPA;2
G31530;Persenbeug-Gottsdorf;1797;ÖVP;281
G31530;Persenbeug-Gottsdorf;1797;SPÖ;363
G31530;Persenbeug-Gottsdorf;1797;FPÖ;164
G31530;Persenbeug-Gottsdorf;1797;GRÜNE;81
G31530;Persenbeug-Gottsdorf;1797;NEOS;55
G31530;Persenbeug-Gottsdorf;1797;KPÖ;4
G31530;Persenbeug-Gottsdorf;1797;EUROPA;5
G31531;Petzenkirchen;1063;ÖVP;195
G31531;Petzenkirchen;1063;SPÖ;236
G31531;Petzenkirchen;1063;FPÖ;138
G31531;Petzenkirchen;1063;GRÜNE;32
G31531;Petzenkirchen;1063;NEOS;28
G31531;Petzenkirchen;1063;KPÖ;1
G31531;Petzenkirchen;1063;EUROPA;6
G31533;Pöchlarn;3037;ÖVP;489
G31533;Pöchlarn;3037;SPÖ;398
G31533;Pöchlarn;3037;FPÖ;305
G31533;Pöchlarn;3037;GRÜNE;146
G31533;Pöchlarn;3037;NEOS;88
G31533;Pöchlarn;3037;KPÖ;19
G31533;Pöchlarn;3037;EUROPA;15
G31534;Pöggstall;2018;ÖVP;581
G31534;Pöggstall;2018;SPÖ;163
G31534;Pöggstall;2018;FPÖ;219
G31534;Pöggstall;2018;GRÜNE;50
G31534;Pöggstall;2018;NEOS;56
G31534;Pöggstall;2018;KPÖ;5
G31534;Pöggstall;2018;EUROPA;8
G31535;Raxendorf;870;ÖVP;343
G31535;Raxendorf;870;SPÖ;82
G31535;Raxendorf;870;FPÖ;104
G31535;Raxendorf;870;GRÜNE;19
G31535;Raxendorf;870;NEOS;18
G31535;Raxendorf;870;KPÖ;1
G31535;Raxendorf;870;EUROPA;3
G31537;Ruprechtshofen;1862;ÖVP;535
G31537;Ruprechtshofen;1862;SPÖ;114
G31537;Ruprechtshofen;1862;FPÖ;245
G31537;Ruprechtshofen;1862;GRÜNE;84
G31537;Ruprechtshofen;1862;NEOS;63
G31537;Ruprechtshofen;1862;KPÖ;4
G31537;Ruprechtshofen;1862;EUROPA;3
G31539;St. Leonhard am Forst;2480;ÖVP;651
G31539;St. Leonhard am Forst;2480;SPÖ;198
G31539;St. Leonhard am Forst;2480;FPÖ;379
G31539;St. Leonhard am Forst;2480;GRÜNE;109
G31539;St. Leonhard am Forst;2480;NEOS;90
G31539;St. Leonhard am Forst;2480;KPÖ;6
G31539;St. Leonhard am Forst;2480;EUROPA;4
G31540;St. Martin-Karlsbach;1394;ÖVP;393
G31540;St. Martin-Karlsbach;1394;SPÖ;191
G31540;St. Martin-Karlsbach;1394;FPÖ;156
G31540;St. Martin-Karlsbach;1394;GRÜNE;62
G31540;St. Martin-Karlsbach;1394;NEOS;55
G31540;St. Martin-Karlsbach;1394;KPÖ;7
G31540;St. Martin-Karlsbach;1394;EUROPA;7
G31541;St. Oswald;901;ÖVP;344
G31541;St. Oswald;901;SPÖ;83
G31541;St. Oswald;901;FPÖ;70
G31541;St. Oswald;901;GRÜNE;22
G31541;St. Oswald;901;NEOS;26
G31541;St. Oswald;901;KPÖ;3
G31541;St. Oswald;901;EUROPA;4
G31542;Schönbühel-Aggsbach;838;ÖVP;219
G31542;Schönbühel-Aggsbach;838;SPÖ;90
G31542;Schönbühel-Aggsbach;838;FPÖ;115
G31542;Schönbühel-Aggsbach;838;GRÜNE;43
G31542;Schönbühel-Aggsbach;838;NEOS;42
G31542;Schönbühel-Aggsbach;838;KPÖ;1
G31542;Schönbühel-Aggsbach;838;EUROPA;5
G31543;Schollach;803;ÖVP;218
G31543;Schollach;803;SPÖ;101
G31543;Schollach;803;FPÖ;96
G31543;Schollach;803;GRÜNE;38
G31543;Schollach;803;NEOS;14
G31543;Schollach;803;KPÖ;2
G31543;Schollach;803;EUROPA;2
G31546;Weiten;908;ÖVP;275
G31546;Weiten;908;SPÖ;66
G31546;Weiten;908;FPÖ;87
G31546;Weiten;908;GRÜNE;22
G31546;Weiten;908;NEOS;26
G31546;Weiten;908;KPÖ;5
G31546;Weiten;908;EUROPA;5
G31549;Ybbs an der Donau;4164;ÖVP;697
G31549;Ybbs an der Donau;4164;SPÖ;713
G31549;Ybbs an der Donau;4164;FPÖ;434
G31549;Ybbs an der Donau;4164;GRÜNE;176
G31549;Ybbs an der Donau;4164;NEOS;110
G31549;Ybbs an der Donau;4164;KPÖ;2
G31549;Ybbs an der Donau;4164;EUROPA;11
G31550;Zelking-Matzleinsdorf;1001;ÖVP;336
G31550;Zelking-Matzleinsdorf;1001;SPÖ;113
G31550;Zelking-Matzleinsdorf;1001;FPÖ;90
G31550;Zelking-Matzleinsdorf;1001;GRÜNE;55
G31550;Zelking-Matzleinsdorf;1001;NEOS;52
G31550;Zelking-Matzleinsdorf;1001;KPÖ;1
G31550;Zelking-Matzleinsdorf;1001;EUROPA;10
G31551;Texingtal;1311;ÖVP;502
G31551;Texingtal;1311;SPÖ;90
G31551;Texingtal;1311;FPÖ;76
G31551;Texingtal;1311;GRÜNE;60
G31551;Texingtal;1311;NEOS;57
G31551;Texingtal;1311;KPÖ;6
G31551;Texingtal;1311;EUROPA;4
G31552;Yspertal;1637;ÖVP;375
G31552;Yspertal;1637;SPÖ;207
G31552;Yspertal;1637;FPÖ;213
G31552;Yspertal;1637;GRÜNE;58
G31552;Yspertal;1637;NEOS;48
G31552;Yspertal;1637;KPÖ;2
G31552;Yspertal;1637;EUROPA;4
G31553;Emmersdorf an der Donau;1412;ÖVP;336
G31553;Emmersdorf an der Donau;1412;SPÖ;163
G31553;Emmersdorf an der Donau;1412;FPÖ;137
G31553;Emmersdorf an der Donau;1412;GRÜNE;94
G31553;Emmersdorf an der Donau;1412;NEOS;58
G31553;Emmersdorf an der Donau;1412;KPÖ;2
G31553;Emmersdorf an der Donau;1412;EUROPA;5
G31599;Wahlkarten - Melk;0;ÖVP;2064
G31599;Wahlkarten - Melk;0;SPÖ;1432
G31599;Wahlkarten - Melk;0;FPÖ;767
G31599;Wahlkarten - Melk;0;GRÜNE;727
G31599;Wahlkarten - Melk;0;NEOS;418
G31599;Wahlkarten - Melk;0;KPÖ;32
G31599;Wahlkarten - Melk;0;EUROPA;52
G31601;Altlichtenwarth;630;ÖVP;188
G31601;Altlichtenwarth;630;SPÖ;57
G31601;Altlichtenwarth;630;FPÖ;90
G31601;Altlichtenwarth;630;GRÜNE;8
G31601;Altlichtenwarth;630;NEOS;15
G31601;Altlichtenwarth;630;KPÖ;2
G31601;Altlichtenwarth;630;EUROPA;2
G31603;Asparn an der Zaya;1492;ÖVP;428
G31603;Asparn an der Zaya;1492;SPÖ;196
G31603;Asparn an der Zaya;1492;FPÖ;212
G31603;Asparn an der Zaya;1492;GRÜNE;59
G31603;Asparn an der Zaya;1492;NEOS;36
G31603;Asparn an der Zaya;1492;KPÖ;7
G31603;Asparn an der Zaya;1492;EUROPA;7
G31604;Bernhardsthal;1314;ÖVP;339
G31604;Bernhardsthal;1314;SPÖ;194
G31604;Bernhardsthal;1314;FPÖ;130
G31604;Bernhardsthal;1314;GRÜNE;32
G31604;Bernhardsthal;1314;NEOS;28
G31604;Bernhardsthal;1314;KPÖ;2
G31604;Bernhardsthal;1314;EUROPA;2
G31605;Bockfließ;1040;ÖVP;293
G31605;Bockfließ;1040;SPÖ;171
G31605;Bockfließ;1040;FPÖ;115
G31605;Bockfließ;1040;GRÜNE;42
G31605;Bockfließ;1040;NEOS;42
G31605;Bockfließ;1040;KPÖ;3
G31605;Bockfließ;1040;EUROPA;4
G31606;Drasenhofen;889;ÖVP;327
G31606;Drasenhofen;889;SPÖ;46
G31606;Drasenhofen;889;FPÖ;131
G31606;Drasenhofen;889;GRÜNE;9
G31606;Drasenhofen;889;NEOS;13
G31606;Drasenhofen;889;KPÖ;2
G31606;Drasenhofen;889;EUROPA;3
G31608;Falkenstein;402;ÖVP;190
G31608;Falkenstein;402;SPÖ;16
G31608;Falkenstein;402;FPÖ;19
G31608;Falkenstein;402;GRÜNE;35
G31608;Falkenstein;402;NEOS;21
G31608;Falkenstein;402;KPÖ;2
G31608;Falkenstein;402;EUROPA;1
G31609;Fallbach;704;ÖVP;321
G31609;Fallbach;704;SPÖ;42
G31609;Fallbach;704;FPÖ;50
G31609;Fallbach;704;GRÜNE;19
G31609;Fallbach;704;NEOS;24
G31609;Fallbach;704;KPÖ;2
G31609;Fallbach;704;EUROPA;1
G31611;Gaubitsch;738;ÖVP;334
G31611;Gaubitsch;738;SPÖ;39
G31611;Gaubitsch;738;FPÖ;94
G31611;Gaubitsch;738;GRÜNE;16
G31611;Gaubitsch;738;NEOS;28
G31611;Gaubitsch;738;KPÖ;2
G31611;Gaubitsch;738;EUROPA;2
G31612;Gaweinstal;3092;ÖVP;825
G31612;Gaweinstal;3092;SPÖ;312
G31612;Gaweinstal;3092;FPÖ;382
G31612;Gaweinstal;3092;GRÜNE;140
G31612;Gaweinstal;3092;NEOS;97
G31612;Gaweinstal;3092;KPÖ;6
G31612;Gaweinstal;3092;EUROPA;9
G31613;Gnadendorf;968;ÖVP;381
G31613;Gnadendorf;968;SPÖ;61
G31613;Gnadendorf;968;FPÖ;87
G31613;Gnadendorf;968;GRÜNE;38
G31613;Gnadendorf;968;NEOS;27
G31613;Gnadendorf;968;KPÖ;1
G31613;Gnadendorf;968;EUROPA;4
G31614;Großebersdorf;1791;ÖVP;537
G31614;Großebersdorf;1791;SPÖ;155
G31614;Großebersdorf;1791;FPÖ;221
G31614;Großebersdorf;1791;GRÜNE;96
G31614;Großebersdorf;1791;NEOS;78
G31614;Großebersdorf;1791;KPÖ;7
G31614;Großebersdorf;1791;EUROPA;13
G31615;Großengersdorf;1126;ÖVP;316
G31615;Großengersdorf;1126;SPÖ;211
G31615;Großengersdorf;1126;FPÖ;131
G31615;Großengersdorf;1126;GRÜNE;55
G31615;Großengersdorf;1126;NEOS;31
G31615;Großengersdorf;1126;KPÖ;3
G31615;Großengersdorf;1126;EUROPA;0
G31616;Großharras;945;ÖVP;327
G31616;Großharras;945;SPÖ;81
G31616;Großharras;945;FPÖ;117
G31616;Großharras;945;GRÜNE;22
G31616;Großharras;945;NEOS;39
G31616;Großharras;945;KPÖ;1
G31616;Großharras;945;EUROPA;2
G31617;Großkrut;1342;ÖVP;420
G31617;Großkrut;1342;SPÖ;181
G31617;Großkrut;1342;FPÖ;179
G31617;Großkrut;1342;GRÜNE;51
G31617;Großkrut;1342;NEOS;32
G31617;Großkrut;1342;KPÖ;4
G31617;Großkrut;1342;EUROPA;5
G31620;Hausbrunn;688;ÖVP;149
G31620;Hausbrunn;688;SPÖ;127
G31620;Hausbrunn;688;FPÖ;80
G31620;Hausbrunn;688;GRÜNE;16
G31620;Hausbrunn;688;NEOS;15
G31620;Hausbrunn;688;KPÖ;0
G31620;Hausbrunn;688;EUROPA;3
G31621;Herrnbaumgarten;774;ÖVP;268
G31621;Herrnbaumgarten;774;SPÖ;43
G31621;Herrnbaumgarten;774;FPÖ;87
G31621;Herrnbaumgarten;774;GRÜNE;16
G31621;Herrnbaumgarten;774;NEOS;36
G31621;Herrnbaumgarten;774;KPÖ;1
G31621;Herrnbaumgarten;774;EUROPA;3
G31622;Hochleithen;955;ÖVP;272
G31622;Hochleithen;955;SPÖ;127
G31622;Hochleithen;955;FPÖ;103
G31622;Hochleithen;955;GRÜNE;33
G31622;Hochleithen;955;NEOS;38
G31622;Hochleithen;955;KPÖ;1
G31622;Hochleithen;955;EUROPA;6
G31627;Kreuttal;1203;ÖVP;333
G31627;Kreuttal;1203;SPÖ;154
G31627;Kreuttal;1203;FPÖ;99
G31627;Kreuttal;1203;GRÜNE;101
G31627;Kreuttal;1203;NEOS;49
G31627;Kreuttal;1203;KPÖ;4
G31627;Kreuttal;1203;EUROPA;4
G31628;Kreuzstetten;1256;ÖVP;275
G31628;Kreuzstetten;1256;SPÖ;186
G31628;Kreuzstetten;1256;FPÖ;150
G31628;Kreuzstetten;1256;GRÜNE;107
G31628;Kreuzstetten;1256;NEOS;49
G31628;Kreuzstetten;1256;KPÖ;3
G31628;Kreuzstetten;1256;EUROPA;6
G31629;Laa an der Thaya;5092;ÖVP;1240
G31629;Laa an der Thaya;5092;SPÖ;643
G31629;Laa an der Thaya;5092;FPÖ;684
G31629;Laa an der Thaya;5092;GRÜNE;214
G31629;Laa an der Thaya;5092;NEOS;188
G31629;Laa an der Thaya;5092;KPÖ;18
G31629;Laa an der Thaya;5092;EUROPA;22
G31630;Ladendorf;1872;ÖVP;515
G31630;Ladendorf;1872;SPÖ;234
G31630;Ladendorf;1872;FPÖ;208
G31630;Ladendorf;1872;GRÜNE;97
G31630;Ladendorf;1872;NEOS;60
G31630;Ladendorf;1872;KPÖ;11
G31630;Ladendorf;1872;EUROPA;12
G31633;Mistelbach;9311;ÖVP;2166
G31633;Mistelbach;9311;SPÖ;1035
G31633;Mistelbach;9311;FPÖ;905
G31633;Mistelbach;9311;GRÜNE;569
G31633;Mistelbach;9311;NEOS;410
G31633;Mistelbach;9311;KPÖ;40
G31633;Mistelbach;9311;EUROPA;56
G31634;Neudorf bei Staatz;1163;ÖVP;283
G31634;Neudorf bei Staatz;1163;SPÖ;110
G31634;Neudorf bei Staatz;1163;FPÖ;185
G31634;Neudorf bei Staatz;1163;GRÜNE;36
G31634;Neudorf bei Staatz;1163;NEOS;30
G31634;Neudorf bei Staatz;1163;KPÖ;13
G31634;Neudorf bei Staatz;1163;EUROPA;8
G31636;Niederleis;738;ÖVP;189
G31636;Niederleis;738;SPÖ;103
G31636;Niederleis;738;FPÖ;82
G31636;Niederleis;738;GRÜNE;37
G31636;Niederleis;738;NEOS;32
G31636;Niederleis;738;KPÖ;2
G31636;Niederleis;738;EUROPA;1
G31642;Pillichsdorf;931;ÖVP;260
G31642;Pillichsdorf;931;SPÖ;136
G31642;Pillichsdorf;931;FPÖ;90
G31642;Pillichsdorf;931;GRÜNE;113
G31642;Pillichsdorf;931;NEOS;34
G31642;Pillichsdorf;931;KPÖ;2
G31642;Pillichsdorf;931;EUROPA;1
G31644;Poysdorf;4371;ÖVP;1450
G31644;Poysdorf;4371;SPÖ;375
G31644;Poysdorf;4371;FPÖ;468
G31644;Poysdorf;4371;GRÜNE;137
G31644;Poysdorf;4371;NEOS;106
G31644;Poysdorf;4371;KPÖ;6
G31644;Poysdorf;4371;EUROPA;17
G31645;Rabensburg;886;ÖVP;114
G31645;Rabensburg;886;SPÖ;206
G31645;Rabensburg;886;FPÖ;121
G31645;Rabensburg;886;GRÜNE;18
G31645;Rabensburg;886;NEOS;6
G31645;Rabensburg;886;KPÖ;2
G31645;Rabensburg;886;EUROPA;5
G31646;Schrattenberg;672;ÖVP;268
G31646;Schrattenberg;672;SPÖ;43
G31646;Schrattenberg;672;FPÖ;57
G31646;Schrattenberg;672;GRÜNE;9
G31646;Schrattenberg;672;NEOS;19
G31646;Schrattenberg;672;KPÖ;3
G31646;Schrattenberg;672;EUROPA;2
G31649;Staatz;1637;ÖVP;516
G31649;Staatz;1637;SPÖ;175
G31649;Staatz;1637;FPÖ;187
G31649;Staatz;1637;GRÜNE;40
G31649;Staatz;1637;NEOS;41
G31649;Staatz;1637;KPÖ;5
G31649;Staatz;1637;EUROPA;2
G31650;Stronsdorf;1368;ÖVP;525
G31650;Stronsdorf;1368;SPÖ;77
G31650;Stronsdorf;1368;FPÖ;203
G31650;Stronsdorf;1368;GRÜNE;40
G31650;Stronsdorf;1368;NEOS;36
G31650;Stronsdorf;1368;KPÖ;2
G31650;Stronsdorf;1368;EUROPA;6
G31651;Ulrichskirchen-Schleinbach;2107;ÖVP;530
G31651;Ulrichskirchen-Schleinbach;2107;SPÖ;283
G31651;Ulrichskirchen-Schleinbach;2107;FPÖ;231
G31651;Ulrichskirchen-Schleinbach;2107;GRÜNE;189
G31651;Ulrichskirchen-Schleinbach;2107;NEOS;95
G31651;Ulrichskirchen-Schleinbach;2107;KPÖ;11
G31651;Ulrichskirchen-Schleinbach;2107;EUROPA;17
G31652;Unterstinkenbrunn;473;ÖVP;192
G31652;Unterstinkenbrunn;473;SPÖ;29
G31652;Unterstinkenbrunn;473;FPÖ;53
G31652;Unterstinkenbrunn;473;GRÜNE;12
G31652;Unterstinkenbrunn;473;NEOS;9
G31652;Unterstinkenbrunn;473;KPÖ;0
G31652;Unterstinkenbrunn;473;EUROPA;1
G31653;Wildendürnbach;1269;ÖVP;511
G31653;Wildendürnbach;1269;SPÖ;69
G31653;Wildendürnbach;1269;FPÖ;131
G31653;Wildendürnbach;1269;GRÜNE;38
G31653;Wildendürnbach;1269;NEOS;30
G31653;Wildendürnbach;1269;KPÖ;3
G31653;Wildendürnbach;1269;EUROPA;3
G31654;Wilfersdorf;1740;ÖVP;495
G31654;Wilfersdorf;1740;SPÖ;227
G31654;Wilfersdorf;1740;FPÖ;225
G31654;Wilfersdorf;1740;GRÜNE;60
G31654;Wilfersdorf;1740;NEOS;40
G31654;Wilfersdorf;1740;KPÖ;2
G31654;Wilfersdorf;1740;EUROPA;15
G31655;Wolkersdorf im Weinviertel;5616;ÖVP;1391
G31655;Wolkersdorf im Weinviertel;5616;SPÖ;552
G31655;Wolkersdorf im Weinviertel;5616;FPÖ;382
G31655;Wolkersdorf im Weinviertel;5616;GRÜNE;651
G31655;Wolkersdorf im Weinviertel;5616;NEOS;320
G31655;Wolkersdorf im Weinviertel;5616;KPÖ;17
G31655;Wolkersdorf im Weinviertel;5616;EUROPA;43
G31658;Ottenthal;474;ÖVP;200
G31658;Ottenthal;474;SPÖ;23
G31658;Ottenthal;474;FPÖ;31
G31658;Ottenthal;474;GRÜNE;5
G31658;Ottenthal;474;NEOS;17
G31658;Ottenthal;474;KPÖ;6
G31658;Ottenthal;474;EUROPA;1
G31699;Wahlkarten - Mistelbach;0;ÖVP;1881
G31699;Wahlkarten - Mistelbach;0;SPÖ;977
G31699;Wahlkarten - Mistelbach;0;FPÖ;683
G31699;Wahlkarten - Mistelbach;0;GRÜNE;632
G31699;Wahlkarten - Mistelbach;0;NEOS;372
G31699;Wahlkarten - Mistelbach;0;KPÖ;26
G31699;Wahlkarten - Mistelbach;0;EUROPA;48
G31701;Achau;1073;ÖVP;164
G31701;Achau;1073;SPÖ;159
G31701;Achau;1073;FPÖ;114
G31701;Achau;1073;GRÜNE;78
G31701;Achau;1073;NEOS;52
G31701;Achau;1073;KPÖ;1
G31701;Achau;1073;EUROPA;7
G31702;Biedermannsdorf;2492;ÖVP;559
G31702;Biedermannsdorf;2492;SPÖ;289
G31702;Biedermannsdorf;2492;FPÖ;245
G31702;Biedermannsdorf;2492;GRÜNE;208
G31702;Biedermannsdorf;2492;NEOS;183
G31702;Biedermannsdorf;2492;KPÖ;4
G31702;Biedermannsdorf;2492;EUROPA;8
G31703;Breitenfurt bei Wien;4703;ÖVP;1036
G31703;Breitenfurt bei Wien;4703;SPÖ;631
G31703;Breitenfurt bei Wien;4703;FPÖ;365
G31703;Breitenfurt bei Wien;4703;GRÜNE;478
G31703;Breitenfurt bei Wien;4703;NEOS;361
G31703;Breitenfurt bei Wien;4703;KPÖ;13
G31703;Breitenfurt bei Wien;4703;EUROPA;41
G31704;Brunn am Gebirge;8703;ÖVP;1680
G31704;Brunn am Gebirge;8703;SPÖ;1149
G31704;Brunn am Gebirge;8703;FPÖ;699
G31704;Brunn am Gebirge;8703;GRÜNE;805
G31704;Brunn am Gebirge;8703;NEOS;736
G31704;Brunn am Gebirge;8703;KPÖ;38
G31704;Brunn am Gebirge;8703;EUROPA;65
G31706;Gaaden;1330;ÖVP;369
G31706;Gaaden;1330;SPÖ;131
G31706;Gaaden;1330;FPÖ;84
G31706;Gaaden;1330;GRÜNE;132
G31706;Gaaden;1330;NEOS;169
G31706;Gaaden;1330;KPÖ;8
G31706;Gaaden;1330;EUROPA;8
G31707;Gießhübl;1766;ÖVP;439
G31707;Gießhübl;1766;SPÖ;184
G31707;Gießhübl;1766;FPÖ;113
G31707;Gießhübl;1766;GRÜNE;179
G31707;Gießhübl;1766;NEOS;192
G31707;Gießhübl;1766;KPÖ;1
G31707;Gießhübl;1766;EUROPA;15
G31709;Gumpoldskirchen;2923;ÖVP;635
G31709;Gumpoldskirchen;2923;SPÖ;325
G31709;Gumpoldskirchen;2923;FPÖ;253
G31709;Gumpoldskirchen;2923;GRÜNE;312
G31709;Gumpoldskirchen;2923;NEOS;260
G31709;Gumpoldskirchen;2923;KPÖ;10
G31709;Gumpoldskirchen;2923;EUROPA;18
G31710;Guntramsdorf;6849;ÖVP;1245
G31710;Guntramsdorf;6849;SPÖ;1126
G31710;Guntramsdorf;6849;FPÖ;720
G31710;Guntramsdorf;6849;GRÜNE;459
G31710;Guntramsdorf;6849;NEOS;399
G31710;Guntramsdorf;6849;KPÖ;17
G31710;Guntramsdorf;6849;EUROPA;44
G31711;Hennersdorf;1249;ÖVP;272
G31711;Hennersdorf;1249;SPÖ;224
G31711;Hennersdorf;1249;FPÖ;130
G31711;Hennersdorf;1249;GRÜNE;100
G31711;Hennersdorf;1249;NEOS;69
G31711;Hennersdorf;1249;KPÖ;5
G31711;Hennersdorf;1249;EUROPA;13
G31712;Hinterbrühl;2982;ÖVP;766
G31712;Hinterbrühl;2982;SPÖ;289
G31712;Hinterbrühl;2982;FPÖ;199
G31712;Hinterbrühl;2982;GRÜNE;275
G31712;Hinterbrühl;2982;NEOS;284
G31712;Hinterbrühl;2982;KPÖ;8
G31712;Hinterbrühl;2982;EUROPA;16
G31713;Kaltenleutgeben;2563;ÖVP;485
G31713;Kaltenleutgeben;2563;SPÖ;401
G31713;Kaltenleutgeben;2563;FPÖ;222
G31713;Kaltenleutgeben;2563;GRÜNE;234
G31713;Kaltenleutgeben;2563;NEOS;196
G31713;Kaltenleutgeben;2563;KPÖ;7
G31713;Kaltenleutgeben;2563;EUROPA;21
G31714;Laab im Walde;909;ÖVP;239
G31714;Laab im Walde;909;SPÖ;95
G31714;Laab im Walde;909;FPÖ;60
G31714;Laab im Walde;909;GRÜNE;108
G31714;Laab im Walde;909;NEOS;71
G31714;Laab im Walde;909;KPÖ;8
G31714;Laab im Walde;909;EUROPA;3
G31715;Laxenburg;2179;ÖVP;562
G31715;Laxenburg;2179;SPÖ;251
G31715;Laxenburg;2179;FPÖ;136
G31715;Laxenburg;2179;GRÜNE;157
G31715;Laxenburg;2179;NEOS;163
G31715;Laxenburg;2179;KPÖ;2
G31715;Laxenburg;2179;EUROPA;16
G31716;Maria Enzersdorf;6606;ÖVP;1544
G31716;Maria Enzersdorf;6606;SPÖ;527
G31716;Maria Enzersdorf;6606;FPÖ;380
G31716;Maria Enzersdorf;6606;GRÜNE;806
G31716;Maria Enzersdorf;6606;NEOS;579
G31716;Maria Enzersdorf;6606;KPÖ;8
G31716;Maria Enzersdorf;6606;EUROPA;44
G31717;Mödling;15122;ÖVP;2782
G31717;Mödling;15122;SPÖ;1657
G31717;Mödling;15122;FPÖ;978
G31717;Mödling;15122;GRÜNE;1751
G31717;Mödling;15122;NEOS;1188
G31717;Mödling;15122;KPÖ;60
G31717;Mödling;15122;EUROPA;100
G31718;Münchendorf;2271;ÖVP;452
G31718;Münchendorf;2271;SPÖ;320
G31718;Münchendorf;2271;FPÖ;249
G31718;Münchendorf;2271;GRÜNE;113
G31718;Münchendorf;2271;NEOS;122
G31718;Münchendorf;2271;KPÖ;4
G31718;Münchendorf;2271;EUROPA;8
G31719;Perchtoldsdorf;11795;ÖVP;2813
G31719;Perchtoldsdorf;11795;SPÖ;1077
G31719;Perchtoldsdorf;11795;FPÖ;830
G31719;Perchtoldsdorf;11795;GRÜNE;1395
G31719;Perchtoldsdorf;11795;NEOS;1052
G31719;Perchtoldsdorf;11795;KPÖ;50
G31719;Perchtoldsdorf;11795;EUROPA;81
G31723;Vösendorf;5371;ÖVP;780
G31723;Vösendorf;5371;SPÖ;777
G31723;Vösendorf;5371;FPÖ;632
G31723;Vösendorf;5371;GRÜNE;317
G31723;Vösendorf;5371;NEOS;299
G31723;Vösendorf;5371;KPÖ;19
G31723;Vösendorf;5371;EUROPA;32
G31725;Wiener Neudorf;7210;ÖVP;1181
G31725;Wiener Neudorf;7210;SPÖ;1194
G31725;Wiener Neudorf;7210;FPÖ;689
G31725;Wiener Neudorf;7210;GRÜNE;539
G31725;Wiener Neudorf;7210;NEOS;487
G31725;Wiener Neudorf;7210;KPÖ;24
G31725;Wiener Neudorf;7210;EUROPA;56
G31726;Wienerwald;2274;ÖVP;597
G31726;Wienerwald;2274;SPÖ;258
G31726;Wienerwald;2274;FPÖ;263
G31726;Wienerwald;2274;GRÜNE;199
G31726;Wienerwald;2274;NEOS;169
G31726;Wienerwald;2274;KPÖ;9
G31726;Wienerwald;2274;EUROPA;17
G31799;Wahlkarten - Mödling;0;ÖVP;3267
G31799;Wahlkarten - Mödling;0;SPÖ;2118
G31799;Wahlkarten - Mödling;0;FPÖ;975
G31799;Wahlkarten - Mödling;0;GRÜNE;1644
G31799;Wahlkarten - Mödling;0;NEOS;1357
G31799;Wahlkarten - Mödling;0;KPÖ;62
G31799;Wahlkarten - Mödling;0;EUROPA;112
G31801;Altendorf;280;ÖVP;107
G31801;Altendorf;280;SPÖ;10
G31801;Altendorf;280;FPÖ;27
G31801;Altendorf;280;GRÜNE;9
G31801;Altendorf;280;NEOS;7
G31801;Altendorf;280;KPÖ;0
G31801;Altendorf;280;EUROPA;1
G31802;Aspang-Markt;1527;ÖVP;418
G31802;Aspang-Markt;1527;SPÖ;175
G31802;Aspang-Markt;1527;FPÖ;141
G31802;Aspang-Markt;1527;GRÜNE;70
G31802;Aspang-Markt;1527;NEOS;46
G31802;Aspang-Markt;1527;KPÖ;5
G31802;Aspang-Markt;1527;EUROPA;2
G31803;Aspangberg-St. Peter;1553;ÖVP;537
G31803;Aspangberg-St. Peter;1553;SPÖ;109
G31803;Aspangberg-St. Peter;1553;FPÖ;171
G31803;Aspangberg-St. Peter;1553;GRÜNE;31
G31803;Aspangberg-St. Peter;1553;NEOS;41
G31803;Aspangberg-St. Peter;1553;KPÖ;1
G31803;Aspangberg-St. Peter;1553;EUROPA;9
G31804;Breitenau;1275;ÖVP;247
G31804;Breitenau;1275;SPÖ;242
G31804;Breitenau;1275;FPÖ;170
G31804;Breitenau;1275;GRÜNE;46
G31804;Breitenau;1275;NEOS;59
G31804;Breitenau;1275;KPÖ;2
G31804;Breitenau;1275;EUROPA;1
G31805;Breitenstein;265;ÖVP;49
G31805;Breitenstein;265;SPÖ;30
G31805;Breitenstein;265;FPÖ;24
G31805;Breitenstein;265;GRÜNE;16
G31805;Breitenstein;265;NEOS;9
G31805;Breitenstein;265;KPÖ;0
G31805;Breitenstein;265;EUROPA;0
G31806;Buchbach;288;ÖVP;81
G31806;Buchbach;288;SPÖ;60
G31806;Buchbach;288;FPÖ;19
G31806;Buchbach;288;GRÜNE;18
G31806;Buchbach;288;NEOS;6
G31806;Buchbach;288;KPÖ;2
G31806;Buchbach;288;EUROPA;2
G31807;Edlitz;749;ÖVP;231
G31807;Edlitz;749;SPÖ;70
G31807;Edlitz;749;FPÖ;80
G31807;Edlitz;749;GRÜNE;34
G31807;Edlitz;749;NEOS;22
G31807;Edlitz;749;KPÖ;4
G31807;Edlitz;749;EUROPA;2
G31808;Enzenreith;1601;ÖVP;326
G31808;Enzenreith;1601;SPÖ;232
G31808;Enzenreith;1601;FPÖ;193
G31808;Enzenreith;1601;GRÜNE;76
G31808;Enzenreith;1601;NEOS;54
G31808;Enzenreith;1601;KPÖ;13
G31808;Enzenreith;1601;EUROPA;8
G31809;Feistritz am Wechsel;875;ÖVP;277
G31809;Feistritz am Wechsel;875;SPÖ;77
G31809;Feistritz am Wechsel;875;FPÖ;109
G31809;Feistritz am Wechsel;875;GRÜNE;24
G31809;Feistritz am Wechsel;875;NEOS;23
G31809;Feistritz am Wechsel;875;KPÖ;4
G31809;Feistritz am Wechsel;875;EUROPA;3
G31810;Gloggnitz;4604;ÖVP;803
G31810;Gloggnitz;4604;SPÖ;704
G31810;Gloggnitz;4604;FPÖ;536
G31810;Gloggnitz;4604;GRÜNE;196
G31810;Gloggnitz;4604;NEOS;167
G31810;Gloggnitz;4604;KPÖ;18
G31810;Gloggnitz;4604;EUROPA;20
G31811;Grafenbach-St. Valentin;1762;ÖVP;370
G31811;Grafenbach-St. Valentin;1762;SPÖ;346
G31811;Grafenbach-St. Valentin;1762;FPÖ;229
G31811;Grafenbach-St. Valentin;1762;GRÜNE;59
G31811;Grafenbach-St. Valentin;1762;NEOS;78
G31811;Grafenbach-St. Valentin;1762;KPÖ;4
G31811;Grafenbach-St. Valentin;1762;EUROPA;9
G31812;Grimmenstein;1098;ÖVP;318
G31812;Grimmenstein;1098;SPÖ;159
G31812;Grimmenstein;1098;FPÖ;109
G31812;Grimmenstein;1098;GRÜNE;38
G31812;Grimmenstein;1098;NEOS;39
G31812;Grimmenstein;1098;KPÖ;0
G31812;Grimmenstein;1098;EUROPA;4
G31813;Grünbach am Schneeberg;1222;ÖVP;219
G31813;Grünbach am Schneeberg;1222;SPÖ;246
G31813;Grünbach am Schneeberg;1222;FPÖ;115
G31813;Grünbach am Schneeberg;1222;GRÜNE;50
G31813;Grünbach am Schneeberg;1222;NEOS;27
G31813;Grünbach am Schneeberg;1222;KPÖ;8
G31813;Grünbach am Schneeberg;1222;EUROPA;3
G31814;Kirchberg am Wechsel;2025;ÖVP;616
G31814;Kirchberg am Wechsel;2025;SPÖ;115
G31814;Kirchberg am Wechsel;2025;FPÖ;264
G31814;Kirchberg am Wechsel;2025;GRÜNE;106
G31814;Kirchberg am Wechsel;2025;NEOS;70
G31814;Kirchberg am Wechsel;2025;KPÖ;5
G31814;Kirchberg am Wechsel;2025;EUROPA;11
G31815;Mönichkirchen;514;ÖVP;140
G31815;Mönichkirchen;514;SPÖ;33
G31815;Mönichkirchen;514;FPÖ;55
G31815;Mönichkirchen;514;GRÜNE;12
G31815;Mönichkirchen;514;NEOS;12
G31815;Mönichkirchen;514;KPÖ;0
G31815;Mönichkirchen;514;EUROPA;3
G31817;Natschbach-Loipersbach;1399;ÖVP;410
G31817;Natschbach-Loipersbach;1399;SPÖ;130
G31817;Natschbach-Loipersbach;1399;FPÖ;168
G31817;Natschbach-Loipersbach;1399;GRÜNE;75
G31817;Natschbach-Loipersbach;1399;NEOS;56
G31817;Natschbach-Loipersbach;1399;KPÖ;5
G31817;Natschbach-Loipersbach;1399;EUROPA;8
G31818;Neunkirchen;8964;ÖVP;1382
G31818;Neunkirchen;8964;SPÖ;1325
G31818;Neunkirchen;8964;FPÖ;917
G31818;Neunkirchen;8964;GRÜNE;397
G31818;Neunkirchen;8964;NEOS;267
G31818;Neunkirchen;8964;KPÖ;26
G31818;Neunkirchen;8964;EUROPA;48
G31820;Otterthal;489;ÖVP;116
G31820;Otterthal;489;SPÖ;60
G31820;Otterthal;489;FPÖ;70
G31820;Otterthal;489;GRÜNE;19
G31820;Otterthal;489;NEOS;13
G31820;Otterthal;489;KPÖ;2
G31820;Otterthal;489;EUROPA;3
G31821;Payerbach;1655;ÖVP;315
G31821;Payerbach;1655;SPÖ;232
G31821;Payerbach;1655;FPÖ;181
G31821;Payerbach;1655;GRÜNE;69
G31821;Payerbach;1655;NEOS;60
G31821;Payerbach;1655;KPÖ;8
G31821;Payerbach;1655;EUROPA;12
G31823;Pitten;2246;ÖVP;433
G31823;Pitten;2246;SPÖ;291
G31823;Pitten;2246;FPÖ;255
G31823;Pitten;2246;GRÜNE;81
G31823;Pitten;2246;NEOS;76
G31823;Pitten;2246;KPÖ;14
G31823;Pitten;2246;EUROPA;8
G31825;Prigglitz;363;ÖVP;100
G31825;Prigglitz;363;SPÖ;32
G31825;Prigglitz;363;FPÖ;47
G31825;Prigglitz;363;GRÜNE;18
G31825;Prigglitz;363;NEOS;14
G31825;Prigglitz;363;KPÖ;1
G31825;Prigglitz;363;EUROPA;1
G31826;Puchberg am Schneeberg;2246;ÖVP;466
G31826;Puchberg am Schneeberg;2246;SPÖ;357
G31826;Puchberg am Schneeberg;2246;FPÖ;254
G31826;Puchberg am Schneeberg;2246;GRÜNE;92
G31826;Puchberg am Schneeberg;2246;NEOS;61
G31826;Puchberg am Schneeberg;2246;KPÖ;8
G31826;Puchberg am Schneeberg;2246;EUROPA;14
G31827;Raach am Hochgebirge;242;ÖVP;101
G31827;Raach am Hochgebirge;242;SPÖ;22
G31827;Raach am Hochgebirge;242;FPÖ;34
G31827;Raach am Hochgebirge;242;GRÜNE;14
G31827;Raach am Hochgebirge;242;NEOS;1
G31827;Raach am Hochgebirge;242;KPÖ;2
G31827;Raach am Hochgebirge;242;EUROPA;1
G31829;Reichenau an der Rax;2077;ÖVP;454
G31829;Reichenau an der Rax;2077;SPÖ;307
G31829;Reichenau an der Rax;2077;FPÖ;252
G31829;Reichenau an der Rax;2077;GRÜNE;101
G31829;Reichenau an der Rax;2077;NEOS;70
G31829;Reichenau an der Rax;2077;KPÖ;6
G31829;Reichenau an der Rax;2077;EUROPA;11
G31830;St. Corona am Wechsel;310;ÖVP;114
G31830;St. Corona am Wechsel;310;SPÖ;10
G31830;St. Corona am Wechsel;310;FPÖ;50
G31830;St. Corona am Wechsel;310;GRÜNE;10
G31830;St. Corona am Wechsel;310;NEOS;7
G31830;St. Corona am Wechsel;310;KPÖ;1
G31830;St. Corona am Wechsel;310;EUROPA;1
G31831;St. Egyden am Steinfeld;1569;ÖVP;371
G31831;St. Egyden am Steinfeld;1569;SPÖ;198
G31831;St. Egyden am Steinfeld;1569;FPÖ;190
G31831;St. Egyden am Steinfeld;1569;GRÜNE;66
G31831;St. Egyden am Steinfeld;1569;NEOS;79
G31831;St. Egyden am Steinfeld;1569;KPÖ;4
G31831;St. Egyden am Steinfeld;1569;EUROPA;8
G31832;Scheiblingkirchen-Thernberg;1582;ÖVP;509
G31832;Scheiblingkirchen-Thernberg;1582;SPÖ;146
G31832;Scheiblingkirchen-Thernberg;1582;FPÖ;161
G31832;Scheiblingkirchen-Thernberg;1582;GRÜNE;68
G31832;Scheiblingkirchen-Thernberg;1582;NEOS;67
G31832;Scheiblingkirchen-Thernberg;1582;KPÖ;7
G31832;Scheiblingkirchen-Thernberg;1582;EUROPA;4
G31833;Schottwien;522;ÖVP;128
G31833;Schottwien;522;SPÖ;49
G31833;Schottwien;522;FPÖ;72
G31833;Schottwien;522;GRÜNE;15
G31833;Schottwien;522;NEOS;11
G31833;Schottwien;522;KPÖ;5
G31833;Schottwien;522;EUROPA;2
G31834;Schrattenbach;302;ÖVP;86
G31834;Schrattenbach;302;SPÖ;31
G31834;Schrattenbach;302;FPÖ;38
G31834;Schrattenbach;302;GRÜNE;11
G31834;Schrattenbach;302;NEOS;10
G31834;Schrattenbach;302;KPÖ;0
G31834;Schrattenbach;302;EUROPA;3
G31835;Schwarzau am Steinfeld;1550;ÖVP;281
G31835;Schwarzau am Steinfeld;1550;SPÖ;260
G31835;Schwarzau am Steinfeld;1550;FPÖ;231
G31835;Schwarzau am Steinfeld;1550;GRÜNE;61
G31835;Schwarzau am Steinfeld;1550;NEOS;61
G31835;Schwarzau am Steinfeld;1550;KPÖ;7
G31835;Schwarzau am Steinfeld;1550;EUROPA;6
G31836;Schwarzau im Gebirge;496;ÖVP;96
G31836;Schwarzau im Gebirge;496;SPÖ;76
G31836;Schwarzau im Gebirge;496;FPÖ;74
G31836;Schwarzau im Gebirge;496;GRÜNE;8
G31836;Schwarzau im Gebirge;496;NEOS;11
G31836;Schwarzau im Gebirge;496;KPÖ;4
G31836;Schwarzau im Gebirge;496;EUROPA;4
G31837;Seebenstein;1173;ÖVP;235
G31837;Seebenstein;1173;SPÖ;176
G31837;Seebenstein;1173;FPÖ;150
G31837;Seebenstein;1173;GRÜNE;58
G31837;Seebenstein;1173;NEOS;52
G31837;Seebenstein;1173;KPÖ;1
G31837;Seebenstein;1173;EUROPA;0
G31838;Semmering;416;ÖVP;101
G31838;Semmering;416;SPÖ;42
G31838;Semmering;416;FPÖ;43
G31838;Semmering;416;GRÜNE;10
G31838;Semmering;416;NEOS;12
G31838;Semmering;416;KPÖ;2
G31838;Semmering;416;EUROPA;2
G31839;Ternitz;11324;ÖVP;1599
G31839;Ternitz;11324;SPÖ;2348
G31839;Ternitz;11324;FPÖ;1336
G31839;Ternitz;11324;GRÜNE;487
G31839;Ternitz;11324;NEOS;397
G31839;Ternitz;11324;KPÖ;48
G31839;Ternitz;11324;EUROPA;60
G31840;Thomasberg;1038;ÖVP;317
G31840;Thomasberg;1038;SPÖ;98
G31840;Thomasberg;1038;FPÖ;152
G31840;Thomasberg;1038;GRÜNE;28
G31840;Thomasberg;1038;NEOS;20
G31840;Thomasberg;1038;KPÖ;1
G31840;Thomasberg;1038;EUROPA;6
G31841;Trattenbach;438;ÖVP;162
G31841;Trattenbach;438;SPÖ;28
G31841;Trattenbach;438;FPÖ;86
G31841;Trattenbach;438;GRÜNE;6
G31841;Trattenbach;438;NEOS;10
G31841;Trattenbach;438;KPÖ;1
G31841;Trattenbach;438;EUROPA;0
G31842;Bürg-Vöstenhof;135;ÖVP;42
G31842;Bürg-Vöstenhof;135;SPÖ;12
G31842;Bürg-Vöstenhof;135;FPÖ;12
G31842;Bürg-Vöstenhof;135;GRÜNE;6
G31842;Bürg-Vöstenhof;135;NEOS;2
G31842;Bürg-Vöstenhof;135;KPÖ;0
G31842;Bürg-Vöstenhof;135;EUROPA;2
G31843;Warth;1249;ÖVP;471
G31843;Warth;1249;SPÖ;119
G31843;Warth;1249;FPÖ;125
G31843;Warth;1249;GRÜNE;55
G31843;Warth;1249;NEOS;36
G31843;Warth;1249;KPÖ;4
G31843;Warth;1249;EUROPA;2
G31844;Wartmannstetten;1350;ÖVP;515
G31844;Wartmannstetten;1350;SPÖ;152
G31844;Wartmannstetten;1350;FPÖ;153
G31844;Wartmannstetten;1350;GRÜNE;61
G31844;Wartmannstetten;1350;NEOS;64
G31844;Wartmannstetten;1350;KPÖ;5
G31844;Wartmannstetten;1350;EUROPA;10
G31845;Willendorf;789;ÖVP;164
G31845;Willendorf;789;SPÖ;82
G31845;Willendorf;789;FPÖ;88
G31845;Willendorf;789;GRÜNE;48
G31845;Willendorf;789;NEOS;33
G31845;Willendorf;789;KPÖ;6
G31845;Willendorf;789;EUROPA;5
G31846;Wimpassing im Schwarzatale;1196;ÖVP;106
G31846;Wimpassing im Schwarzatale;1196;SPÖ;263
G31846;Wimpassing im Schwarzatale;1196;FPÖ;139
G31846;Wimpassing im Schwarzatale;1196;GRÜNE;32
G31846;Wimpassing im Schwarzatale;1196;NEOS;31
G31846;Wimpassing im Schwarzatale;1196;KPÖ;3
G31846;Wimpassing im Schwarzatale;1196;EUROPA;4
G31847;Würflach;1310;ÖVP;341
G31847;Würflach;1310;SPÖ;193
G31847;Würflach;1310;FPÖ;135
G31847;Würflach;1310;GRÜNE;71
G31847;Würflach;1310;NEOS;53
G31847;Würflach;1310;KPÖ;8
G31847;Würflach;1310;EUROPA;11
G31848;Zöbern;1182;ÖVP;451
G31848;Zöbern;1182;SPÖ;110
G31848;Zöbern;1182;FPÖ;127
G31848;Zöbern;1182;GRÜNE;22
G31848;Zöbern;1182;NEOS;28
G31848;Zöbern;1182;KPÖ;3
G31848;Zöbern;1182;EUROPA;5
G31849;Höflein an der Hohen Wand;742;ÖVP;151
G31849;Höflein an der Hohen Wand;742;SPÖ;147
G31849;Höflein an der Hohen Wand;742;FPÖ;80
G31849;Höflein an der Hohen Wand;742;GRÜNE;40
G31849;Höflein an der Hohen Wand;742;NEOS;39
G31849;Höflein an der Hohen Wand;742;KPÖ;2
G31849;Höflein an der Hohen Wand;742;EUROPA;5
G31899;Wahlkarten - Neunkirchen;0;ÖVP;1846
G31899;Wahlkarten - Neunkirchen;0;SPÖ;1440
G31899;Wahlkarten - Neunkirchen;0;FPÖ;845
G31899;Wahlkarten - Neunkirchen;0;GRÜNE;655
G31899;Wahlkarten - Neunkirchen;0;NEOS;342
G31899;Wahlkarten - Neunkirchen;0;KPÖ;40
G31899;Wahlkarten - Neunkirchen;0;EUROPA;46
G31901;Altlengbach;2342;ÖVP;484
G31901;Altlengbach;2342;SPÖ;250
G31901;Altlengbach;2342;FPÖ;264
G31901;Altlengbach;2342;GRÜNE;141
G31901;Altlengbach;2342;NEOS;102
G31901;Altlengbach;2342;KPÖ;8
G31901;Altlengbach;2342;EUROPA;14
G31902;Asperhofen;1727;ÖVP;457
G31902;Asperhofen;1727;SPÖ;108
G31902;Asperhofen;1727;FPÖ;253
G31902;Asperhofen;1727;GRÜNE;91
G31902;Asperhofen;1727;NEOS;73
G31902;Asperhofen;1727;KPÖ;7
G31902;Asperhofen;1727;EUROPA;10
G31903;Böheimkirchen;3979;ÖVP;1007
G31903;Böheimkirchen;3979;SPÖ;551
G31903;Böheimkirchen;3979;FPÖ;495
G31903;Böheimkirchen;3979;GRÜNE;296
G31903;Böheimkirchen;3979;NEOS;194
G31903;Böheimkirchen;3979;KPÖ;10
G31903;Böheimkirchen;3979;EUROPA;24
G31904;Brand-Laaben;990;ÖVP;251
G31904;Brand-Laaben;990;SPÖ;94
G31904;Brand-Laaben;990;FPÖ;127
G31904;Brand-Laaben;990;GRÜNE;75
G31904;Brand-Laaben;990;NEOS;41
G31904;Brand-Laaben;990;KPÖ;2
G31904;Brand-Laaben;990;EUROPA;4
G31905;Eichgraben;3500;ÖVP;713
G31905;Eichgraben;3500;SPÖ;421
G31905;Eichgraben;3500;FPÖ;293
G31905;Eichgraben;3500;GRÜNE;425
G31905;Eichgraben;3500;NEOS;215
G31905;Eichgraben;3500;KPÖ;16
G31905;Eichgraben;3500;EUROPA;32
G31906;Frankenfels;1594;ÖVP;581
G31906;Frankenfels;1594;SPÖ;228
G31906;Frankenfels;1594;FPÖ;160
G31906;Frankenfels;1594;GRÜNE;44
G31906;Frankenfels;1594;NEOS;58
G31906;Frankenfels;1594;KPÖ;1
G31906;Frankenfels;1594;EUROPA;6
G31907;Gerersdorf;776;ÖVP;280
G31907;Gerersdorf;776;SPÖ;108
G31907;Gerersdorf;776;FPÖ;72
G31907;Gerersdorf;776;GRÜNE;35
G31907;Gerersdorf;776;NEOS;22
G31907;Gerersdorf;776;KPÖ;1
G31907;Gerersdorf;776;EUROPA;9
G31909;Hofstetten-Grünau;2137;ÖVP;702
G31909;Hofstetten-Grünau;2137;SPÖ;197
G31909;Hofstetten-Grünau;2137;FPÖ;244
G31909;Hofstetten-Grünau;2137;GRÜNE;97
G31909;Hofstetten-Grünau;2137;NEOS;95
G31909;Hofstetten-Grünau;2137;KPÖ;5
G31909;Hofstetten-Grünau;2137;EUROPA;6
G31910;Hafnerbach;1365;ÖVP;421
G31910;Hafnerbach;1365;SPÖ;156
G31910;Hafnerbach;1365;FPÖ;159
G31910;Hafnerbach;1365;GRÜNE;89
G31910;Hafnerbach;1365;NEOS;59
G31910;Hafnerbach;1365;KPÖ;3
G31910;Hafnerbach;1365;EUROPA;8
G31911;Haunoldstein;919;ÖVP;249
G31911;Haunoldstein;919;SPÖ;116
G31911;Haunoldstein;919;FPÖ;111
G31911;Haunoldstein;919;GRÜNE;38
G31911;Haunoldstein;919;NEOS;30
G31911;Haunoldstein;919;KPÖ;5
G31911;Haunoldstein;919;EUROPA;5
G31912;Herzogenburg;6014;ÖVP;1045
G31912;Herzogenburg;6014;SPÖ;1105
G31912;Herzogenburg;6014;FPÖ;718
G31912;Herzogenburg;6014;GRÜNE;402
G31912;Herzogenburg;6014;NEOS;236
G31912;Herzogenburg;6014;KPÖ;18
G31912;Herzogenburg;6014;EUROPA;37
G31913;Inzersdorf-Getzersdorf;1251;ÖVP;323
G31913;Inzersdorf-Getzersdorf;1251;SPÖ;162
G31913;Inzersdorf-Getzersdorf;1251;FPÖ;161
G31913;Inzersdorf-Getzersdorf;1251;GRÜNE;55
G31913;Inzersdorf-Getzersdorf;1251;NEOS;48
G31913;Inzersdorf-Getzersdorf;1251;KPÖ;8
G31913;Inzersdorf-Getzersdorf;1251;EUROPA;8
G31915;Kapelln;1103;ÖVP;369
G31915;Kapelln;1103;SPÖ;95
G31915;Kapelln;1103;FPÖ;125
G31915;Kapelln;1103;GRÜNE;57
G31915;Kapelln;1103;NEOS;28
G31915;Kapelln;1103;KPÖ;3
G31915;Kapelln;1103;EUROPA;5
G31916;Karlstetten;1775;ÖVP;511
G31916;Karlstetten;1775;SPÖ;223
G31916;Karlstetten;1775;FPÖ;205
G31916;Karlstetten;1775;GRÜNE;85
G31916;Karlstetten;1775;NEOS;83
G31916;Karlstetten;1775;KPÖ;13
G31916;Karlstetten;1775;EUROPA;5
G31917;Kasten bei Böheimkirchen;1123;ÖVP;301
G31917;Kasten bei Böheimkirchen;1123;SPÖ;121
G31917;Kasten bei Böheimkirchen;1123;FPÖ;132
G31917;Kasten bei Böheimkirchen;1123;GRÜNE;110
G31917;Kasten bei Böheimkirchen;1123;NEOS;66
G31917;Kasten bei Böheimkirchen;1123;KPÖ;1
G31917;Kasten bei Böheimkirchen;1123;EUROPA;10
G31918;Kirchberg an der Pielach;2626;ÖVP;753
G31918;Kirchberg an der Pielach;2626;SPÖ;273
G31918;Kirchberg an der Pielach;2626;FPÖ;258
G31918;Kirchberg an der Pielach;2626;GRÜNE;122
G31918;Kirchberg an der Pielach;2626;NEOS;83
G31918;Kirchberg an der Pielach;2626;KPÖ;15
G31918;Kirchberg an der Pielach;2626;EUROPA;13
G31919;Kirchstetten;1761;ÖVP;361
G31919;Kirchstetten;1761;SPÖ;195
G31919;Kirchstetten;1761;FPÖ;166
G31919;Kirchstetten;1761;GRÜNE;116
G31919;Kirchstetten;1761;NEOS;69
G31919;Kirchstetten;1761;KPÖ;10
G31919;Kirchstetten;1761;EUROPA;11
G31920;Loich;503;ÖVP;148
G31920;Loich;503;SPÖ;80
G31920;Loich;503;FPÖ;65
G31920;Loich;503;GRÜNE;18
G31920;Loich;503;NEOS;14
G31920;Loich;503;KPÖ;1
G31920;Loich;503;EUROPA;1
G31921;Maria-Anzbach;2379;ÖVP;535
G31921;Maria-Anzbach;2379;SPÖ;261
G31921;Maria-Anzbach;2379;FPÖ;220
G31921;Maria-Anzbach;2379;GRÜNE;278
G31921;Maria-Anzbach;2379;NEOS;137
G31921;Maria-Anzbach;2379;KPÖ;19
G31921;Maria-Anzbach;2379;EUROPA;17
G31922;Markersdorf-Haindorf;1624;ÖVP;440
G31922;Markersdorf-Haindorf;1624;SPÖ;189
G31922;Markersdorf-Haindorf;1624;FPÖ;202
G31922;Markersdorf-Haindorf;1624;GRÜNE;88
G31922;Markersdorf-Haindorf;1624;NEOS;72
G31922;Markersdorf-Haindorf;1624;KPÖ;3
G31922;Markersdorf-Haindorf;1624;EUROPA;12
G31923;Michelbach;725;ÖVP;275
G31923;Michelbach;725;SPÖ;25
G31923;Michelbach;725;FPÖ;77
G31923;Michelbach;725;GRÜNE;27
G31923;Michelbach;725;NEOS;54
G31923;Michelbach;725;KPÖ;6
G31923;Michelbach;725;EUROPA;3
G31925;Neidling;1196;ÖVP;322
G31925;Neidling;1196;SPÖ;167
G31925;Neidling;1196;FPÖ;135
G31925;Neidling;1196;GRÜNE;75
G31925;Neidling;1196;NEOS;77
G31925;Neidling;1196;KPÖ;3
G31925;Neidling;1196;EUROPA;11
G31926;Neulengbach;6444;ÖVP;1366
G31926;Neulengbach;6444;SPÖ;658
G31926;Neulengbach;6444;FPÖ;637
G31926;Neulengbach;6444;GRÜNE;523
G31926;Neulengbach;6444;NEOS;324
G31926;Neulengbach;6444;KPÖ;23
G31926;Neulengbach;6444;EUROPA;30
G31927;Neustift-Innermanzing;1260;ÖVP;271
G31927;Neustift-Innermanzing;1260;SPÖ;138
G31927;Neustift-Innermanzing;1260;FPÖ;110
G31927;Neustift-Innermanzing;1260;GRÜNE;56
G31927;Neustift-Innermanzing;1260;NEOS;53
G31927;Neustift-Innermanzing;1260;KPÖ;5
G31927;Neustift-Innermanzing;1260;EUROPA;10
G31928;Nußdorf ob der Traisen;1476;ÖVP;394
G31928;Nußdorf ob der Traisen;1476;SPÖ;180
G31928;Nußdorf ob der Traisen;1476;FPÖ;162
G31928;Nußdorf ob der Traisen;1476;GRÜNE;84
G31928;Nußdorf ob der Traisen;1476;NEOS;67
G31928;Nußdorf ob der Traisen;1476;KPÖ;3
G31928;Nußdorf ob der Traisen;1476;EUROPA;8
G31929;Ober-Grafendorf;3606;ÖVP;742
G31929;Ober-Grafendorf;3606;SPÖ;645
G31929;Ober-Grafendorf;3606;FPÖ;348
G31929;Ober-Grafendorf;3606;GRÜNE;212
G31929;Ober-Grafendorf;3606;NEOS;184
G31929;Ober-Grafendorf;3606;KPÖ;8
G31929;Ober-Grafendorf;3606;EUROPA;27
G31930;Obritzberg-Rust;1878;ÖVP;589
G31930;Obritzberg-Rust;1878;SPÖ;158
G31930;Obritzberg-Rust;1878;FPÖ;187
G31930;Obritzberg-Rust;1878;GRÜNE;96
G31930;Obritzberg-Rust;1878;NEOS;67
G31930;Obritzberg-Rust;1878;KPÖ;9
G31930;Obritzberg-Rust;1878;EUROPA;5
G31932;Prinzersdorf;1236;ÖVP;281
G31932;Prinzersdorf;1236;SPÖ;168
G31932;Prinzersdorf;1236;FPÖ;118
G31932;Prinzersdorf;1236;GRÜNE;93
G31932;Prinzersdorf;1236;NEOS;75
G31932;Prinzersdorf;1236;KPÖ;7
G31932;Prinzersdorf;1236;EUROPA;9
G31934;Pyhra;2813;ÖVP;859
G31934;Pyhra;2813;SPÖ;274
G31934;Pyhra;2813;FPÖ;328
G31934;Pyhra;2813;GRÜNE;163
G31934;Pyhra;2813;NEOS;146
G31934;Pyhra;2813;KPÖ;5
G31934;Pyhra;2813;EUROPA;8
G31935;Rabenstein an der Pielach;2063;ÖVP;627
G31935;Rabenstein an der Pielach;2063;SPÖ;243
G31935;Rabenstein an der Pielach;2063;FPÖ;227
G31935;Rabenstein an der Pielach;2063;GRÜNE;88
G31935;Rabenstein an der Pielach;2063;NEOS;82
G31935;Rabenstein an der Pielach;2063;KPÖ;6
G31935;Rabenstein an der Pielach;2063;EUROPA;10
G31938;St. Margarethen an der Sierning;852;ÖVP;306
G31938;St. Margarethen an der Sierning;852;SPÖ;74
G31938;St. Margarethen an der Sierning;852;FPÖ;89
G31938;St. Margarethen an der Sierning;852;GRÜNE;41
G31938;St. Margarethen an der Sierning;852;NEOS;33
G31938;St. Margarethen an der Sierning;852;KPÖ;3
G31938;St. Margarethen an der Sierning;852;EUROPA;4
G31939;Schwarzenbach an der Pielach;320;ÖVP;119
G31939;Schwarzenbach an der Pielach;320;SPÖ;38
G31939;Schwarzenbach an der Pielach;320;FPÖ;44
G31939;Schwarzenbach an der Pielach;320;GRÜNE;3
G31939;Schwarzenbach an der Pielach;320;NEOS;5
G31939;Schwarzenbach an der Pielach;320;KPÖ;1
G31939;Schwarzenbach an der Pielach;320;EUROPA;1
G31940;Statzendorf;1105;ÖVP;245
G31940;Statzendorf;1105;SPÖ;186
G31940;Statzendorf;1105;FPÖ;117
G31940;Statzendorf;1105;GRÜNE;49
G31940;Statzendorf;1105;NEOS;53
G31940;Statzendorf;1105;KPÖ;2
G31940;Statzendorf;1105;EUROPA;4
G31941;Stössing;651;ÖVP;194
G31941;Stössing;651;SPÖ;48
G31941;Stössing;651;FPÖ;67
G31941;Stössing;651;GRÜNE;36
G31941;Stössing;651;NEOS;28
G31941;Stössing;651;KPÖ;1
G31941;Stössing;651;EUROPA;1
G31943;Traismauer;4715;ÖVP;880
G31943;Traismauer;4715;SPÖ;816
G31943;Traismauer;4715;FPÖ;576
G31943;Traismauer;4715;GRÜNE;268
G31943;Traismauer;4715;NEOS;181
G31943;Traismauer;4715;KPÖ;17
G31943;Traismauer;4715;EUROPA;28
G31945;Weinburg;1130;ÖVP;224
G31945;Weinburg;1130;SPÖ;240
G31945;Weinburg;1130;FPÖ;120
G31945;Weinburg;1130;GRÜNE;48
G31945;Weinburg;1130;NEOS;38
G31945;Weinburg;1130;KPÖ;4
G31945;Weinburg;1130;EUROPA;8
G31946;Perschling;1125;ÖVP;399
G31946;Perschling;1125;SPÖ;52
G31946;Perschling;1125;FPÖ;166
G31946;Perschling;1125;GRÜNE;45
G31946;Perschling;1125;NEOS;53
G31946;Perschling;1125;KPÖ;2
G31946;Perschling;1125;EUROPA;4
G31947;Wilhelmsburg;5071;ÖVP;871
G31947;Wilhelmsburg;5071;SPÖ;935
G31947;Wilhelmsburg;5071;FPÖ;548
G31947;Wilhelmsburg;5071;GRÜNE;307
G31947;Wilhelmsburg;5071;NEOS;189
G31947;Wilhelmsburg;5071;KPÖ;26
G31947;Wilhelmsburg;5071;EUROPA;34
G31948;Wölbling;2006;ÖVP;455
G31948;Wölbling;2006;SPÖ;307
G31948;Wölbling;2006;FPÖ;241
G31948;Wölbling;2006;GRÜNE;135
G31948;Wölbling;2006;NEOS;95
G31948;Wölbling;2006;KPÖ;10
G31948;Wölbling;2006;EUROPA;10
G31949;Gablitz;3801;ÖVP;761
G31949;Gablitz;3801;SPÖ;409
G31949;Gablitz;3801;FPÖ;317
G31949;Gablitz;3801;GRÜNE;349
G31949;Gablitz;3801;NEOS;228
G31949;Gablitz;3801;KPÖ;9
G31949;Gablitz;3801;EUROPA;33
G31950;Mauerbach;2871;ÖVP;700
G31950;Mauerbach;2871;SPÖ;304
G31950;Mauerbach;2871;FPÖ;210
G31950;Mauerbach;2871;GRÜNE;325
G31950;Mauerbach;2871;NEOS;208
G31950;Mauerbach;2871;KPÖ;10
G31950;Mauerbach;2871;EUROPA;26
G31951;Pressbaum;5678;ÖVP;995
G31951;Pressbaum;5678;SPÖ;650
G31951;Pressbaum;5678;FPÖ;464
G31951;Pressbaum;5678;GRÜNE;561
G31951;Pressbaum;5678;NEOS;427
G31951;Pressbaum;5678;KPÖ;15
G31951;Pressbaum;5678;EUROPA;39
G31952;Purkersdorf;7034;ÖVP;1000
G31952;Purkersdorf;7034;SPÖ;917
G31952;Purkersdorf;7034;FPÖ;554
G31952;Purkersdorf;7034;GRÜNE;844
G31952;Purkersdorf;7034;NEOS;522
G31952;Purkersdorf;7034;KPÖ;24
G31952;Purkersdorf;7034;EUROPA;59
G31953;Tullnerbach;2116;ÖVP;454
G31953;Tullnerbach;2116;SPÖ;232
G31953;Tullnerbach;2116;FPÖ;163
G31953;Tullnerbach;2116;GRÜNE;266
G31953;Tullnerbach;2116;NEOS;129
G31953;Tullnerbach;2116;KPÖ;5
G31953;Tullnerbach;2116;EUROPA;13
G31954;Wolfsgraben;1300;ÖVP;316
G31954;Wolfsgraben;1300;SPÖ;129
G31954;Wolfsgraben;1300;FPÖ;144
G31954;Wolfsgraben;1300;GRÜNE;135
G31954;Wolfsgraben;1300;NEOS;99
G31954;Wolfsgraben;1300;KPÖ;5
G31954;Wolfsgraben;1300;EUROPA;16
G31999;Wahlkarten - Sankt Pölten Land;0;ÖVP;2929
G31999;Wahlkarten - Sankt Pölten Land;0;SPÖ;2013
G31999;Wahlkarten - Sankt Pölten Land;0;FPÖ;1022
G31999;Wahlkarten - Sankt Pölten Land;0;GRÜNE;1540
G31999;Wahlkarten - Sankt Pölten Land;0;NEOS;842
G31999;Wahlkarten - Sankt Pölten Land;0;KPÖ;62
G31999;Wahlkarten - Sankt Pölten Land;0;EUROPA;113
G32001;Gaming;2512;ÖVP;534
G32001;Gaming;2512;SPÖ;478
G32001;Gaming;2512;FPÖ;238
G32001;Gaming;2512;GRÜNE;81
G32001;Gaming;2512;NEOS;62
G32001;Gaming;2512;KPÖ;11
G32001;Gaming;2512;EUROPA;11
G32002;Göstling an der Ybbs;1691;ÖVP;574
G32002;Göstling an der Ybbs;1691;SPÖ;215
G32002;Göstling an der Ybbs;1691;FPÖ;134
G32002;Göstling an der Ybbs;1691;GRÜNE;41
G32002;Göstling an der Ybbs;1691;NEOS;51
G32002;Göstling an der Ybbs;1691;KPÖ;2
G32002;Göstling an der Ybbs;1691;EUROPA;3
G32003;Gresten;1571;ÖVP;351
G32003;Gresten;1571;SPÖ;197
G32003;Gresten;1571;FPÖ;116
G32003;Gresten;1571;GRÜNE;92
G32003;Gresten;1571;NEOS;52
G32003;Gresten;1571;KPÖ;5
G32003;Gresten;1571;EUROPA;10
G32004;Gresten-Land;1200;ÖVP;497
G32004;Gresten-Land;1200;SPÖ;69
G32004;Gresten-Land;1200;FPÖ;110
G32004;Gresten-Land;1200;GRÜNE;33
G32004;Gresten-Land;1200;NEOS;23
G32004;Gresten-Land;1200;KPÖ;1
G32004;Gresten-Land;1200;EUROPA;6
G32005;Lunz am See;1487;ÖVP;335
G32005;Lunz am See;1487;SPÖ;226
G32005;Lunz am See;1487;FPÖ;130
G32005;Lunz am See;1487;GRÜNE;60
G32005;Lunz am See;1487;NEOS;48
G32005;Lunz am See;1487;KPÖ;3
G32005;Lunz am See;1487;EUROPA;10
G32006;Oberndorf an der Melk;2409;ÖVP;972
G32006;Oberndorf an der Melk;2409;SPÖ;145
G32006;Oberndorf an der Melk;2409;FPÖ;296
G32006;Oberndorf an der Melk;2409;GRÜNE;103
G32006;Oberndorf an der Melk;2409;NEOS;73
G32006;Oberndorf an der Melk;2409;KPÖ;4
G32006;Oberndorf an der Melk;2409;EUROPA;4
G32007;Puchenstuben;231;ÖVP;63
G32007;Puchenstuben;231;SPÖ;47
G32007;Puchenstuben;231;FPÖ;26
G32007;Puchenstuben;231;GRÜNE;10
G32007;Puchenstuben;231;NEOS;5
G32007;Puchenstuben;231;KPÖ;1
G32007;Puchenstuben;231;EUROPA;1
G32008;Purgstall an der Erlauf;4277;ÖVP;1266
G32008;Purgstall an der Erlauf;4277;SPÖ;343
G32008;Purgstall an der Erlauf;4277;FPÖ;440
G32008;Purgstall an der Erlauf;4277;GRÜNE;244
G32008;Purgstall an der Erlauf;4277;NEOS;146
G32008;Purgstall an der Erlauf;4277;KPÖ;11
G32008;Purgstall an der Erlauf;4277;EUROPA;16
G32009;Randegg;1516;ÖVP;644
G32009;Randegg;1516;SPÖ;80
G32009;Randegg;1516;FPÖ;147
G32009;Randegg;1516;GRÜNE;69
G32009;Randegg;1516;NEOS;46
G32009;Randegg;1516;KPÖ;3
G32009;Randegg;1516;EUROPA;2
G32010;Reinsberg;825;ÖVP;353
G32010;Reinsberg;825;SPÖ;61
G32010;Reinsberg;825;FPÖ;58
G32010;Reinsberg;825;GRÜNE;27
G32010;Reinsberg;825;NEOS;33
G32010;Reinsberg;825;KPÖ;3
G32010;Reinsberg;825;EUROPA;4
G32011;St. Anton an der Jeßnitz;970;ÖVP;344
G32011;St. Anton an der Jeßnitz;970;SPÖ;64
G32011;St. Anton an der Jeßnitz;970;FPÖ;99
G32011;St. Anton an der Jeßnitz;970;GRÜNE;24
G32011;St. Anton an der Jeßnitz;970;NEOS;12
G32011;St. Anton an der Jeßnitz;970;KPÖ;4
G32011;St. Anton an der Jeßnitz;970;EUROPA;3
G32012;St. Georgen an der Leys;1104;ÖVP;436
G32012;St. Georgen an der Leys;1104;SPÖ;51
G32012;St. Georgen an der Leys;1104;FPÖ;149
G32012;St. Georgen an der Leys;1104;GRÜNE;33
G32012;St. Georgen an der Leys;1104;NEOS;24
G32012;St. Georgen an der Leys;1104;KPÖ;4
G32012;St. Georgen an der Leys;1104;EUROPA;1
G32013;Scheibbs;3409;ÖVP;905
G32013;Scheibbs;3409;SPÖ;440
G32013;Scheibbs;3409;FPÖ;195
G32013;Scheibbs;3409;GRÜNE;302
G32013;Scheibbs;3409;NEOS;131
G32013;Scheibbs;3409;KPÖ;15
G32013;Scheibbs;3409;EUROPA;18
G32014;Steinakirchen am Forst;1827;ÖVP;664
G32014;Steinakirchen am Forst;1827;SPÖ;128
G32014;Steinakirchen am Forst;1827;FPÖ;188
G32014;Steinakirchen am Forst;1827;GRÜNE;117
G32014;Steinakirchen am Forst;1827;NEOS;80
G32014;Steinakirchen am Forst;1827;KPÖ;5
G32014;Steinakirchen am Forst;1827;EUROPA;9
G32015;Wang;1100;ÖVP;360
G32015;Wang;1100;SPÖ;60
G32015;Wang;1100;FPÖ;132
G32015;Wang;1100;GRÜNE;58
G32015;Wang;1100;NEOS;31
G32015;Wang;1100;KPÖ;2
G32015;Wang;1100;EUROPA;2
G32016;Wieselburg;2941;ÖVP;516
G32016;Wieselburg;2941;SPÖ;570
G32016;Wieselburg;2941;FPÖ;289
G32016;Wieselburg;2941;GRÜNE;156
G32016;Wieselburg;2941;NEOS;116
G32016;Wieselburg;2941;KPÖ;1
G32016;Wieselburg;2941;EUROPA;16
G32017;Wieselburg-Land;2677;ÖVP;722
G32017;Wieselburg-Land;2677;SPÖ;296
G32017;Wieselburg-Land;2677;FPÖ;354
G32017;Wieselburg-Land;2677;GRÜNE;130
G32017;Wieselburg-Land;2677;NEOS;114
G32017;Wieselburg-Land;2677;KPÖ;14
G32017;Wieselburg-Land;2677;EUROPA;14
G32018;Wolfpassing;1235;ÖVP;455
G32018;Wolfpassing;1235;SPÖ;78
G32018;Wolfpassing;1235;FPÖ;183
G32018;Wolfpassing;1235;GRÜNE;82
G32018;Wolfpassing;1235;NEOS;47
G32018;Wolfpassing;1235;KPÖ;3
G32018;Wolfpassing;1235;EUROPA;10
G32099;Wahlkarten - Scheibbs;0;ÖVP;966
G32099;Wahlkarten - Scheibbs;0;SPÖ;639
G32099;Wahlkarten - Scheibbs;0;FPÖ;245
G32099;Wahlkarten - Scheibbs;0;GRÜNE;344
G32099;Wahlkarten - Scheibbs;0;NEOS;192
G32099;Wahlkarten - Scheibbs;0;KPÖ;23
G32099;Wahlkarten - Scheibbs;0;EUROPA;27
G32101;Absdorf;1603;ÖVP;354
G32101;Absdorf;1603;SPÖ;240
G32101;Absdorf;1603;FPÖ;162
G32101;Absdorf;1603;GRÜNE;72
G32101;Absdorf;1603;NEOS;80
G32101;Absdorf;1603;KPÖ;6
G32101;Absdorf;1603;EUROPA;6
G32104;Atzenbrugg;2358;ÖVP;692
G32104;Atzenbrugg;2358;SPÖ;218
G32104;Atzenbrugg;2358;FPÖ;263
G32104;Atzenbrugg;2358;GRÜNE;107
G32104;Atzenbrugg;2358;NEOS;96
G32104;Atzenbrugg;2358;KPÖ;9
G32104;Atzenbrugg;2358;EUROPA;14
G32106;Fels am Wagram;1878;ÖVP;446
G32106;Fels am Wagram;1878;SPÖ;193
G32106;Fels am Wagram;1878;FPÖ;206
G32106;Fels am Wagram;1878;GRÜNE;104
G32106;Fels am Wagram;1878;NEOS;72
G32106;Fels am Wagram;1878;KPÖ;12
G32106;Fels am Wagram;1878;EUROPA;15
G32107;Grafenwörth;2599;ÖVP;631
G32107;Grafenwörth;2599;SPÖ;321
G32107;Grafenwörth;2599;FPÖ;325
G32107;Grafenwörth;2599;GRÜNE;100
G32107;Grafenwörth;2599;NEOS;100
G32107;Grafenwörth;2599;KPÖ;7
G32107;Grafenwörth;2599;EUROPA;16
G32109;Großriedenthal;765;ÖVP;284
G32109;Großriedenthal;765;SPÖ;88
G32109;Großriedenthal;765;FPÖ;68
G32109;Großriedenthal;765;GRÜNE;29
G32109;Großriedenthal;765;NEOS;25
G32109;Großriedenthal;765;KPÖ;3
G32109;Großriedenthal;765;EUROPA;7
G32110;Großweikersdorf;2636;ÖVP;694
G32110;Großweikersdorf;2636;SPÖ;298
G32110;Großweikersdorf;2636;FPÖ;326
G32110;Großweikersdorf;2636;GRÜNE;137
G32110;Großweikersdorf;2636;NEOS;104
G32110;Großweikersdorf;2636;KPÖ;6
G32110;Großweikersdorf;2636;EUROPA;10
G32112;Judenau-Baumgarten;1690;ÖVP;451
G32112;Judenau-Baumgarten;1690;SPÖ;177
G32112;Judenau-Baumgarten;1690;FPÖ;210
G32112;Judenau-Baumgarten;1690;GRÜNE;111
G32112;Judenau-Baumgarten;1690;NEOS;70
G32112;Judenau-Baumgarten;1690;KPÖ;6
G32112;Judenau-Baumgarten;1690;EUROPA;10
G32114;Kirchberg am Wagram;2936;ÖVP;828
G32114;Kirchberg am Wagram;2936;SPÖ;332
G32114;Kirchberg am Wagram;2936;FPÖ;329
G32114;Kirchberg am Wagram;2936;GRÜNE;182
G32114;Kirchberg am Wagram;2936;NEOS;127
G32114;Kirchberg am Wagram;2936;KPÖ;10
G32114;Kirchberg am Wagram;2936;EUROPA;13
G32115;Königsbrunn am Wagram;1043;ÖVP;305
G32115;Königsbrunn am Wagram;1043;SPÖ;137
G32115;Königsbrunn am Wagram;1043;FPÖ;111
G32115;Königsbrunn am Wagram;1043;GRÜNE;43
G32115;Königsbrunn am Wagram;1043;NEOS;39
G32115;Königsbrunn am Wagram;1043;KPÖ;5
G32115;Königsbrunn am Wagram;1043;EUROPA;3
G32116;Königstetten;1883;ÖVP;485
G32116;Königstetten;1883;SPÖ;239
G32116;Königstetten;1883;FPÖ;189
G32116;Königstetten;1883;GRÜNE;155
G32116;Königstetten;1883;NEOS;112
G32116;Königstetten;1883;KPÖ;11
G32116;Königstetten;1883;EUROPA;10
G32119;Langenrohr;1767;ÖVP;511
G32119;Langenrohr;1767;SPÖ;132
G32119;Langenrohr;1767;FPÖ;238
G32119;Langenrohr;1767;GRÜNE;62
G32119;Langenrohr;1767;NEOS;80
G32119;Langenrohr;1767;KPÖ;8
G32119;Langenrohr;1767;EUROPA;7
G32120;Michelhausen;2460;ÖVP;739
G32120;Michelhausen;2460;SPÖ;198
G32120;Michelhausen;2460;FPÖ;266
G32120;Michelhausen;2460;GRÜNE;109
G32120;Michelhausen;2460;NEOS;114
G32120;Michelhausen;2460;KPÖ;6
G32120;Michelhausen;2460;EUROPA;16
G32131;Sieghartskirchen;5784;ÖVP;1400
G32131;Sieghartskirchen;5784;SPÖ;697
G32131;Sieghartskirchen;5784;FPÖ;756
G32131;Sieghartskirchen;5784;GRÜNE;321
G32131;Sieghartskirchen;5784;NEOS;300
G32131;Sieghartskirchen;5784;KPÖ;22
G32131;Sieghartskirchen;5784;EUROPA;23
G32132;Sitzenberg-Reidling;1766;ÖVP;462
G32132;Sitzenberg-Reidling;1766;SPÖ;186
G32132;Sitzenberg-Reidling;1766;FPÖ;199
G32132;Sitzenberg-Reidling;1766;GRÜNE;92
G32132;Sitzenberg-Reidling;1766;NEOS;74
G32132;Sitzenberg-Reidling;1766;KPÖ;5
G32132;Sitzenberg-Reidling;1766;EUROPA;6
G32134;Tulbing;2411;ÖVP;613
G32134;Tulbing;2411;SPÖ;258
G32134;Tulbing;2411;FPÖ;246
G32134;Tulbing;2411;GRÜNE;166
G32134;Tulbing;2411;NEOS;131
G32134;Tulbing;2411;KPÖ;7
G32134;Tulbing;2411;EUROPA;13
G32135;Tulln an der Donau;11903;ÖVP;2623
G32135;Tulln an der Donau;11903;SPÖ;1235
G32135;Tulln an der Donau;11903;FPÖ;1128
G32135;Tulln an der Donau;11903;GRÜNE;960
G32135;Tulln an der Donau;11903;NEOS;723
G32135;Tulln an der Donau;11903;KPÖ;44
G32135;Tulln an der Donau;11903;EUROPA;80
G32139;Würmla;1136;ÖVP;351
G32139;Würmla;1136;SPÖ;79
G32139;Würmla;1136;FPÖ;141
G32139;Würmla;1136;GRÜNE;60
G32139;Würmla;1136;NEOS;44
G32139;Würmla;1136;KPÖ;6
G32139;Würmla;1136;EUROPA;5
G32140;Zeiselmauer-Wolfpassing;1794;ÖVP;345
G32140;Zeiselmauer-Wolfpassing;1794;SPÖ;239
G32140;Zeiselmauer-Wolfpassing;1794;FPÖ;195
G32140;Zeiselmauer-Wolfpassing;1794;GRÜNE;150
G32140;Zeiselmauer-Wolfpassing;1794;NEOS;114
G32140;Zeiselmauer-Wolfpassing;1794;KPÖ;7
G32140;Zeiselmauer-Wolfpassing;1794;EUROPA;9
G32141;Zwentendorf an der Donau;2970;ÖVP;662
G32141;Zwentendorf an der Donau;2970;SPÖ;487
G32141;Zwentendorf an der Donau;2970;FPÖ;336
G32141;Zwentendorf an der Donau;2970;GRÜNE;94
G32141;Zwentendorf an der Donau;2970;NEOS;97
G32141;Zwentendorf an der Donau;2970;KPÖ;11
G32141;Zwentendorf an der Donau;2970;EUROPA;5
G32142;St. Andrä-Wördern;6082;ÖVP;1150
G32142;St. Andrä-Wördern;6082;SPÖ;798
G32142;St. Andrä-Wördern;6082;FPÖ;586
G32142;St. Andrä-Wördern;6082;GRÜNE;733
G32142;St. Andrä-Wördern;6082;NEOS;351
G32142;St. Andrä-Wördern;6082;KPÖ;16
G32142;St. Andrä-Wördern;6082;EUROPA;36
G32143;Muckendorf-Wipfing;1311;ÖVP;285
G32143;Muckendorf-Wipfing;1311;SPÖ;162
G32143;Muckendorf-Wipfing;1311;FPÖ;192
G32143;Muckendorf-Wipfing;1311;GRÜNE;96
G32143;Muckendorf-Wipfing;1311;NEOS;58
G32143;Muckendorf-Wipfing;1311;KPÖ;4
G32143;Muckendorf-Wipfing;1311;EUROPA;6
G32144;Klosterneuburg;20406;ÖVP;4581
G32144;Klosterneuburg;20406;SPÖ;2040
G32144;Klosterneuburg;20406;FPÖ;1393
G32144;Klosterneuburg;20406;GRÜNE;2451
G32144;Klosterneuburg;20406;NEOS;1875
G32144;Klosterneuburg;20406;KPÖ;91
G32144;Klosterneuburg;20406;EUROPA;162
G32199;Wahlkarten - Tulln;0;ÖVP;2191
G32199;Wahlkarten - Tulln;0;SPÖ;1239
G32199;Wahlkarten - Tulln;0;FPÖ;751
G32199;Wahlkarten - Tulln;0;GRÜNE;1159
G32199;Wahlkarten - Tulln;0;NEOS;715
G32199;Wahlkarten - Tulln;0;KPÖ;39
G32199;Wahlkarten - Tulln;0;EUROPA;82
G32202;Dietmanns;922;ÖVP;106
G32202;Dietmanns;922;SPÖ;191
G32202;Dietmanns;922;FPÖ;156
G32202;Dietmanns;922;GRÜNE;17
G32202;Dietmanns;922;NEOS;17
G32202;Dietmanns;922;KPÖ;3
G32202;Dietmanns;922;EUROPA;3
G32203;Dobersberg;1334;ÖVP;532
G32203;Dobersberg;1334;SPÖ;57
G32203;Dobersberg;1334;FPÖ;155
G32203;Dobersberg;1334;GRÜNE;40
G32203;Dobersberg;1334;NEOS;27
G32203;Dobersberg;1334;KPÖ;5
G32203;Dobersberg;1334;EUROPA;3
G32206;Gastern;1039;ÖVP;325
G32206;Gastern;1039;SPÖ;77
G32206;Gastern;1039;FPÖ;150
G32206;Gastern;1039;GRÜNE;25
G32206;Gastern;1039;NEOS;13
G32206;Gastern;1039;KPÖ;9
G32206;Gastern;1039;EUROPA;3
G32207;Groß-Siegharts;2311;ÖVP;418
G32207;Groß-Siegharts;2311;SPÖ;282
G32207;Groß-Siegharts;2311;FPÖ;303
G32207;Groß-Siegharts;2311;GRÜNE;68
G32207;Groß-Siegharts;2311;NEOS;66
G32207;Groß-Siegharts;2311;KPÖ;6
G32207;Groß-Siegharts;2311;EUROPA;13
G32209;Karlstein an der Thaya;1222;ÖVP;440
G32209;Karlstein an der Thaya;1222;SPÖ;95
G32209;Karlstein an der Thaya;1222;FPÖ;178
G32209;Karlstein an der Thaya;1222;GRÜNE;29
G32209;Karlstein an der Thaya;1222;NEOS;31
G32209;Karlstein an der Thaya;1222;KPÖ;6
G32209;Karlstein an der Thaya;1222;EUROPA;3
G32210;Kautzen;942;ÖVP;297
G32210;Kautzen;942;SPÖ;68
G32210;Kautzen;942;FPÖ;110
G32210;Kautzen;942;GRÜNE;26
G32210;Kautzen;942;NEOS;24
G32210;Kautzen;942;KPÖ;9
G32210;Kautzen;942;EUROPA;4
G32212;Ludweis-Aigen;766;ÖVP;282
G32212;Ludweis-Aigen;766;SPÖ;65
G32212;Ludweis-Aigen;766;FPÖ;72
G32212;Ludweis-Aigen;766;GRÜNE;27
G32212;Ludweis-Aigen;766;NEOS;18
G32212;Ludweis-Aigen;766;KPÖ;1
G32212;Ludweis-Aigen;766;EUROPA;3
G32214;Pfaffenschlag bei Waidhofen a.d.Thaya;776;ÖVP;273
G32214;Pfaffenschlag bei Waidhofen a.d.Thaya;776;SPÖ;36
G32214;Pfaffenschlag bei Waidhofen a.d.Thaya;776;FPÖ;115
G32214;Pfaffenschlag bei Waidhofen a.d.Thaya;776;GRÜNE;31
G32214;Pfaffenschlag bei Waidhofen a.d.Thaya;776;NEOS;28
G32214;Pfaffenschlag bei Waidhofen a.d.Thaya;776;KPÖ;2
G32214;Pfaffenschlag bei Waidhofen a.d.Thaya;776;EUROPA;4
G32216;Raabs an der Thaya;2301;ÖVP;847
G32216;Raabs an der Thaya;2301;SPÖ;169
G32216;Raabs an der Thaya;2301;FPÖ;221
G32216;Raabs an der Thaya;2301;GRÜNE;71
G32216;Raabs an der Thaya;2301;NEOS;49
G32216;Raabs an der Thaya;2301;KPÖ;5
G32216;Raabs an der Thaya;2301;EUROPA;12
G32217;Thaya;1169;ÖVP;386
G32217;Thaya;1169;SPÖ;58
G32217;Thaya;1169;FPÖ;157
G32217;Thaya;1169;GRÜNE;39
G32217;Thaya;1169;NEOS;34
G32217;Thaya;1169;KPÖ;1
G32217;Thaya;1169;EUROPA;2
G32219;Vitis;2224;ÖVP;691
G32219;Vitis;2224;SPÖ;223
G32219;Vitis;2224;FPÖ;221
G32219;Vitis;2224;GRÜNE;80
G32219;Vitis;2224;NEOS;67
G32219;Vitis;2224;KPÖ;3
G32219;Vitis;2224;EUROPA;7
G32220;Waidhofen an der Thaya;4614;ÖVP;1189
G32220;Waidhofen an der Thaya;4614;SPÖ;328
G32220;Waidhofen an der Thaya;4614;FPÖ;493
G32220;Waidhofen an der Thaya;4614;GRÜNE;277
G32220;Waidhofen an der Thaya;4614;NEOS;169
G32220;Waidhofen an der Thaya;4614;KPÖ;7
G32220;Waidhofen an der Thaya;4614;EUROPA;25
G32221;Waidhofen an der Thaya-Land;1052;ÖVP;335
G32221;Waidhofen an der Thaya-Land;1052;SPÖ;74
G32221;Waidhofen an der Thaya-Land;1052;FPÖ;156
G32221;Waidhofen an der Thaya-Land;1052;GRÜNE;36
G32221;Waidhofen an der Thaya-Land;1052;NEOS;29
G32221;Waidhofen an der Thaya-Land;1052;KPÖ;0
G32221;Waidhofen an der Thaya-Land;1052;EUROPA;7
G32222;Waldkirchen an der Thaya;465;ÖVP;206
G32222;Waldkirchen an der Thaya;465;SPÖ;33
G32222;Waldkirchen an der Thaya;465;FPÖ;39
G32222;Waldkirchen an der Thaya;465;GRÜNE;12
G32222;Waldkirchen an der Thaya;465;NEOS;11
G32222;Waldkirchen an der Thaya;465;KPÖ;1
G32222;Waldkirchen an der Thaya;465;EUROPA;5
G32223;Windigsteig;819;ÖVP;255
G32223;Windigsteig;819;SPÖ;74
G32223;Windigsteig;819;FPÖ;68
G32223;Windigsteig;819;GRÜNE;38
G32223;Windigsteig;819;NEOS;15
G32223;Windigsteig;819;KPÖ;4
G32223;Windigsteig;819;EUROPA;2
G32299;Wahlkarten - Waidhofen an der Thaya;0;ÖVP;881
G32299;Wahlkarten - Waidhofen an der Thaya;0;SPÖ;388
G32299;Wahlkarten - Waidhofen an der Thaya;0;FPÖ;314
G32299;Wahlkarten - Waidhofen an der Thaya;0;GRÜNE;236
G32299;Wahlkarten - Waidhofen an der Thaya;0;NEOS;140
G32299;Wahlkarten - Waidhofen an der Thaya;0;KPÖ;11
G32299;Wahlkarten - Waidhofen an der Thaya;0;EUROPA;30
G32301;Bad Fischau-Brunn;2665;ÖVP;637
G32301;Bad Fischau-Brunn;2665;SPÖ;356
G32301;Bad Fischau-Brunn;2665;FPÖ;289
G32301;Bad Fischau-Brunn;2665;GRÜNE;171
G32301;Bad Fischau-Brunn;2665;NEOS;194
G32301;Bad Fischau-Brunn;2665;KPÖ;9
G32301;Bad Fischau-Brunn;2665;EUROPA;7
G32302;Bad Schönau;606;ÖVP;189
G32302;Bad Schönau;606;SPÖ;29
G32302;Bad Schönau;606;FPÖ;83
G32302;Bad Schönau;606;GRÜNE;33
G32302;Bad Schönau;606;NEOS;24
G32302;Bad Schönau;606;KPÖ;1
G32302;Bad Schönau;606;EUROPA;1
G32304;Ebenfurth;2143;ÖVP;257
G32304;Ebenfurth;2143;SPÖ;427
G32304;Ebenfurth;2143;FPÖ;258
G32304;Ebenfurth;2143;GRÜNE;66
G32304;Ebenfurth;2143;NEOS;66
G32304;Ebenfurth;2143;KPÖ;5
G32304;Ebenfurth;2143;EUROPA;6
G32305;Eggendorf;3709;ÖVP;616
G32305;Eggendorf;3709;SPÖ;603
G32305;Eggendorf;3709;FPÖ;588
G32305;Eggendorf;3709;GRÜNE;115
G32305;Eggendorf;3709;NEOS;109
G32305;Eggendorf;3709;KPÖ;13
G32305;Eggendorf;3709;EUROPA;18
G32306;Bad Erlach;2507;ÖVP;601
G32306;Bad Erlach;2507;SPÖ;289
G32306;Bad Erlach;2507;FPÖ;302
G32306;Bad Erlach;2507;GRÜNE;107
G32306;Bad Erlach;2507;NEOS;99
G32306;Bad Erlach;2507;KPÖ;6
G32306;Bad Erlach;2507;EUROPA;13
G32307;Felixdorf;3218;ÖVP;474
G32307;Felixdorf;3218;SPÖ;603
G32307;Felixdorf;3218;FPÖ;373
G32307;Felixdorf;3218;GRÜNE;119
G32307;Felixdorf;3218;NEOS;129
G32307;Felixdorf;3218;KPÖ;9
G32307;Felixdorf;3218;EUROPA;29
G32308;Gutenstein;1036;ÖVP;241
G32308;Gutenstein;1036;SPÖ;115
G32308;Gutenstein;1036;FPÖ;110
G32308;Gutenstein;1036;GRÜNE;53
G32308;Gutenstein;1036;NEOS;29
G32308;Gutenstein;1036;KPÖ;2
G32308;Gutenstein;1036;EUROPA;6
G32309;Hochneukirchen-Gschaidt;1395;ÖVP;531
G32309;Hochneukirchen-Gschaidt;1395;SPÖ;83
G32309;Hochneukirchen-Gschaidt;1395;FPÖ;174
G32309;Hochneukirchen-Gschaidt;1395;GRÜNE;41
G32309;Hochneukirchen-Gschaidt;1395;NEOS;39
G32309;Hochneukirchen-Gschaidt;1395;KPÖ;4
G32309;Hochneukirchen-Gschaidt;1395;EUROPA;4
G32310;Hochwolkersdorf;847;ÖVP;246
G32310;Hochwolkersdorf;847;SPÖ;153
G32310;Hochwolkersdorf;847;FPÖ;95
G32310;Hochwolkersdorf;847;GRÜNE;25
G32310;Hochwolkersdorf;847;NEOS;15
G32310;Hochwolkersdorf;847;KPÖ;0
G32310;Hochwolkersdorf;847;EUROPA;2
G32311;Hohe Wand;1140;ÖVP;313
G32311;Hohe Wand;1140;SPÖ;104
G32311;Hohe Wand;1140;FPÖ;136
G32311;Hohe Wand;1140;GRÜNE;70
G32311;Hohe Wand;1140;NEOS;39
G32311;Hohe Wand;1140;KPÖ;1
G32311;Hohe Wand;1140;EUROPA;6
G32312;Hollenthon;824;ÖVP;307
G32312;Hollenthon;824;SPÖ;63
G32312;Hollenthon;824;FPÖ;101
G32312;Hollenthon;824;GRÜNE;20
G32312;Hollenthon;824;NEOS;29
G32312;Hollenthon;824;KPÖ;0
G32312;Hollenthon;824;EUROPA;2
G32313;Katzelsdorf;2595;ÖVP;624
G32313;Katzelsdorf;2595;SPÖ;302
G32313;Katzelsdorf;2595;FPÖ;296
G32313;Katzelsdorf;2595;GRÜNE;206
G32313;Katzelsdorf;2595;NEOS;180
G32313;Katzelsdorf;2595;KPÖ;7
G32313;Katzelsdorf;2595;EUROPA;15
G32314;Kirchschlag in der Buckligen Welt;2333;ÖVP;866
G32314;Kirchschlag in der Buckligen Welt;2333;SPÖ;128
G32314;Kirchschlag in der Buckligen Welt;2333;FPÖ;251
G32314;Kirchschlag in der Buckligen Welt;2333;GRÜNE;73
G32314;Kirchschlag in der Buckligen Welt;2333;NEOS;77
G32314;Kirchschlag in der Buckligen Welt;2333;KPÖ;1
G32314;Kirchschlag in der Buckligen Welt;2333;EUROPA;9
G32315;Krumbach;1886;ÖVP;671
G32315;Krumbach;1886;SPÖ;147
G32315;Krumbach;1886;FPÖ;225
G32315;Krumbach;1886;GRÜNE;74
G32315;Krumbach;1886;NEOS;67
G32315;Krumbach;1886;KPÖ;2
G32315;Krumbach;1886;EUROPA;5
G32316;Lanzenkirchen;3103;ÖVP;612
G32316;Lanzenkirchen;3103;SPÖ;449
G32316;Lanzenkirchen;3103;FPÖ;427
G32316;Lanzenkirchen;3103;GRÜNE;147
G32316;Lanzenkirchen;3103;NEOS;127
G32316;Lanzenkirchen;3103;KPÖ;12
G32316;Lanzenkirchen;3103;EUROPA;19
G32317;Lichtenegg;877;ÖVP;383
G32317;Lichtenegg;877;SPÖ;22
G32317;Lichtenegg;877;FPÖ;75
G32317;Lichtenegg;877;GRÜNE;38
G32317;Lichtenegg;877;NEOS;27
G32317;Lichtenegg;877;KPÖ;0
G32317;Lichtenegg;877;EUROPA;4
G32318;Lichtenwörth;2166;ÖVP;370
G32318;Lichtenwörth;2166;SPÖ;306
G32318;Lichtenwörth;2166;FPÖ;279
G32318;Lichtenwörth;2166;GRÜNE;107
G32318;Lichtenwörth;2166;NEOS;85
G32318;Lichtenwörth;2166;KPÖ;7
G32318;Lichtenwörth;2166;EUROPA;7
G32319;Markt Piesting;2209;ÖVP;530
G32319;Markt Piesting;2209;SPÖ;242
G32319;Markt Piesting;2209;FPÖ;283
G32319;Markt Piesting;2209;GRÜNE;144
G32319;Markt Piesting;2209;NEOS;131
G32319;Markt Piesting;2209;KPÖ;10
G32319;Markt Piesting;2209;EUROPA;13
G32320;Matzendorf-Hölles;1666;ÖVP;422
G32320;Matzendorf-Hölles;1666;SPÖ;191
G32320;Matzendorf-Hölles;1666;FPÖ;244
G32320;Matzendorf-Hölles;1666;GRÜNE;54
G32320;Matzendorf-Hölles;1666;NEOS;59
G32320;Matzendorf-Hölles;1666;KPÖ;5
G32320;Matzendorf-Hölles;1666;EUROPA;9
G32321;Miesenbach;561;ÖVP;150
G32321;Miesenbach;561;SPÖ;60
G32321;Miesenbach;561;FPÖ;58
G32321;Miesenbach;561;GRÜNE;21
G32321;Miesenbach;561;NEOS;14
G32321;Miesenbach;561;KPÖ;1
G32321;Miesenbach;561;EUROPA;2
G32322;Muggendorf;434;ÖVP;160
G32322;Muggendorf;434;SPÖ;49
G32322;Muggendorf;434;FPÖ;59
G32322;Muggendorf;434;GRÜNE;21
G32322;Muggendorf;434;NEOS;20
G32322;Muggendorf;434;KPÖ;2
G32322;Muggendorf;434;EUROPA;0
G32323;Pernitz;1920;ÖVP;337
G32323;Pernitz;1920;SPÖ;305
G32323;Pernitz;1920;FPÖ;228
G32323;Pernitz;1920;GRÜNE;117
G32323;Pernitz;1920;NEOS;68
G32323;Pernitz;1920;KPÖ;3
G32323;Pernitz;1920;EUROPA;21
G32324;Rohr im Gebirge;365;ÖVP;126
G32324;Rohr im Gebirge;365;SPÖ;35
G32324;Rohr im Gebirge;365;FPÖ;38
G32324;Rohr im Gebirge;365;GRÜNE;14
G32324;Rohr im Gebirge;365;NEOS;7
G32324;Rohr im Gebirge;365;KPÖ;0
G32324;Rohr im Gebirge;365;EUROPA;2
G32325;Bromberg;958;ÖVP;340
G32325;Bromberg;958;SPÖ;83
G32325;Bromberg;958;FPÖ;99
G32325;Bromberg;958;GRÜNE;43
G32325;Bromberg;958;NEOS;28
G32325;Bromberg;958;KPÖ;0
G32325;Bromberg;958;EUROPA;2
G32326;Schwarzenbach;777;ÖVP;175
G32326;Schwarzenbach;777;SPÖ;180
G32326;Schwarzenbach;777;FPÖ;94
G32326;Schwarzenbach;777;GRÜNE;14
G32326;Schwarzenbach;777;NEOS;17
G32326;Schwarzenbach;777;KPÖ;0
G32326;Schwarzenbach;777;EUROPA;1
G32327;Sollenau;3880;ÖVP;605
G32327;Sollenau;3880;SPÖ;659
G32327;Sollenau;3880;FPÖ;548
G32327;Sollenau;3880;GRÜNE;120
G32327;Sollenau;3880;NEOS;114
G32327;Sollenau;3880;KPÖ;10
G32327;Sollenau;3880;EUROPA;12
G32330;Theresienfeld;2424;ÖVP;340
G32330;Theresienfeld;2424;SPÖ;400
G32330;Theresienfeld;2424;FPÖ;377
G32330;Theresienfeld;2424;GRÜNE;98
G32330;Theresienfeld;2424;NEOS;80
G32330;Theresienfeld;2424;KPÖ;7
G32330;Theresienfeld;2424;EUROPA;5
G32331;Waidmannsfeld;1261;ÖVP;217
G32331;Waidmannsfeld;1261;SPÖ;292
G32331;Waidmannsfeld;1261;FPÖ;128
G32331;Waidmannsfeld;1261;GRÜNE;39
G32331;Waidmannsfeld;1261;NEOS;44
G32331;Waidmannsfeld;1261;KPÖ;7
G32331;Waidmannsfeld;1261;EUROPA;11
G32332;Waldegg;1491;ÖVP;304
G32332;Waldegg;1491;SPÖ;245
G32332;Waldegg;1491;FPÖ;181
G32332;Waldegg;1491;GRÜNE;79
G32332;Waldegg;1491;NEOS;36
G32332;Waldegg;1491;KPÖ;6
G32332;Waldegg;1491;EUROPA;8
G32333;Walpersbach;914;ÖVP;247
G32333;Walpersbach;914;SPÖ;140
G32333;Walpersbach;914;FPÖ;97
G32333;Walpersbach;914;GRÜNE;36
G32333;Walpersbach;914;NEOS;40
G32333;Walpersbach;914;KPÖ;4
G32333;Walpersbach;914;EUROPA;2
G32334;Weikersdorf am Steinfelde;865;ÖVP;243
G32334;Weikersdorf am Steinfelde;865;SPÖ;60
G32334;Weikersdorf am Steinfelde;865;FPÖ;116
G32334;Weikersdorf am Steinfelde;865;GRÜNE;35
G32334;Weikersdorf am Steinfelde;865;NEOS;32
G32334;Weikersdorf am Steinfelde;865;KPÖ;5
G32334;Weikersdorf am Steinfelde;865;EUROPA;3
G32335;Wiesmath;1250;ÖVP;432
G32335;Wiesmath;1250;SPÖ;132
G32335;Wiesmath;1250;FPÖ;153
G32335;Wiesmath;1250;GRÜNE;30
G32335;Wiesmath;1250;NEOS;26
G32335;Wiesmath;1250;KPÖ;3
G32335;Wiesmath;1250;EUROPA;7
G32336;Winzendorf-Muthmannsdorf;1504;ÖVP;313
G32336;Winzendorf-Muthmannsdorf;1504;SPÖ;172
G32336;Winzendorf-Muthmannsdorf;1504;FPÖ;163
G32336;Winzendorf-Muthmannsdorf;1504;GRÜNE;90
G32336;Winzendorf-Muthmannsdorf;1504;NEOS;77
G32336;Winzendorf-Muthmannsdorf;1504;KPÖ;7
G32336;Winzendorf-Muthmannsdorf;1504;EUROPA;15
G32337;Wöllersdorf-Steinabrückl;3401;ÖVP;551
G32337;Wöllersdorf-Steinabrückl;3401;SPÖ;386
G32337;Wöllersdorf-Steinabrückl;3401;FPÖ;531
G32337;Wöllersdorf-Steinabrückl;3401;GRÜNE;136
G32337;Wöllersdorf-Steinabrückl;3401;NEOS;114
G32337;Wöllersdorf-Steinabrückl;3401;KPÖ;13
G32337;Wöllersdorf-Steinabrückl;3401;EUROPA;16
G32338;Zillingdorf;1639;ÖVP;321
G32338;Zillingdorf;1639;SPÖ;312
G32338;Zillingdorf;1639;FPÖ;266
G32338;Zillingdorf;1639;GRÜNE;63
G32338;Zillingdorf;1639;NEOS;74
G32338;Zillingdorf;1639;KPÖ;11
G32338;Zillingdorf;1639;EUROPA;9
G32399;Wahlkarten - Wiener Neustadt Land;0;ÖVP;1371
G32399;Wahlkarten - Wiener Neustadt Land;0;SPÖ;987
G32399;Wahlkarten - Wiener Neustadt Land;0;FPÖ;631
G32399;Wahlkarten - Wiener Neustadt Land;0;GRÜNE;446
G32399;Wahlkarten - Wiener Neustadt Land;0;NEOS;318
G32399;Wahlkarten - Wiener Neustadt Land;0;KPÖ;27
G32399;Wahlkarten - Wiener Neustadt Land;0;EUROPA;44
G32501;Allentsteig;1580;ÖVP;458
G32501;Allentsteig;1580;SPÖ;117
G32501;Allentsteig;1580;FPÖ;212
G32501;Allentsteig;1580;GRÜNE;51
G32501;Allentsteig;1580;NEOS;32
G32501;Allentsteig;1580;KPÖ;4
G32501;Allentsteig;1580;EUROPA;2
G32502;Arbesbach;1370;ÖVP;580
G32502;Arbesbach;1370;SPÖ;44
G32502;Arbesbach;1370;FPÖ;149
G32502;Arbesbach;1370;GRÜNE;57
G32502;Arbesbach;1370;NEOS;34
G32502;Arbesbach;1370;KPÖ;2
G32502;Arbesbach;1370;EUROPA;4
G32503;Bärnkopf;305;ÖVP;46
G32503;Bärnkopf;305;SPÖ;92
G32503;Bärnkopf;305;FPÖ;32
G32503;Bärnkopf;305;GRÜNE;8
G32503;Bärnkopf;305;NEOS;4
G32503;Bärnkopf;305;KPÖ;1
G32503;Bärnkopf;305;EUROPA;0
G32504;Echsenbach;1026;ÖVP;416
G32504;Echsenbach;1026;SPÖ;69
G32504;Echsenbach;1026;FPÖ;95
G32504;Echsenbach;1026;GRÜNE;33
G32504;Echsenbach;1026;NEOS;19
G32504;Echsenbach;1026;KPÖ;2
G32504;Echsenbach;1026;EUROPA;6
G32505;Göpfritz an der Wild;1542;ÖVP;482
G32505;Göpfritz an der Wild;1542;SPÖ;141
G32505;Göpfritz an der Wild;1542;FPÖ;223
G32505;Göpfritz an der Wild;1542;GRÜNE;47
G32505;Göpfritz an der Wild;1542;NEOS;29
G32505;Göpfritz an der Wild;1542;KPÖ;2
G32505;Göpfritz an der Wild;1542;EUROPA;3
G32506;Grafenschlag;706;ÖVP;293
G32506;Grafenschlag;706;SPÖ;49
G32506;Grafenschlag;706;FPÖ;80
G32506;Grafenschlag;706;GRÜNE;25
G32506;Grafenschlag;706;NEOS;14
G32506;Grafenschlag;706;KPÖ;2
G32506;Grafenschlag;706;EUROPA;4
G32508;Groß Gerungs;3745;ÖVP;1315
G32508;Groß Gerungs;3745;SPÖ;246
G32508;Groß Gerungs;3745;FPÖ;462
G32508;Groß Gerungs;3745;GRÜNE;116
G32508;Groß Gerungs;3745;NEOS;110
G32508;Groß Gerungs;3745;KPÖ;6
G32508;Groß Gerungs;3745;EUROPA;16
G32509;Großgöttfritz;1154;ÖVP;415
G32509;Großgöttfritz;1154;SPÖ;84
G32509;Großgöttfritz;1154;FPÖ;206
G32509;Großgöttfritz;1154;GRÜNE;28
G32509;Großgöttfritz;1154;NEOS;33
G32509;Großgöttfritz;1154;KPÖ;4
G32509;Großgöttfritz;1154;EUROPA;4
G32511;Gutenbrunn;439;ÖVP;108
G32511;Gutenbrunn;439;SPÖ;76
G32511;Gutenbrunn;439;FPÖ;27
G32511;Gutenbrunn;439;GRÜNE;7
G32511;Gutenbrunn;439;NEOS;6
G32511;Gutenbrunn;439;KPÖ;2
G32511;Gutenbrunn;439;EUROPA;3
G32514;Kirchschlag;539;ÖVP;210
G32514;Kirchschlag;539;SPÖ;34
G32514;Kirchschlag;539;FPÖ;90
G32514;Kirchschlag;539;GRÜNE;8
G32514;Kirchschlag;539;NEOS;7
G32514;Kirchschlag;539;KPÖ;1
G32514;Kirchschlag;539;EUROPA;1
G32515;Kottes-Purk;1232;ÖVP;444
G32515;Kottes-Purk;1232;SPÖ;89
G32515;Kottes-Purk;1232;FPÖ;118
G32515;Kottes-Purk;1232;GRÜNE;40
G32515;Kottes-Purk;1232;NEOS;25
G32515;Kottes-Purk;1232;KPÖ;1
G32515;Kottes-Purk;1232;EUROPA;1
G32516;Langschlag;1439;ÖVP;494
G32516;Langschlag;1439;SPÖ;112
G32516;Langschlag;1439;FPÖ;177
G32516;Langschlag;1439;GRÜNE;34
G32516;Langschlag;1439;NEOS;33
G32516;Langschlag;1439;KPÖ;1
G32516;Langschlag;1439;EUROPA;2
G32517;Martinsberg;898;ÖVP;319
G32517;Martinsberg;898;SPÖ;77
G32517;Martinsberg;898;FPÖ;113
G32517;Martinsberg;898;GRÜNE;13
G32517;Martinsberg;898;NEOS;20
G32517;Martinsberg;898;KPÖ;1
G32517;Martinsberg;898;EUROPA;3
G32518;Ottenschlag;846;ÖVP;300
G32518;Ottenschlag;846;SPÖ;51
G32518;Ottenschlag;846;FPÖ;118
G32518;Ottenschlag;846;GRÜNE;27
G32518;Ottenschlag;846;NEOS;24
G32518;Ottenschlag;846;KPÖ;2
G32518;Ottenschlag;846;EUROPA;2
G32519;Altmelon;717;ÖVP;262
G32519;Altmelon;717;SPÖ;47
G32519;Altmelon;717;FPÖ;118
G32519;Altmelon;717;GRÜNE;6
G32519;Altmelon;717;NEOS;13
G32519;Altmelon;717;KPÖ;1
G32519;Altmelon;717;EUROPA;2
G32520;Pölla;773;ÖVP;266
G32520;Pölla;773;SPÖ;57
G32520;Pölla;773;FPÖ;123
G32520;Pölla;773;GRÜNE;19
G32520;Pölla;773;NEOS;19
G32520;Pölla;773;KPÖ;0
G32520;Pölla;773;EUROPA;3
G32521;Rappottenstein;1431;ÖVP;505
G32521;Rappottenstein;1431;SPÖ;77
G32521;Rappottenstein;1431;FPÖ;144
G32521;Rappottenstein;1431;GRÜNE;58
G32521;Rappottenstein;1431;NEOS;56
G32521;Rappottenstein;1431;KPÖ;4
G32521;Rappottenstein;1431;EUROPA;4
G32522;Sallingberg;1059;ÖVP;403
G32522;Sallingberg;1059;SPÖ;51
G32522;Sallingberg;1059;FPÖ;135
G32522;Sallingberg;1059;GRÜNE;25
G32522;Sallingberg;1059;NEOS;24
G32522;Sallingberg;1059;KPÖ;4
G32522;Sallingberg;1059;EUROPA;2
G32523;Schönbach;673;ÖVP;264
G32523;Schönbach;673;SPÖ;34
G32523;Schönbach;673;FPÖ;85
G32523;Schönbach;673;GRÜNE;19
G32523;Schönbach;673;NEOS;15
G32523;Schönbach;673;KPÖ;1
G32523;Schönbach;673;EUROPA;1
G32524;Schwarzenau;1263;ÖVP;389
G32524;Schwarzenau;1263;SPÖ;193
G32524;Schwarzenau;1263;FPÖ;133
G32524;Schwarzenau;1263;GRÜNE;53
G32524;Schwarzenau;1263;NEOS;43
G32524;Schwarzenau;1263;KPÖ;5
G32524;Schwarzenau;1263;EUROPA;4
G32525;Schweiggers;1651;ÖVP;712
G32525;Schweiggers;1651;SPÖ;53
G32525;Schweiggers;1651;FPÖ;179
G32525;Schweiggers;1651;GRÜNE;19
G32525;Schweiggers;1651;NEOS;50
G32525;Schweiggers;1651;KPÖ;3
G32525;Schweiggers;1651;EUROPA;3
G32528;Bad Traunstein;831;ÖVP;317
G32528;Bad Traunstein;831;SPÖ;50
G32528;Bad Traunstein;831;FPÖ;81
G32528;Bad Traunstein;831;GRÜNE;37
G32528;Bad Traunstein;831;NEOS;26
G32528;Bad Traunstein;831;KPÖ;2
G32528;Bad Traunstein;831;EUROPA;3
G32529;Waldhausen;1014;ÖVP;355
G32529;Waldhausen;1014;SPÖ;70
G32529;Waldhausen;1014;FPÖ;114
G32529;Waldhausen;1014;GRÜNE;36
G32529;Waldhausen;1014;NEOS;40
G32529;Waldhausen;1014;KPÖ;5
G32529;Waldhausen;1014;EUROPA;1
G32530;Zwettl-Niederösterreich;9256;ÖVP;3053
G32530;Zwettl-Niederösterreich;9256;SPÖ;600
G32530;Zwettl-Niederösterreich;9256;FPÖ;823
G32530;Zwettl-Niederösterreich;9256;GRÜNE;417
G32530;Zwettl-Niederösterreich;9256;NEOS;347
G32530;Zwettl-Niederösterreich;9256;KPÖ;12
G32530;Zwettl-Niederösterreich;9256;EUROPA;37
G32599;Wahlkarten - Zwettl;0;ÖVP;1327
G32599;Wahlkarten - Zwettl;0;SPÖ;471
G32599;Wahlkarten - Zwettl;0;FPÖ;368
G32599;Wahlkarten - Zwettl;0;GRÜNE;404
G32599;Wahlkarten - Zwettl;0;NEOS;235
G32599;Wahlkarten - Zwettl;0;KPÖ;12
G32599;Wahlkarten - Zwettl;0;EUROPA;26
G4A099;Wahlkarten Linz und Umgebung;0;ÖVP;0
G4A099;Wahlkarten Linz und Umgebung;0;SPÖ;0
G4A099;Wahlkarten Linz und Umgebung;0;FPÖ;0
G4A099;Wahlkarten Linz und Umgebung;0;GRÜNE;0
G4A099;Wahlkarten Linz und Umgebung;0;NEOS;0
G4A099;Wahlkarten Linz und Umgebung;0;KPÖ;0
G4A099;Wahlkarten Linz und Umgebung;0;EUROPA;0
G4B099;Wahlkarten - Innviertel;0;ÖVP;0
G4B099;Wahlkarten - Innviertel;0;SPÖ;0
G4B099;Wahlkarten - Innviertel;0;FPÖ;0
G4B099;Wahlkarten - Innviertel;0;GRÜNE;0
G4B099;Wahlkarten - Innviertel;0;NEOS;0
G4B099;Wahlkarten - Innviertel;0;KPÖ;0
G4B099;Wahlkarten - Innviertel;0;EUROPA;0
G4C099;Wahlkarten - Hausruckviertel;0;ÖVP;0
G4C099;Wahlkarten - Hausruckviertel;0;SPÖ;0
G4C099;Wahlkarten - Hausruckviertel;0;FPÖ;0
G4C099;Wahlkarten - Hausruckviertel;0;GRÜNE;0
G4C099;Wahlkarten - Hausruckviertel;0;NEOS;0
G4C099;Wahlkarten - Hausruckviertel;0;KPÖ;0
G4C099;Wahlkarten - Hausruckviertel;0;EUROPA;0
G4D099;Wahlkarten - Traunviertel;0;ÖVP;0
G4D099;Wahlkarten - Traunviertel;0;SPÖ;0
G4D099;Wahlkarten - Traunviertel;0;FPÖ;0
G4D099;Wahlkarten - Traunviertel;0;GRÜNE;0
G4D099;Wahlkarten - Traunviertel;0;NEOS;0
G4D099;Wahlkarten - Traunviertel;0;KPÖ;0
G4D099;Wahlkarten - Traunviertel;0;EUROPA;0
G4E099;Wahlkarten - Mühlviertel;0;ÖVP;0
G4E099;Wahlkarten - Mühlviertel;0;SPÖ;0
G4E099;Wahlkarten - Mühlviertel;0;FPÖ;0
G4E099;Wahlkarten - Mühlviertel;0;GRÜNE;0
G4E099;Wahlkarten - Mühlviertel;0;NEOS;0
G4E099;Wahlkarten - Mühlviertel;0;KPÖ;0
G4E099;Wahlkarten - Mühlviertel;0;EUROPA;0
G40101;Linz;138624;ÖVP;15568
G40101;Linz;138624;SPÖ;21676
G40101;Linz;138624;FPÖ;10643
G40101;Linz;138624;GRÜNE;12015
G40101;Linz;138624;NEOS;5655
G40101;Linz;138624;KPÖ;858
G40101;Linz;138624;EUROPA;788
G40199;Wahlkarten - Linz Stadt;0;ÖVP;3207
G40199;Wahlkarten - Linz Stadt;0;SPÖ;4494
G40199;Wahlkarten - Linz Stadt;0;FPÖ;1420
G40199;Wahlkarten - Linz Stadt;0;GRÜNE;3333
G40199;Wahlkarten - Linz Stadt;0;NEOS;1342
G40199;Wahlkarten - Linz Stadt;0;KPÖ;195
G40199;Wahlkarten - Linz Stadt;0;EUROPA;158
G40201;Steyr;27017;ÖVP;2908
G40201;Steyr;27017;SPÖ;5393
G40201;Steyr;27017;FPÖ;2648
G40201;Steyr;27017;GRÜNE;1841
G40201;Steyr;27017;NEOS;888
G40201;Steyr;27017;KPÖ;111
G40201;Steyr;27017;EUROPA;124
G40299;Wahlkarten - Steyr Stadt;0;ÖVP;447
G40299;Wahlkarten - Steyr Stadt;0;SPÖ;678
G40299;Wahlkarten - Steyr Stadt;0;FPÖ;215
G40299;Wahlkarten - Steyr Stadt;0;GRÜNE;404
G40299;Wahlkarten - Steyr Stadt;0;NEOS;151
G40299;Wahlkarten - Steyr Stadt;0;KPÖ;9
G40299;Wahlkarten - Steyr Stadt;0;EUROPA;22
G40301;Wels;39118;ÖVP;4679
G40301;Wels;39118;SPÖ;5774
G40301;Wels;39118;FPÖ;4207
G40301;Wels;39118;GRÜNE;2390
G40301;Wels;39118;NEOS;1429
G40301;Wels;39118;KPÖ;132
G40301;Wels;39118;EUROPA;176
G40399;Wahlkarten - Wels Stadt;0;ÖVP;796
G40399;Wahlkarten - Wels Stadt;0;SPÖ;875
G40399;Wahlkarten - Wels Stadt;0;FPÖ;492
G40399;Wahlkarten - Wels Stadt;0;GRÜNE;548
G40399;Wahlkarten - Wels Stadt;0;NEOS;258
G40399;Wahlkarten - Wels Stadt;0;KPÖ;16
G40399;Wahlkarten - Wels Stadt;0;EUROPA;25
G40401;Altheim;3790;ÖVP;616
G40401;Altheim;3790;SPÖ;426
G40401;Altheim;3790;FPÖ;537
G40401;Altheim;3790;GRÜNE;168
G40401;Altheim;3790;NEOS;107
G40401;Altheim;3790;KPÖ;8
G40401;Altheim;3790;EUROPA;7
G40402;Aspach;2011;ÖVP;439
G40402;Aspach;2011;SPÖ;93
G40402;Aspach;2011;FPÖ;218
G40402;Aspach;2011;GRÜNE;73
G40402;Aspach;2011;NEOS;35
G40402;Aspach;2011;KPÖ;5
G40402;Aspach;2011;EUROPA;5
G40403;Auerbach;450;ÖVP;122
G40403;Auerbach;450;SPÖ;25
G40403;Auerbach;450;FPÖ;81
G40403;Auerbach;450;GRÜNE;22
G40403;Auerbach;450;NEOS;11
G40403;Auerbach;450;KPÖ;0
G40403;Auerbach;450;EUROPA;2
G40404;Braunau am Inn;11631;ÖVP;1427
G40404;Braunau am Inn;11631;SPÖ;1383
G40404;Braunau am Inn;11631;FPÖ;1105
G40404;Braunau am Inn;11631;GRÜNE;794
G40404;Braunau am Inn;11631;NEOS;334
G40404;Braunau am Inn;11631;KPÖ;37
G40404;Braunau am Inn;11631;EUROPA;50
G40405;Burgkirchen;2087;ÖVP;495
G40405;Burgkirchen;2087;SPÖ;146
G40405;Burgkirchen;2087;FPÖ;230
G40405;Burgkirchen;2087;GRÜNE;112
G40405;Burgkirchen;2087;NEOS;46
G40405;Burgkirchen;2087;KPÖ;3
G40405;Burgkirchen;2087;EUROPA;7
G40406;Eggelsberg;1853;ÖVP;337
G40406;Eggelsberg;1853;SPÖ;121
G40406;Eggelsberg;1853;FPÖ;189
G40406;Eggelsberg;1853;GRÜNE;104
G40406;Eggelsberg;1853;NEOS;58
G40406;Eggelsberg;1853;KPÖ;4
G40406;Eggelsberg;1853;EUROPA;10
G40407;Feldkirchen bei Mattighofen;1613;ÖVP;353
G40407;Feldkirchen bei Mattighofen;1613;SPÖ;106
G40407;Feldkirchen bei Mattighofen;1613;FPÖ;225
G40407;Feldkirchen bei Mattighofen;1613;GRÜNE;74
G40407;Feldkirchen bei Mattighofen;1613;NEOS;35
G40407;Feldkirchen bei Mattighofen;1613;KPÖ;4
G40407;Feldkirchen bei Mattighofen;1613;EUROPA;3
G40408;Franking;802;ÖVP;196
G40408;Franking;802;SPÖ;47
G40408;Franking;802;FPÖ;65
G40408;Franking;802;GRÜNE;30
G40408;Franking;802;NEOS;22
G40408;Franking;802;KPÖ;3
G40408;Franking;802;EUROPA;1
G40409;Geretsberg;896;ÖVP;204
G40409;Geretsberg;896;SPÖ;48
G40409;Geretsberg;896;FPÖ;108
G40409;Geretsberg;896;GRÜNE;45
G40409;Geretsberg;896;NEOS;35
G40409;Geretsberg;896;KPÖ;0
G40409;Geretsberg;896;EUROPA;2
G40410;Gilgenberg am Weilhart;1045;ÖVP;256
G40410;Gilgenberg am Weilhart;1045;SPÖ;43
G40410;Gilgenberg am Weilhart;1045;FPÖ;114
G40410;Gilgenberg am Weilhart;1045;GRÜNE;34
G40410;Gilgenberg am Weilhart;1045;NEOS;21
G40410;Gilgenberg am Weilhart;1045;KPÖ;2
G40410;Gilgenberg am Weilhart;1045;EUROPA;3
G40411;Haigermoos;497;ÖVP;127
G40411;Haigermoos;497;SPÖ;30
G40411;Haigermoos;497;FPÖ;57
G40411;Haigermoos;497;GRÜNE;24
G40411;Haigermoos;497;NEOS;20
G40411;Haigermoos;497;KPÖ;1
G40411;Haigermoos;497;EUROPA;3
G40412;Handenberg;1032;ÖVP;272
G40412;Handenberg;1032;SPÖ;69
G40412;Handenberg;1032;FPÖ;113
G40412;Handenberg;1032;GRÜNE;45
G40412;Handenberg;1032;NEOS;29
G40412;Handenberg;1032;KPÖ;6
G40412;Handenberg;1032;EUROPA;5
G40413;Helpfau-Uttendorf;2380;ÖVP;489
G40413;Helpfau-Uttendorf;2380;SPÖ;167
G40413;Helpfau-Uttendorf;2380;FPÖ;246
G40413;Helpfau-Uttendorf;2380;GRÜNE;79
G40413;Helpfau-Uttendorf;2380;NEOS;49
G40413;Helpfau-Uttendorf;2380;KPÖ;5
G40413;Helpfau-Uttendorf;2380;EUROPA;7
G40414;Hochburg-Ach;2244;ÖVP;576
G40414;Hochburg-Ach;2244;SPÖ;140
G40414;Hochburg-Ach;2244;FPÖ;143
G40414;Hochburg-Ach;2244;GRÜNE;153
G40414;Hochburg-Ach;2244;NEOS;62
G40414;Hochburg-Ach;2244;KPÖ;2
G40414;Hochburg-Ach;2244;EUROPA;7
G40415;Höhnhart;1124;ÖVP;242
G40415;Höhnhart;1124;SPÖ;77
G40415;Höhnhart;1124;FPÖ;138
G40415;Höhnhart;1124;GRÜNE;34
G40415;Höhnhart;1124;NEOS;9
G40415;Höhnhart;1124;KPÖ;1
G40415;Höhnhart;1124;EUROPA;2
G40416;Jeging;511;ÖVP;127
G40416;Jeging;511;SPÖ;37
G40416;Jeging;511;FPÖ;74
G40416;Jeging;511;GRÜNE;16
G40416;Jeging;511;NEOS;13
G40416;Jeging;511;KPÖ;0
G40416;Jeging;511;EUROPA;1
G40417;Kirchberg bei Mattighofen;939;ÖVP;249
G40417;Kirchberg bei Mattighofen;939;SPÖ;45
G40417;Kirchberg bei Mattighofen;939;FPÖ;112
G40417;Kirchberg bei Mattighofen;939;GRÜNE;39
G40417;Kirchberg bei Mattighofen;939;NEOS;31
G40417;Kirchberg bei Mattighofen;939;KPÖ;1
G40417;Kirchberg bei Mattighofen;939;EUROPA;4
G40418;Lengau;3621;ÖVP;630
G40418;Lengau;3621;SPÖ;421
G40418;Lengau;3621;FPÖ;357
G40418;Lengau;3621;GRÜNE;141
G40418;Lengau;3621;NEOS;84
G40418;Lengau;3621;KPÖ;8
G40418;Lengau;3621;EUROPA;20
G40419;Lochen am See;2188;ÖVP;530
G40419;Lochen am See;2188;SPÖ;130
G40419;Lochen am See;2188;FPÖ;279
G40419;Lochen am See;2188;GRÜNE;111
G40419;Lochen am See;2188;NEOS;60
G40419;Lochen am See;2188;KPÖ;12
G40419;Lochen am See;2188;EUROPA;12
G40420;Maria Schmolln;1185;ÖVP;301
G40420;Maria Schmolln;1185;SPÖ;81
G40420;Maria Schmolln;1185;FPÖ;102
G40420;Maria Schmolln;1185;GRÜNE;51
G40420;Maria Schmolln;1185;NEOS;24
G40420;Maria Schmolln;1185;KPÖ;1
G40420;Maria Schmolln;1185;EUROPA;1
G40421;Mattighofen;3757;ÖVP;478
G40421;Mattighofen;3757;SPÖ;398
G40421;Mattighofen;3757;FPÖ;366
G40421;Mattighofen;3757;GRÜNE;160
G40421;Mattighofen;3757;NEOS;90
G40421;Mattighofen;3757;KPÖ;10
G40421;Mattighofen;3757;EUROPA;19
G40422;Mauerkirchen;1682;ÖVP;228
G40422;Mauerkirchen;1682;SPÖ;174
G40422;Mauerkirchen;1682;FPÖ;199
G40422;Mauerkirchen;1682;GRÜNE;52
G40422;Mauerkirchen;1682;NEOS;43
G40422;Mauerkirchen;1682;KPÖ;1
G40422;Mauerkirchen;1682;EUROPA;2
G40423;Mining;990;ÖVP;230
G40423;Mining;990;SPÖ;69
G40423;Mining;990;FPÖ;93
G40423;Mining;990;GRÜNE;76
G40423;Mining;990;NEOS;21
G40423;Mining;990;KPÖ;7
G40423;Mining;990;EUROPA;1
G40424;Moosbach;771;ÖVP;177
G40424;Moosbach;771;SPÖ;37
G40424;Moosbach;771;FPÖ;144
G40424;Moosbach;771;GRÜNE;27
G40424;Moosbach;771;NEOS;22
G40424;Moosbach;771;KPÖ;2
G40424;Moosbach;771;EUROPA;5
G40425;Moosdorf;1299;ÖVP;217
G40425;Moosdorf;1299;SPÖ;155
G40425;Moosdorf;1299;FPÖ;127
G40425;Moosdorf;1299;GRÜNE;55
G40425;Moosdorf;1299;NEOS;25
G40425;Moosdorf;1299;KPÖ;3
G40425;Moosdorf;1299;EUROPA;5
G40426;Munderfing;2297;ÖVP;468
G40426;Munderfing;2297;SPÖ;246
G40426;Munderfing;2297;FPÖ;205
G40426;Munderfing;2297;GRÜNE;125
G40426;Munderfing;2297;NEOS;67
G40426;Munderfing;2297;KPÖ;6
G40426;Munderfing;2297;EUROPA;8
G40427;Neukirchen an der Enknach;1755;ÖVP;371
G40427;Neukirchen an der Enknach;1755;SPÖ;148
G40427;Neukirchen an der Enknach;1755;FPÖ;243
G40427;Neukirchen an der Enknach;1755;GRÜNE;83
G40427;Neukirchen an der Enknach;1755;NEOS;35
G40427;Neukirchen an der Enknach;1755;KPÖ;3
G40427;Neukirchen an der Enknach;1755;EUROPA;10
G40428;Ostermiething;2480;ÖVP;558
G40428;Ostermiething;2480;SPÖ;166
G40428;Ostermiething;2480;FPÖ;201
G40428;Ostermiething;2480;GRÜNE;128
G40428;Ostermiething;2480;NEOS;58
G40428;Ostermiething;2480;KPÖ;7
G40428;Ostermiething;2480;EUROPA;16
G40429;Palting;795;ÖVP;193
G40429;Palting;795;SPÖ;40
G40429;Palting;795;FPÖ;99
G40429;Palting;795;GRÜNE;35
G40429;Palting;795;NEOS;26
G40429;Palting;795;KPÖ;2
G40429;Palting;795;EUROPA;2
G40430;Perwang am Grabensee;786;ÖVP;200
G40430;Perwang am Grabensee;786;SPÖ;32
G40430;Perwang am Grabensee;786;FPÖ;83
G40430;Perwang am Grabensee;786;GRÜNE;49
G40430;Perwang am Grabensee;786;NEOS;25
G40430;Perwang am Grabensee;786;KPÖ;2
G40430;Perwang am Grabensee;786;EUROPA;1
G40431;Pfaffstätt;777;ÖVP;179
G40431;Pfaffstätt;777;SPÖ;76
G40431;Pfaffstätt;777;FPÖ;86
G40431;Pfaffstätt;777;GRÜNE;32
G40431;Pfaffstätt;777;NEOS;31
G40431;Pfaffstätt;777;KPÖ;5
G40431;Pfaffstätt;777;EUROPA;1
G40432;Pischelsdorf am Engelbach;1278;ÖVP;315
G40432;Pischelsdorf am Engelbach;1278;SPÖ;75
G40432;Pischelsdorf am Engelbach;1278;FPÖ;183
G40432;Pischelsdorf am Engelbach;1278;GRÜNE;28
G40432;Pischelsdorf am Engelbach;1278;NEOS;44
G40432;Pischelsdorf am Engelbach;1278;KPÖ;1
G40432;Pischelsdorf am Engelbach;1278;EUROPA;6
G40433;Polling im Innkreis;776;ÖVP;162
G40433;Polling im Innkreis;776;SPÖ;64
G40433;Polling im Innkreis;776;FPÖ;113
G40433;Polling im Innkreis;776;GRÜNE;16
G40433;Polling im Innkreis;776;NEOS;8
G40433;Polling im Innkreis;776;KPÖ;0
G40433;Polling im Innkreis;776;EUROPA;1
G40434;Roßbach;766;ÖVP;177
G40434;Roßbach;766;SPÖ;70
G40434;Roßbach;766;FPÖ;119
G40434;Roßbach;766;GRÜNE;29
G40434;Roßbach;766;NEOS;20
G40434;Roßbach;766;KPÖ;0
G40434;Roßbach;766;EUROPA;0
G40435;Sankt Georgen am Fillmannsbach;343;ÖVP;80
G40435;Sankt Georgen am Fillmannsbach;343;SPÖ;11
G40435;Sankt Georgen am Fillmannsbach;343;FPÖ;82
G40435;Sankt Georgen am Fillmannsbach;343;GRÜNE;8
G40435;Sankt Georgen am Fillmannsbach;343;NEOS;13
G40435;Sankt Georgen am Fillmannsbach;343;KPÖ;2
G40435;Sankt Georgen am Fillmannsbach;343;EUROPA;2
G40436;Sankt Johann am Walde;1643;ÖVP;270
G40436;Sankt Johann am Walde;1643;SPÖ;160
G40436;Sankt Johann am Walde;1643;FPÖ;141
G40436;Sankt Johann am Walde;1643;GRÜNE;74
G40436;Sankt Johann am Walde;1643;NEOS;32
G40436;Sankt Johann am Walde;1643;KPÖ;5
G40436;Sankt Johann am Walde;1643;EUROPA;10
G40437;Sankt Pantaleon;2317;ÖVP;434
G40437;Sankt Pantaleon;2317;SPÖ;228
G40437;Sankt Pantaleon;2317;FPÖ;203
G40437;Sankt Pantaleon;2317;GRÜNE;103
G40437;Sankt Pantaleon;2317;NEOS;75
G40437;Sankt Pantaleon;2317;KPÖ;9
G40437;Sankt Pantaleon;2317;EUROPA;15
G40438;Sankt Peter am Hart;1817;ÖVP;355
G40438;Sankt Peter am Hart;1817;SPÖ;177
G40438;Sankt Peter am Hart;1817;FPÖ;147
G40438;Sankt Peter am Hart;1817;GRÜNE;105
G40438;Sankt Peter am Hart;1817;NEOS;52
G40438;Sankt Peter am Hart;1817;KPÖ;7
G40438;Sankt Peter am Hart;1817;EUROPA;6
G40439;Sankt Radegund;476;ÖVP;177
G40439;Sankt Radegund;476;SPÖ;18
G40439;Sankt Radegund;476;FPÖ;17
G40439;Sankt Radegund;476;GRÜNE;30
G40439;Sankt Radegund;476;NEOS;18
G40439;Sankt Radegund;476;KPÖ;2
G40439;Sankt Radegund;476;EUROPA;7
G40440;Sankt Veit im Innkreis;323;ÖVP;82
G40440;Sankt Veit im Innkreis;323;SPÖ;39
G40440;Sankt Veit im Innkreis;323;FPÖ;52
G40440;Sankt Veit im Innkreis;323;GRÜNE;8
G40440;Sankt Veit im Innkreis;323;NEOS;7
G40440;Sankt Veit im Innkreis;323;KPÖ;0
G40440;Sankt Veit im Innkreis;323;EUROPA;1
G40441;Schalchen;2885;ÖVP;485
G40441;Schalchen;2885;SPÖ;357
G40441;Schalchen;2885;FPÖ;289
G40441;Schalchen;2885;GRÜNE;171
G40441;Schalchen;2885;NEOS;84
G40441;Schalchen;2885;KPÖ;4
G40441;Schalchen;2885;EUROPA;14
G40442;Schwand im Innkreis;773;ÖVP;207
G40442;Schwand im Innkreis;773;SPÖ;53
G40442;Schwand im Innkreis;773;FPÖ;95
G40442;Schwand im Innkreis;773;GRÜNE;41
G40442;Schwand im Innkreis;773;NEOS;28
G40442;Schwand im Innkreis;773;KPÖ;2
G40442;Schwand im Innkreis;773;EUROPA;5
G40443;Tarsdorf;1639;ÖVP;399
G40443;Tarsdorf;1639;SPÖ;77
G40443;Tarsdorf;1639;FPÖ;166
G40443;Tarsdorf;1639;GRÜNE;70
G40443;Tarsdorf;1639;NEOS;40
G40443;Tarsdorf;1639;KPÖ;4
G40443;Tarsdorf;1639;EUROPA;2
G40444;Treubach;574;ÖVP;134
G40444;Treubach;574;SPÖ;24
G40444;Treubach;574;FPÖ;80
G40444;Treubach;574;GRÜNE;9
G40444;Treubach;574;NEOS;13
G40444;Treubach;574;KPÖ;1
G40444;Treubach;574;EUROPA;1
G40445;Überackern;453;ÖVP;108
G40445;Überackern;453;SPÖ;33
G40445;Überackern;453;FPÖ;49
G40445;Überackern;453;GRÜNE;19
G40445;Überackern;453;NEOS;8
G40445;Überackern;453;KPÖ;0
G40445;Überackern;453;EUROPA;0
G40446;Weng im Innkreis;1148;ÖVP;232
G40446;Weng im Innkreis;1148;SPÖ;86
G40446;Weng im Innkreis;1148;FPÖ;168
G40446;Weng im Innkreis;1148;GRÜNE;35
G40446;Weng im Innkreis;1148;NEOS;27
G40446;Weng im Innkreis;1148;KPÖ;1
G40446;Weng im Innkreis;1148;EUROPA;5
G40499;Wahlkarten - Braunau am Inn;0;ÖVP;1822
G40499;Wahlkarten - Braunau am Inn;0;SPÖ;1401
G40499;Wahlkarten - Braunau am Inn;0;FPÖ;913
G40499;Wahlkarten - Braunau am Inn;0;GRÜNE;1024
G40499;Wahlkarten - Braunau am Inn;0;NEOS;439
G40499;Wahlkarten - Braunau am Inn;0;KPÖ;64
G40499;Wahlkarten - Braunau am Inn;0;EUROPA;67
G40501;Alkoven;4711;ÖVP;796
G40501;Alkoven;4711;SPÖ;872
G40501;Alkoven;4711;FPÖ;552
G40501;Alkoven;4711;GRÜNE;334
G40501;Alkoven;4711;NEOS;189
G40501;Alkoven;4711;KPÖ;16
G40501;Alkoven;4711;EUROPA;30
G40502;Aschach an der Donau;1616;ÖVP;269
G40502;Aschach an der Donau;1616;SPÖ;251
G40502;Aschach an der Donau;1616;FPÖ;163
G40502;Aschach an der Donau;1616;GRÜNE;121
G40502;Aschach an der Donau;1616;NEOS;55
G40502;Aschach an der Donau;1616;KPÖ;3
G40502;Aschach an der Donau;1616;EUROPA;1
G40503;Eferding;2931;ÖVP;494
G40503;Eferding;2931;SPÖ;381
G40503;Eferding;2931;FPÖ;261
G40503;Eferding;2931;GRÜNE;180
G40503;Eferding;2931;NEOS;106
G40503;Eferding;2931;KPÖ;12
G40503;Eferding;2931;EUROPA;7
G40504;Fraham;1878;ÖVP;266
G40504;Fraham;1878;SPÖ;241
G40504;Fraham;1878;FPÖ;211
G40504;Fraham;1878;GRÜNE;107
G40504;Fraham;1878;NEOS;67
G40504;Fraham;1878;KPÖ;1
G40504;Fraham;1878;EUROPA;7
G40505;Haibach ob der Donau;1096;ÖVP;238
G40505;Haibach ob der Donau;1096;SPÖ;129
G40505;Haibach ob der Donau;1096;FPÖ;95
G40505;Haibach ob der Donau;1096;GRÜNE;63
G40505;Haibach ob der Donau;1096;NEOS;32
G40505;Haibach ob der Donau;1096;KPÖ;2
G40505;Haibach ob der Donau;1096;EUROPA;5
G40506;Hartkirchen;3376;ÖVP;725
G40506;Hartkirchen;3376;SPÖ;395
G40506;Hartkirchen;3376;FPÖ;442
G40506;Hartkirchen;3376;GRÜNE;219
G40506;Hartkirchen;3376;NEOS;103
G40506;Hartkirchen;3376;KPÖ;4
G40506;Hartkirchen;3376;EUROPA;5
G40507;Hinzenbach;1619;ÖVP;344
G40507;Hinzenbach;1619;SPÖ;182
G40507;Hinzenbach;1619;FPÖ;189
G40507;Hinzenbach;1619;GRÜNE;85
G40507;Hinzenbach;1619;NEOS;62
G40507;Hinzenbach;1619;KPÖ;4
G40507;Hinzenbach;1619;EUROPA;7
G40508;Prambachkirchen;2282;ÖVP;535
G40508;Prambachkirchen;2282;SPÖ;199
G40508;Prambachkirchen;2282;FPÖ;262
G40508;Prambachkirchen;2282;GRÜNE;141
G40508;Prambachkirchen;2282;NEOS;64
G40508;Prambachkirchen;2282;KPÖ;4
G40508;Prambachkirchen;2282;EUROPA;7
G40509;Pupping;1452;ÖVP;291
G40509;Pupping;1452;SPÖ;176
G40509;Pupping;1452;FPÖ;200
G40509;Pupping;1452;GRÜNE;114
G40509;Pupping;1452;NEOS;47
G40509;Pupping;1452;KPÖ;3
G40509;Pupping;1452;EUROPA;9
G40510;Sankt Marienkirchen an der Polsenz;1905;ÖVP;368
G40510;Sankt Marienkirchen an der Polsenz;1905;SPÖ;218
G40510;Sankt Marienkirchen an der Polsenz;1905;FPÖ;246
G40510;Sankt Marienkirchen an der Polsenz;1905;GRÜNE;129
G40510;Sankt Marienkirchen an der Polsenz;1905;NEOS;54
G40510;Sankt Marienkirchen an der Polsenz;1905;KPÖ;1
G40510;Sankt Marienkirchen an der Polsenz;1905;EUROPA;9
G40511;Scharten;1778;ÖVP;317
G40511;Scharten;1778;SPÖ;258
G40511;Scharten;1778;FPÖ;265
G40511;Scharten;1778;GRÜNE;138
G40511;Scharten;1778;NEOS;82
G40511;Scharten;1778;KPÖ;5
G40511;Scharten;1778;EUROPA;17
G40512;Stroheim;1325;ÖVP;372
G40512;Stroheim;1325;SPÖ;86
G40512;Stroheim;1325;FPÖ;135
G40512;Stroheim;1325;GRÜNE;49
G40512;Stroheim;1325;NEOS;42
G40512;Stroheim;1325;KPÖ;1
G40512;Stroheim;1325;EUROPA;2
G40599;Wahlkarten - Eferding;0;ÖVP;653
G40599;Wahlkarten - Eferding;0;SPÖ;500
G40599;Wahlkarten - Eferding;0;FPÖ;301
G40599;Wahlkarten - Eferding;0;GRÜNE;325
G40599;Wahlkarten - Eferding;0;NEOS;160
G40599;Wahlkarten - Eferding;0;KPÖ;20
G40599;Wahlkarten - Eferding;0;EUROPA;20
G40601;Freistadt;6174;ÖVP;1071
G40601;Freistadt;6174;SPÖ;902
G40601;Freistadt;6174;FPÖ;544
G40601;Freistadt;6174;GRÜNE;521
G40601;Freistadt;6174;NEOS;250
G40601;Freistadt;6174;KPÖ;27
G40601;Freistadt;6174;EUROPA;20
G40602;Grünbach;1553;ÖVP;374
G40602;Grünbach;1553;SPÖ;168
G40602;Grünbach;1553;FPÖ;169
G40602;Grünbach;1553;GRÜNE;76
G40602;Grünbach;1553;NEOS;57
G40602;Grünbach;1553;KPÖ;7
G40602;Grünbach;1553;EUROPA;6
G40603;Gutau;2215;ÖVP;528
G40603;Gutau;2215;SPÖ;325
G40603;Gutau;2215;FPÖ;205
G40603;Gutau;2215;GRÜNE;135
G40603;Gutau;2215;NEOS;60
G40603;Gutau;2215;KPÖ;8
G40603;Gutau;2215;EUROPA;4
G40604;Hagenberg im Mühlkreis;2250;ÖVP;379
G40604;Hagenberg im Mühlkreis;2250;SPÖ;302
G40604;Hagenberg im Mühlkreis;2250;FPÖ;197
G40604;Hagenberg im Mühlkreis;2250;GRÜNE;252
G40604;Hagenberg im Mühlkreis;2250;NEOS;95
G40604;Hagenberg im Mühlkreis;2250;KPÖ;7
G40604;Hagenberg im Mühlkreis;2250;EUROPA;20
G40605;Hirschbach im Mühlkreis;961;ÖVP;302
G40605;Hirschbach im Mühlkreis;961;SPÖ;108
G40605;Hirschbach im Mühlkreis;961;FPÖ;45
G40605;Hirschbach im Mühlkreis;961;GRÜNE;86
G40605;Hirschbach im Mühlkreis;961;NEOS;27
G40605;Hirschbach im Mühlkreis;961;KPÖ;2
G40605;Hirschbach im Mühlkreis;961;EUROPA;5
G40606;Kaltenberg;497;ÖVP;245
G40606;Kaltenberg;497;SPÖ;22
G40606;Kaltenberg;497;FPÖ;53
G40606;Kaltenberg;497;GRÜNE;7
G40606;Kaltenberg;497;NEOS;5
G40606;Kaltenberg;497;KPÖ;1
G40606;Kaltenberg;497;EUROPA;0
G40607;Kefermarkt;1720;ÖVP;429
G40607;Kefermarkt;1720;SPÖ;255
G40607;Kefermarkt;1720;FPÖ;158
G40607;Kefermarkt;1720;GRÜNE;87
G40607;Kefermarkt;1720;NEOS;63
G40607;Kefermarkt;1720;KPÖ;7
G40607;Kefermarkt;1720;EUROPA;8
G40608;Königswiesen;2525;ÖVP;748
G40608;Königswiesen;2525;SPÖ;168
G40608;Königswiesen;2525;FPÖ;241
G40608;Königswiesen;2525;GRÜNE;92
G40608;Königswiesen;2525;NEOS;46
G40608;Königswiesen;2525;KPÖ;6
G40608;Königswiesen;2525;EUROPA;7
G40609;Lasberg;2321;ÖVP;608
G40609;Lasberg;2321;SPÖ;269
G40609;Lasberg;2321;FPÖ;179
G40609;Lasberg;2321;GRÜNE;179
G40609;Lasberg;2321;NEOS;66
G40609;Lasberg;2321;KPÖ;7
G40609;Lasberg;2321;EUROPA;6
G40610;Leopoldschlag;831;ÖVP;282
G40610;Leopoldschlag;831;SPÖ;60
G40610;Leopoldschlag;831;FPÖ;77
G40610;Leopoldschlag;831;GRÜNE;48
G40610;Leopoldschlag;831;NEOS;21
G40610;Leopoldschlag;831;KPÖ;3
G40610;Leopoldschlag;831;EUROPA;1
G40611;Liebenau;1339;ÖVP;383
G40611;Liebenau;1339;SPÖ;109
G40611;Liebenau;1339;FPÖ;138
G40611;Liebenau;1339;GRÜNE;28
G40611;Liebenau;1339;NEOS;12
G40611;Liebenau;1339;KPÖ;4
G40611;Liebenau;1339;EUROPA;5
G40612;Neumarkt im Mühlkreis;2603;ÖVP;616
G40612;Neumarkt im Mühlkreis;2603;SPÖ;368
G40612;Neumarkt im Mühlkreis;2603;FPÖ;232
G40612;Neumarkt im Mühlkreis;2603;GRÜNE;234
G40612;Neumarkt im Mühlkreis;2603;NEOS;91
G40612;Neumarkt im Mühlkreis;2603;KPÖ;11
G40612;Neumarkt im Mühlkreis;2603;EUROPA;7
G40613;Pierbach;805;ÖVP;223
G40613;Pierbach;805;SPÖ;70
G40613;Pierbach;805;FPÖ;102
G40613;Pierbach;805;GRÜNE;25
G40613;Pierbach;805;NEOS;24
G40613;Pierbach;805;KPÖ;1
G40613;Pierbach;805;EUROPA;7
G40614;Pregarten;4370;ÖVP;894
G40614;Pregarten;4370;SPÖ;661
G40614;Pregarten;4370;FPÖ;418
G40614;Pregarten;4370;GRÜNE;282
G40614;Pregarten;4370;NEOS;170
G40614;Pregarten;4370;KPÖ;18
G40614;Pregarten;4370;EUROPA;19
G40615;Rainbach im Mühlkreis;2348;ÖVP;649
G40615;Rainbach im Mühlkreis;2348;SPÖ;300
G40615;Rainbach im Mühlkreis;2348;FPÖ;165
G40615;Rainbach im Mühlkreis;2348;GRÜNE;127
G40615;Rainbach im Mühlkreis;2348;NEOS;72
G40615;Rainbach im Mühlkreis;2348;KPÖ;12
G40615;Rainbach im Mühlkreis;2348;EUROPA;12
G40616;Sandl;1158;ÖVP;202
G40616;Sandl;1158;SPÖ;189
G40616;Sandl;1158;FPÖ;122
G40616;Sandl;1158;GRÜNE;64
G40616;Sandl;1158;NEOS;39
G40616;Sandl;1158;KPÖ;9
G40616;Sandl;1158;EUROPA;2
G40617;St. Leonhard bei Freistadt;1148;ÖVP;325
G40617;St. Leonhard bei Freistadt;1148;SPÖ;153
G40617;St. Leonhard bei Freistadt;1148;FPÖ;100
G40617;St. Leonhard bei Freistadt;1148;GRÜNE;38
G40617;St. Leonhard bei Freistadt;1148;NEOS;20
G40617;St. Leonhard bei Freistadt;1148;KPÖ;3
G40617;St. Leonhard bei Freistadt;1148;EUROPA;3
G40618;St. Oswald bei Freistadt;2335;ÖVP;504
G40618;St. Oswald bei Freistadt;2335;SPÖ;294
G40618;St. Oswald bei Freistadt;2335;FPÖ;215
G40618;St. Oswald bei Freistadt;2335;GRÜNE;91
G40618;St. Oswald bei Freistadt;2335;NEOS;67
G40618;St. Oswald bei Freistadt;2335;KPÖ;4
G40618;St. Oswald bei Freistadt;2335;EUROPA;3
G40619;Schönau im Mühlkreis;1570;ÖVP;535
G40619;Schönau im Mühlkreis;1570;SPÖ;154
G40619;Schönau im Mühlkreis;1570;FPÖ;175
G40619;Schönau im Mühlkreis;1570;GRÜNE;73
G40619;Schönau im Mühlkreis;1570;NEOS;27
G40619;Schönau im Mühlkreis;1570;KPÖ;5
G40619;Schönau im Mühlkreis;1570;EUROPA;5
G40620;Tragwein;2505;ÖVP;561
G40620;Tragwein;2505;SPÖ;419
G40620;Tragwein;2505;FPÖ;240
G40620;Tragwein;2505;GRÜNE;163
G40620;Tragwein;2505;NEOS;88
G40620;Tragwein;2505;KPÖ;5
G40620;Tragwein;2505;EUROPA;8
G40621;Unterweißenbach;1780;ÖVP;535
G40621;Unterweißenbach;1780;SPÖ;118
G40621;Unterweißenbach;1780;FPÖ;171
G40621;Unterweißenbach;1780;GRÜNE;40
G40621;Unterweißenbach;1780;NEOS;40
G40621;Unterweißenbach;1780;KPÖ;1
G40621;Unterweißenbach;1780;EUROPA;4
G40622;Unterweitersdorf;1763;ÖVP;359
G40622;Unterweitersdorf;1763;SPÖ;354
G40622;Unterweitersdorf;1763;FPÖ;153
G40622;Unterweitersdorf;1763;GRÜNE;129
G40622;Unterweitersdorf;1763;NEOS;55
G40622;Unterweitersdorf;1763;KPÖ;4
G40622;Unterweitersdorf;1763;EUROPA;10
G40623;Waldburg;1115;ÖVP;293
G40623;Waldburg;1115;SPÖ;141
G40623;Waldburg;1115;FPÖ;79
G40623;Waldburg;1115;GRÜNE;82
G40623;Waldburg;1115;NEOS;53
G40623;Waldburg;1115;KPÖ;2
G40623;Waldburg;1115;EUROPA;10
G40624;Wartberg ob der Aist;3521;ÖVP;580
G40624;Wartberg ob der Aist;3521;SPÖ;550
G40624;Wartberg ob der Aist;3521;FPÖ;331
G40624;Wartberg ob der Aist;3521;GRÜNE;257
G40624;Wartberg ob der Aist;3521;NEOS;124
G40624;Wartberg ob der Aist;3521;KPÖ;12
G40624;Wartberg ob der Aist;3521;EUROPA;18
G40625;Weitersfelden;841;ÖVP;284
G40625;Weitersfelden;841;SPÖ;94
G40625;Weitersfelden;841;FPÖ;65
G40625;Weitersfelden;841;GRÜNE;38
G40625;Weitersfelden;841;NEOS;20
G40625;Weitersfelden;841;KPÖ;4
G40625;Weitersfelden;841;EUROPA;5
G40626;Windhaag bei Freistadt;1258;ÖVP;366
G40626;Windhaag bei Freistadt;1258;SPÖ;144
G40626;Windhaag bei Freistadt;1258;FPÖ;74
G40626;Windhaag bei Freistadt;1258;GRÜNE;55
G40626;Windhaag bei Freistadt;1258;NEOS;20
G40626;Windhaag bei Freistadt;1258;KPÖ;1
G40626;Windhaag bei Freistadt;1258;EUROPA;4
G40627;Bad Zell;2339;ÖVP;649
G40627;Bad Zell;2339;SPÖ;237
G40627;Bad Zell;2339;FPÖ;220
G40627;Bad Zell;2339;GRÜNE;190
G40627;Bad Zell;2339;NEOS;48
G40627;Bad Zell;2339;KPÖ;9
G40627;Bad Zell;2339;EUROPA;9
G40699;Wahlkarten - Freistadt;0;ÖVP;1553
G40699;Wahlkarten - Freistadt;0;SPÖ;1217
G40699;Wahlkarten - Freistadt;0;FPÖ;512
G40699;Wahlkarten - Freistadt;0;GRÜNE;872
G40699;Wahlkarten - Freistadt;0;NEOS;340
G40699;Wahlkarten - Freistadt;0;KPÖ;52
G40699;Wahlkarten - Freistadt;0;EUROPA;53
G40701;Altmünster;7862;ÖVP;1557
G40701;Altmünster;7862;SPÖ;1023
G40701;Altmünster;7862;FPÖ;685
G40701;Altmünster;7862;GRÜNE;582
G40701;Altmünster;7862;NEOS;326
G40701;Altmünster;7862;KPÖ;24
G40701;Altmünster;7862;EUROPA;30
G40702;Bad Goisern am Hallstättersee;6201;ÖVP;666
G40702;Bad Goisern am Hallstättersee;6201;SPÖ;1170
G40702;Bad Goisern am Hallstättersee;6201;FPÖ;476
G40702;Bad Goisern am Hallstättersee;6201;GRÜNE;297
G40702;Bad Goisern am Hallstättersee;6201;NEOS;157
G40702;Bad Goisern am Hallstättersee;6201;KPÖ;26
G40702;Bad Goisern am Hallstättersee;6201;EUROPA;25
G40703;Bad Ischl;10866;ÖVP;1389
G40703;Bad Ischl;10866;SPÖ;1875
G40703;Bad Ischl;10866;FPÖ;746
G40703;Bad Ischl;10866;GRÜNE;536
G40703;Bad Ischl;10866;NEOS;332
G40703;Bad Ischl;10866;KPÖ;30
G40703;Bad Ischl;10866;EUROPA;40
G40704;Ebensee;6289;ÖVP;840
G40704;Ebensee;6289;SPÖ;1205
G40704;Ebensee;6289;FPÖ;558
G40704;Ebensee;6289;GRÜNE;378
G40704;Ebensee;6289;NEOS;166
G40704;Ebensee;6289;KPÖ;24
G40704;Ebensee;6289;EUROPA;39
G40705;Gmunden;10358;ÖVP;1737
G40705;Gmunden;10358;SPÖ;1083
G40705;Gmunden;10358;FPÖ;721
G40705;Gmunden;10358;GRÜNE;726
G40705;Gmunden;10358;NEOS;451
G40705;Gmunden;10358;KPÖ;27
G40705;Gmunden;10358;EUROPA;43
G40706;Gosau;1440;ÖVP;249
G40706;Gosau;1440;SPÖ;333
G40706;Gosau;1440;FPÖ;98
G40706;Gosau;1440;GRÜNE;26
G40706;Gosau;1440;NEOS;44
G40706;Gosau;1440;KPÖ;3
G40706;Gosau;1440;EUROPA;5
G40707;Grünau im Almtal;1634;ÖVP;312
G40707;Grünau im Almtal;1634;SPÖ;242
G40707;Grünau im Almtal;1634;FPÖ;189
G40707;Grünau im Almtal;1634;GRÜNE;87
G40707;Grünau im Almtal;1634;NEOS;46
G40707;Grünau im Almtal;1634;KPÖ;5
G40707;Grünau im Almtal;1634;EUROPA;7
G40708;Gschwandt;2241;ÖVP;465
G40708;Gschwandt;2241;SPÖ;287
G40708;Gschwandt;2241;FPÖ;208
G40708;Gschwandt;2241;GRÜNE;172
G40708;Gschwandt;2241;NEOS;90
G40708;Gschwandt;2241;KPÖ;4
G40708;Gschwandt;2241;EUROPA;8
G40709;Hallstatt;592;ÖVP;76
G40709;Hallstatt;592;SPÖ;185
G40709;Hallstatt;592;FPÖ;26
G40709;Hallstatt;592;GRÜNE;55
G40709;Hallstatt;592;NEOS;24
G40709;Hallstatt;592;KPÖ;1
G40709;Hallstatt;592;EUROPA;3
G40710;Kirchham;1733;ÖVP;443
G40710;Kirchham;1733;SPÖ;126
G40710;Kirchham;1733;FPÖ;190
G40710;Kirchham;1733;GRÜNE;80
G40710;Kirchham;1733;NEOS;35
G40710;Kirchham;1733;KPÖ;2
G40710;Kirchham;1733;EUROPA;8
G40711;Laakirchen;7083;ÖVP;1053
G40711;Laakirchen;7083;SPÖ;1276
G40711;Laakirchen;7083;FPÖ;640
G40711;Laakirchen;7083;GRÜNE;402
G40711;Laakirchen;7083;NEOS;236
G40711;Laakirchen;7083;KPÖ;29
G40711;Laakirchen;7083;EUROPA;31
G40712;Obertraun;552;ÖVP;95
G40712;Obertraun;552;SPÖ;169
G40712;Obertraun;552;FPÖ;17
G40712;Obertraun;552;GRÜNE;36
G40712;Obertraun;552;NEOS;13
G40712;Obertraun;552;KPÖ;7
G40712;Obertraun;552;EUROPA;0
G40713;Ohlsdorf;4114;ÖVP;711
G40713;Ohlsdorf;4114;SPÖ;546
G40713;Ohlsdorf;4114;FPÖ;383
G40713;Ohlsdorf;4114;GRÜNE;275
G40713;Ohlsdorf;4114;NEOS;138
G40713;Ohlsdorf;4114;KPÖ;8
G40713;Ohlsdorf;4114;EUROPA;8
G40714;Pinsdorf;3016;ÖVP;477
G40714;Pinsdorf;3016;SPÖ;430
G40714;Pinsdorf;3016;FPÖ;340
G40714;Pinsdorf;3016;GRÜNE;152
G40714;Pinsdorf;3016;NEOS;104
G40714;Pinsdorf;3016;KPÖ;8
G40714;Pinsdorf;3016;EUROPA;14
G40715;Roitham am Traunfall;1597;ÖVP;326
G40715;Roitham am Traunfall;1597;SPÖ;217
G40715;Roitham am Traunfall;1597;FPÖ;174
G40715;Roitham am Traunfall;1597;GRÜNE;72
G40715;Roitham am Traunfall;1597;NEOS;41
G40715;Roitham am Traunfall;1597;KPÖ;6
G40715;Roitham am Traunfall;1597;EUROPA;10
G40716;St. Konrad;903;ÖVP;210
G40716;St. Konrad;903;SPÖ;112
G40716;St. Konrad;903;FPÖ;64
G40716;St. Konrad;903;GRÜNE;34
G40716;St. Konrad;903;NEOS;19
G40716;St. Konrad;903;KPÖ;3
G40716;St. Konrad;903;EUROPA;0
G40717;St. Wolfgang im Salzkammergut;2122;ÖVP;488
G40717;St. Wolfgang im Salzkammergut;2122;SPÖ;277
G40717;St. Wolfgang im Salzkammergut;2122;FPÖ;141
G40717;St. Wolfgang im Salzkammergut;2122;GRÜNE;75
G40717;St. Wolfgang im Salzkammergut;2122;NEOS;36
G40717;St. Wolfgang im Salzkammergut;2122;KPÖ;6
G40717;St. Wolfgang im Salzkammergut;2122;EUROPA;8
G40718;Traunkirchen;1354;ÖVP;279
G40718;Traunkirchen;1354;SPÖ;181
G40718;Traunkirchen;1354;FPÖ;79
G40718;Traunkirchen;1354;GRÜNE;110
G40718;Traunkirchen;1354;NEOS;65
G40718;Traunkirchen;1354;KPÖ;1
G40718;Traunkirchen;1354;EUROPA;2
G40719;Scharnstein;3805;ÖVP;603
G40719;Scharnstein;3805;SPÖ;550
G40719;Scharnstein;3805;FPÖ;396
G40719;Scharnstein;3805;GRÜNE;242
G40719;Scharnstein;3805;NEOS;153
G40719;Scharnstein;3805;KPÖ;11
G40719;Scharnstein;3805;EUROPA;16
G40720;Vorchdorf;5744;ÖVP;1063
G40720;Vorchdorf;5744;SPÖ;742
G40720;Vorchdorf;5744;FPÖ;676
G40720;Vorchdorf;5744;GRÜNE;404
G40720;Vorchdorf;5744;NEOS;190
G40720;Vorchdorf;5744;KPÖ;10
G40720;Vorchdorf;5744;EUROPA;17
G40799;Wahlkarten - Gmunden;0;ÖVP;2510
G40799;Wahlkarten - Gmunden;0;SPÖ;2674
G40799;Wahlkarten - Gmunden;0;FPÖ;978
G40799;Wahlkarten - Gmunden;0;GRÜNE;1393
G40799;Wahlkarten - Gmunden;0;NEOS;716
G40799;Wahlkarten - Gmunden;0;KPÖ;74
G40799;Wahlkarten - Gmunden;0;EUROPA;88
G40801;Aistersheim;706;ÖVP;161
G40801;Aistersheim;706;SPÖ;64
G40801;Aistersheim;706;FPÖ;112
G40801;Aistersheim;706;GRÜNE;27
G40801;Aistersheim;706;NEOS;26
G40801;Aistersheim;706;KPÖ;0
G40801;Aistersheim;706;EUROPA;1
G40802;Bad Schallerbach;3081;ÖVP;549
G40802;Bad Schallerbach;3081;SPÖ;354
G40802;Bad Schallerbach;3081;FPÖ;321
G40802;Bad Schallerbach;3081;GRÜNE;184
G40802;Bad Schallerbach;3081;NEOS;99
G40802;Bad Schallerbach;3081;KPÖ;7
G40802;Bad Schallerbach;3081;EUROPA;10
G40804;Eschenau im Hausruckkreis;901;ÖVP;277
G40804;Eschenau im Hausruckkreis;901;SPÖ;62
G40804;Eschenau im Hausruckkreis;901;FPÖ;119
G40804;Eschenau im Hausruckkreis;901;GRÜNE;43
G40804;Eschenau im Hausruckkreis;901;NEOS;19
G40804;Eschenau im Hausruckkreis;901;KPÖ;1
G40804;Eschenau im Hausruckkreis;901;EUROPA;0
G40805;Gallspach;1872;ÖVP;309
G40805;Gallspach;1872;SPÖ;174
G40805;Gallspach;1872;FPÖ;266
G40805;Gallspach;1872;GRÜNE;95
G40805;Gallspach;1872;NEOS;47
G40805;Gallspach;1872;KPÖ;6
G40805;Gallspach;1872;EUROPA;1
G40806;Gaspoltshofen;2845;ÖVP;526
G40806;Gaspoltshofen;2845;SPÖ;252
G40806;Gaspoltshofen;2845;FPÖ;380
G40806;Gaspoltshofen;2845;GRÜNE;164
G40806;Gaspoltshofen;2845;NEOS;91
G40806;Gaspoltshofen;2845;KPÖ;9
G40806;Gaspoltshofen;2845;EUROPA;9
G40807;Geboltskirchen;1154;ÖVP;250
G40807;Geboltskirchen;1154;SPÖ;136
G40807;Geboltskirchen;1154;FPÖ;120
G40807;Geboltskirchen;1154;GRÜNE;99
G40807;Geboltskirchen;1154;NEOS;21
G40807;Geboltskirchen;1154;KPÖ;0
G40807;Geboltskirchen;1154;EUROPA;2
G40808;Grieskirchen;3530;ÖVP;604
G40808;Grieskirchen;3530;SPÖ;414
G40808;Grieskirchen;3530;FPÖ;368
G40808;Grieskirchen;3530;GRÜNE;267
G40808;Grieskirchen;3530;NEOS;101
G40808;Grieskirchen;3530;KPÖ;8
G40808;Grieskirchen;3530;EUROPA;17
G40809;Haag am Hausruck;1650;ÖVP;334
G40809;Haag am Hausruck;1650;SPÖ;174
G40809;Haag am Hausruck;1650;FPÖ;173
G40809;Haag am Hausruck;1650;GRÜNE;124
G40809;Haag am Hausruck;1650;NEOS;54
G40809;Haag am Hausruck;1650;KPÖ;2
G40809;Haag am Hausruck;1650;EUROPA;5
G40810;Heiligenberg;569;ÖVP;227
G40810;Heiligenberg;569;SPÖ;20
G40810;Heiligenberg;569;FPÖ;78
G40810;Heiligenberg;569;GRÜNE;29
G40810;Heiligenberg;569;NEOS;19
G40810;Heiligenberg;569;KPÖ;1
G40810;Heiligenberg;569;EUROPA;2
G40811;Hofkirchen an der Trattnach;1234;ÖVP;296
G40811;Hofkirchen an der Trattnach;1234;SPÖ;107
G40811;Hofkirchen an der Trattnach;1234;FPÖ;166
G40811;Hofkirchen an der Trattnach;1234;GRÜNE;64
G40811;Hofkirchen an der Trattnach;1234;NEOS;40
G40811;Hofkirchen an der Trattnach;1234;KPÖ;7
G40811;Hofkirchen an der Trattnach;1234;EUROPA;6
G40812;Kallham;2054;ÖVP;423
G40812;Kallham;2054;SPÖ;189
G40812;Kallham;2054;FPÖ;200
G40812;Kallham;2054;GRÜNE;98
G40812;Kallham;2054;NEOS;56
G40812;Kallham;2054;KPÖ;7
G40812;Kallham;2054;EUROPA;7
G40813;Kematen am Innbach;1070;ÖVP;211
G40813;Kematen am Innbach;1070;SPÖ;103
G40813;Kematen am Innbach;1070;FPÖ;177
G40813;Kematen am Innbach;1070;GRÜNE;42
G40813;Kematen am Innbach;1070;NEOS;36
G40813;Kematen am Innbach;1070;KPÖ;3
G40813;Kematen am Innbach;1070;EUROPA;4
G40814;Meggenhofen;1192;ÖVP;323
G40814;Meggenhofen;1192;SPÖ;85
G40814;Meggenhofen;1192;FPÖ;97
G40814;Meggenhofen;1192;GRÜNE;88
G40814;Meggenhofen;1192;NEOS;36
G40814;Meggenhofen;1192;KPÖ;1
G40814;Meggenhofen;1192;EUROPA;1
G40815;Michaelnbach;1038;ÖVP;296
G40815;Michaelnbach;1038;SPÖ;50
G40815;Michaelnbach;1038;FPÖ;89
G40815;Michaelnbach;1038;GRÜNE;33
G40815;Michaelnbach;1038;NEOS;38
G40815;Michaelnbach;1038;KPÖ;1
G40815;Michaelnbach;1038;EUROPA;3
G40816;Natternbach;1909;ÖVP;473
G40816;Natternbach;1909;SPÖ;204
G40816;Natternbach;1909;FPÖ;245
G40816;Natternbach;1909;GRÜNE;99
G40816;Natternbach;1909;NEOS;44
G40816;Natternbach;1909;KPÖ;2
G40816;Natternbach;1909;EUROPA;2
G40817;Neukirchen am Walde;1336;ÖVP;397
G40817;Neukirchen am Walde;1336;SPÖ;109
G40817;Neukirchen am Walde;1336;FPÖ;164
G40817;Neukirchen am Walde;1336;GRÜNE;72
G40817;Neukirchen am Walde;1336;NEOS;28
G40817;Neukirchen am Walde;1336;KPÖ;1
G40817;Neukirchen am Walde;1336;EUROPA;2
G40818;Neumarkt im Hausruckkreis;1103;ÖVP;185
G40818;Neumarkt im Hausruckkreis;1103;SPÖ;134
G40818;Neumarkt im Hausruckkreis;1103;FPÖ;117
G40818;Neumarkt im Hausruckkreis;1103;GRÜNE;42
G40818;Neumarkt im Hausruckkreis;1103;NEOS;16
G40818;Neumarkt im Hausruckkreis;1103;KPÖ;2
G40818;Neumarkt im Hausruckkreis;1103;EUROPA;8
G40820;Pötting;460;ÖVP;188
G40820;Pötting;460;SPÖ;27
G40820;Pötting;460;FPÖ;35
G40820;Pötting;460;GRÜNE;14
G40820;Pötting;460;NEOS;6
G40820;Pötting;460;KPÖ;0
G40820;Pötting;460;EUROPA;5
G40821;Pollham;791;ÖVP;201
G40821;Pollham;791;SPÖ;59
G40821;Pollham;791;FPÖ;68
G40821;Pollham;791;GRÜNE;82
G40821;Pollham;791;NEOS;25
G40821;Pollham;791;KPÖ;0
G40821;Pollham;791;EUROPA;1
G40822;Pram;1353;ÖVP;267
G40822;Pram;1353;SPÖ;122
G40822;Pram;1353;FPÖ;192
G40822;Pram;1353;GRÜNE;86
G40822;Pram;1353;NEOS;43
G40822;Pram;1353;KPÖ;4
G40822;Pram;1353;EUROPA;1
G40823;Rottenbach;852;ÖVP;176
G40823;Rottenbach;852;SPÖ;74
G40823;Rottenbach;852;FPÖ;162
G40823;Rottenbach;852;GRÜNE;51
G40823;Rottenbach;852;NEOS;32
G40823;Rottenbach;852;KPÖ;4
G40823;Rottenbach;852;EUROPA;5
G40824;St. Agatha;1747;ÖVP;517
G40824;St. Agatha;1747;SPÖ;130
G40824;St. Agatha;1747;FPÖ;158
G40824;St. Agatha;1747;GRÜNE;51
G40824;St. Agatha;1747;NEOS;49
G40824;St. Agatha;1747;KPÖ;3
G40824;St. Agatha;1747;EUROPA;9
G40825;St. Georgen bei Grieskirchen;1089;ÖVP;241
G40825;St. Georgen bei Grieskirchen;1089;SPÖ;102
G40825;St. Georgen bei Grieskirchen;1089;FPÖ;104
G40825;St. Georgen bei Grieskirchen;1089;GRÜNE;76
G40825;St. Georgen bei Grieskirchen;1089;NEOS;34
G40825;St. Georgen bei Grieskirchen;1089;KPÖ;3
G40825;St. Georgen bei Grieskirchen;1089;EUROPA;2
G40826;St. Thomas;432;ÖVP;103
G40826;St. Thomas;432;SPÖ;36
G40826;St. Thomas;432;FPÖ;54
G40826;St. Thomas;432;GRÜNE;27
G40826;St. Thomas;432;NEOS;7
G40826;St. Thomas;432;KPÖ;2
G40826;St. Thomas;432;EUROPA;1
G40827;Schlüßlberg;2369;ÖVP;376
G40827;Schlüßlberg;2369;SPÖ;426
G40827;Schlüßlberg;2369;FPÖ;253
G40827;Schlüßlberg;2369;GRÜNE;140
G40827;Schlüßlberg;2369;NEOS;76
G40827;Schlüßlberg;2369;KPÖ;6
G40827;Schlüßlberg;2369;EUROPA;6
G40828;Steegen;909;ÖVP;228
G40828;Steegen;909;SPÖ;47
G40828;Steegen;909;FPÖ;78
G40828;Steegen;909;GRÜNE;54
G40828;Steegen;909;NEOS;17
G40828;Steegen;909;KPÖ;1
G40828;Steegen;909;EUROPA;0
G40829;Taufkirchen an der Trattnach;1613;ÖVP;321
G40829;Taufkirchen an der Trattnach;1613;SPÖ;109
G40829;Taufkirchen an der Trattnach;1613;FPÖ;195
G40829;Taufkirchen an der Trattnach;1613;GRÜNE;80
G40829;Taufkirchen an der Trattnach;1613;NEOS;32
G40829;Taufkirchen an der Trattnach;1613;KPÖ;2
G40829;Taufkirchen an der Trattnach;1613;EUROPA;3
G40830;Tollet;749;ÖVP;188
G40830;Tollet;749;SPÖ;73
G40830;Tollet;749;FPÖ;65
G40830;Tollet;749;GRÜNE;54
G40830;Tollet;749;NEOS;37
G40830;Tollet;749;KPÖ;2
G40830;Tollet;749;EUROPA;1
G40831;Waizenkirchen;2916;ÖVP;769
G40831;Waizenkirchen;2916;SPÖ;201
G40831;Waizenkirchen;2916;FPÖ;278
G40831;Waizenkirchen;2916;GRÜNE;200
G40831;Waizenkirchen;2916;NEOS;76
G40831;Waizenkirchen;2916;KPÖ;8
G40831;Waizenkirchen;2916;EUROPA;10
G40832;Wallern an der Trattnach;2410;ÖVP;481
G40832;Wallern an der Trattnach;2410;SPÖ;304
G40832;Wallern an der Trattnach;2410;FPÖ;252
G40832;Wallern an der Trattnach;2410;GRÜNE;159
G40832;Wallern an der Trattnach;2410;NEOS;97
G40832;Wallern an der Trattnach;2410;KPÖ;8
G40832;Wallern an der Trattnach;2410;EUROPA;11
G40833;Weibern;1306;ÖVP;326
G40833;Weibern;1306;SPÖ;103
G40833;Weibern;1306;FPÖ;97
G40833;Weibern;1306;GRÜNE;101
G40833;Weibern;1306;NEOS;50
G40833;Weibern;1306;KPÖ;2
G40833;Weibern;1306;EUROPA;6
G40834;Wendling;684;ÖVP;187
G40834;Wendling;684;SPÖ;35
G40834;Wendling;684;FPÖ;101
G40834;Wendling;684;GRÜNE;32
G40834;Wendling;684;NEOS;17
G40834;Wendling;684;KPÖ;1
G40834;Wendling;684;EUROPA;0
G40835;Peuerbach;3708;ÖVP;893
G40835;Peuerbach;3708;SPÖ;258
G40835;Peuerbach;3708;FPÖ;373
G40835;Peuerbach;3708;GRÜNE;223
G40835;Peuerbach;3708;NEOS;92
G40835;Peuerbach;3708;KPÖ;10
G40835;Peuerbach;3708;EUROPA;9
G40899;Wahlkarten - Grieskirchen;0;ÖVP;1678
G40899;Wahlkarten - Grieskirchen;0;SPÖ;1098
G40899;Wahlkarten - Grieskirchen;0;FPÖ;698
G40899;Wahlkarten - Grieskirchen;0;GRÜNE;843
G40899;Wahlkarten - Grieskirchen;0;NEOS;354
G40899;Wahlkarten - Grieskirchen;0;KPÖ;19
G40899;Wahlkarten - Grieskirchen;0;EUROPA;28
G40901;Edlbach;508;ÖVP;146
G40901;Edlbach;508;SPÖ;45
G40901;Edlbach;508;FPÖ;42
G40901;Edlbach;508;GRÜNE;15
G40901;Edlbach;508;NEOS;15
G40901;Edlbach;508;KPÖ;2
G40901;Edlbach;508;EUROPA;0
G40902;Grünburg;2933;ÖVP;471
G40902;Grünburg;2933;SPÖ;301
G40902;Grünburg;2933;FPÖ;323
G40902;Grünburg;2933;GRÜNE;121
G40902;Grünburg;2933;NEOS;67
G40902;Grünburg;2933;KPÖ;4
G40902;Grünburg;2933;EUROPA;17
G40903;Hinterstoder;726;ÖVP;174
G40903;Hinterstoder;726;SPÖ;44
G40903;Hinterstoder;726;FPÖ;89
G40903;Hinterstoder;726;GRÜNE;40
G40903;Hinterstoder;726;NEOS;25
G40903;Hinterstoder;726;KPÖ;2
G40903;Hinterstoder;726;EUROPA;3
G40904;Inzersdorf im Kremstal;1519;ÖVP;319
G40904;Inzersdorf im Kremstal;1519;SPÖ;146
G40904;Inzersdorf im Kremstal;1519;FPÖ;152
G40904;Inzersdorf im Kremstal;1519;GRÜNE;102
G40904;Inzersdorf im Kremstal;1519;NEOS;51
G40904;Inzersdorf im Kremstal;1519;KPÖ;2
G40904;Inzersdorf im Kremstal;1519;EUROPA;7
G40905;Kirchdorf an der Krems;3271;ÖVP;460
G40905;Kirchdorf an der Krems;3271;SPÖ;469
G40905;Kirchdorf an der Krems;3271;FPÖ;263
G40905;Kirchdorf an der Krems;3271;GRÜNE;264
G40905;Kirchdorf an der Krems;3271;NEOS;120
G40905;Kirchdorf an der Krems;3271;KPÖ;8
G40905;Kirchdorf an der Krems;3271;EUROPA;12
G40906;Klaus an der Pyhrnbahn;824;ÖVP;122
G40906;Klaus an der Pyhrnbahn;824;SPÖ;209
G40906;Klaus an der Pyhrnbahn;824;FPÖ;81
G40906;Klaus an der Pyhrnbahn;824;GRÜNE;31
G40906;Klaus an der Pyhrnbahn;824;NEOS;20
G40906;Klaus an der Pyhrnbahn;824;KPÖ;2
G40906;Klaus an der Pyhrnbahn;824;EUROPA;1
G40907;Kremsmünster;4687;ÖVP;1004
G40907;Kremsmünster;4687;SPÖ;466
G40907;Kremsmünster;4687;FPÖ;445
G40907;Kremsmünster;4687;GRÜNE;326
G40907;Kremsmünster;4687;NEOS;235
G40907;Kremsmünster;4687;KPÖ;12
G40907;Kremsmünster;4687;EUROPA;21
G40908;Micheldorf in Oberösterreich;4535;ÖVP;714
G40908;Micheldorf in Oberösterreich;4535;SPÖ;739
G40908;Micheldorf in Oberösterreich;4535;FPÖ;421
G40908;Micheldorf in Oberösterreich;4535;GRÜNE;336
G40908;Micheldorf in Oberösterreich;4535;NEOS;197
G40908;Micheldorf in Oberösterreich;4535;KPÖ;9
G40908;Micheldorf in Oberösterreich;4535;EUROPA;15
G40909;Molln;2790;ÖVP;484
G40909;Molln;2790;SPÖ;416
G40909;Molln;2790;FPÖ;313
G40909;Molln;2790;GRÜNE;166
G40909;Molln;2790;NEOS;83
G40909;Molln;2790;KPÖ;9
G40909;Molln;2790;EUROPA;9
G40910;Nußbach;1829;ÖVP;509
G40910;Nußbach;1829;SPÖ;173
G40910;Nußbach;1829;FPÖ;122
G40910;Nußbach;1829;GRÜNE;96
G40910;Nußbach;1829;NEOS;77
G40910;Nußbach;1829;KPÖ;4
G40910;Nußbach;1829;EUROPA;5
G40911;Oberschlierbach;373;ÖVP;120
G40911;Oberschlierbach;373;SPÖ;29
G40911;Oberschlierbach;373;FPÖ;26
G40911;Oberschlierbach;373;GRÜNE;40
G40911;Oberschlierbach;373;NEOS;15
G40911;Oberschlierbach;373;KPÖ;0
G40911;Oberschlierbach;373;EUROPA;1
G40912;Pettenbach;4051;ÖVP;757
G40912;Pettenbach;4051;SPÖ;373
G40912;Pettenbach;4051;FPÖ;519
G40912;Pettenbach;4051;GRÜNE;270
G40912;Pettenbach;4051;NEOS;124
G40912;Pettenbach;4051;KPÖ;12
G40912;Pettenbach;4051;EUROPA;20
G40913;Ried im Traunkreis;2144;ÖVP;529
G40913;Ried im Traunkreis;2144;SPÖ;140
G40913;Ried im Traunkreis;2144;FPÖ;271
G40913;Ried im Traunkreis;2144;GRÜNE;102
G40913;Ried im Traunkreis;2144;NEOS;78
G40913;Ried im Traunkreis;2144;KPÖ;3
G40913;Ried im Traunkreis;2144;EUROPA;6
G40914;Rosenau am Hengstpaß;497;ÖVP;75
G40914;Rosenau am Hengstpaß;497;SPÖ;74
G40914;Rosenau am Hengstpaß;497;FPÖ;57
G40914;Rosenau am Hengstpaß;497;GRÜNE;8
G40914;Rosenau am Hengstpaß;497;NEOS;14
G40914;Rosenau am Hengstpaß;497;KPÖ;4
G40914;Rosenau am Hengstpaß;497;EUROPA;1
G40915;Roßleithen;1481;ÖVP;315
G40915;Roßleithen;1481;SPÖ;186
G40915;Roßleithen;1481;FPÖ;140
G40915;Roßleithen;1481;GRÜNE;67
G40915;Roßleithen;1481;NEOS;37
G40915;Roßleithen;1481;KPÖ;4
G40915;Roßleithen;1481;EUROPA;9
G40916;St. Pankraz;276;ÖVP;42
G40916;St. Pankraz;276;SPÖ;33
G40916;St. Pankraz;276;FPÖ;50
G40916;St. Pankraz;276;GRÜNE;3
G40916;St. Pankraz;276;NEOS;6
G40916;St. Pankraz;276;KPÖ;0
G40916;St. Pankraz;276;EUROPA;1
G40917;Schlierbach;2198;ÖVP;389
G40917;Schlierbach;2198;SPÖ;206
G40917;Schlierbach;2198;FPÖ;220
G40917;Schlierbach;2198;GRÜNE;179
G40917;Schlierbach;2198;NEOS;107
G40917;Schlierbach;2198;KPÖ;8
G40917;Schlierbach;2198;EUROPA;8
G40918;Spital am Pyhrn;1776;ÖVP;304
G40918;Spital am Pyhrn;1776;SPÖ;220
G40918;Spital am Pyhrn;1776;FPÖ;201
G40918;Spital am Pyhrn;1776;GRÜNE;49
G40918;Spital am Pyhrn;1776;NEOS;34
G40918;Spital am Pyhrn;1776;KPÖ;7
G40918;Spital am Pyhrn;1776;EUROPA;3
G40919;Steinbach am Ziehberg;684;ÖVP;171
G40919;Steinbach am Ziehberg;684;SPÖ;63
G40919;Steinbach am Ziehberg;684;FPÖ;83
G40919;Steinbach am Ziehberg;684;GRÜNE;34
G40919;Steinbach am Ziehberg;684;NEOS;23
G40919;Steinbach am Ziehberg;684;KPÖ;2
G40919;Steinbach am Ziehberg;684;EUROPA;4
G40920;Steinbach an der Steyr;1614;ÖVP;472
G40920;Steinbach an der Steyr;1614;SPÖ;195
G40920;Steinbach an der Steyr;1614;FPÖ;148
G40920;Steinbach an der Steyr;1614;GRÜNE;87
G40920;Steinbach an der Steyr;1614;NEOS;45
G40920;Steinbach an der Steyr;1614;KPÖ;5
G40920;Steinbach an der Steyr;1614;EUROPA;5
G40921;Vorderstoder;664;ÖVP;150
G40921;Vorderstoder;664;SPÖ;35
G40921;Vorderstoder;664;FPÖ;70
G40921;Vorderstoder;664;GRÜNE;19
G40921;Vorderstoder;664;NEOS;15
G40921;Vorderstoder;664;KPÖ;2
G40921;Vorderstoder;664;EUROPA;1
G40922;Wartberg an der Krems;2305;ÖVP;557
G40922;Wartberg an der Krems;2305;SPÖ;200
G40922;Wartberg an der Krems;2305;FPÖ;222
G40922;Wartberg an der Krems;2305;GRÜNE;144
G40922;Wartberg an der Krems;2305;NEOS;80
G40922;Wartberg an der Krems;2305;KPÖ;5
G40922;Wartberg an der Krems;2305;EUROPA;15
G40923;Windischgarsten;1892;ÖVP;348
G40923;Windischgarsten;1892;SPÖ;233
G40923;Windischgarsten;1892;FPÖ;156
G40923;Windischgarsten;1892;GRÜNE;84
G40923;Windischgarsten;1892;NEOS;65
G40923;Windischgarsten;1892;KPÖ;3
G40923;Windischgarsten;1892;EUROPA;5
G40999;Wahlkarten - Kirchdorf an der Krems;0;ÖVP;1128
G40999;Wahlkarten - Kirchdorf an der Krems;0;SPÖ;1060
G40999;Wahlkarten - Kirchdorf an der Krems;0;FPÖ;564
G40999;Wahlkarten - Kirchdorf an der Krems;0;GRÜNE;658
G40999;Wahlkarten - Kirchdorf an der Krems;0;NEOS;332
G40999;Wahlkarten - Kirchdorf an der Krems;0;KPÖ;26
G40999;Wahlkarten - Kirchdorf an der Krems;0;EUROPA;36
G41001;Allhaming;927;ÖVP;243
G41001;Allhaming;927;SPÖ;93
G41001;Allhaming;927;FPÖ;96
G41001;Allhaming;927;GRÜNE;42
G41001;Allhaming;927;NEOS;36
G41001;Allhaming;927;KPÖ;2
G41001;Allhaming;927;EUROPA;10
G41002;Ansfelden;10821;ÖVP;1200
G41002;Ansfelden;10821;SPÖ;1716
G41002;Ansfelden;10821;FPÖ;1345
G41002;Ansfelden;10821;GRÜNE;477
G41002;Ansfelden;10821;NEOS;315
G41002;Ansfelden;10821;KPÖ;28
G41002;Ansfelden;10821;EUROPA;43
G41003;Asten;4741;ÖVP;548
G41003;Asten;4741;SPÖ;885
G41003;Asten;4741;FPÖ;549
G41003;Asten;4741;GRÜNE;188
G41003;Asten;4741;NEOS;149
G41003;Asten;4741;KPÖ;11
G41003;Asten;4741;EUROPA;18
G41004;Eggendorf im Traunkreis;738;ÖVP;169
G41004;Eggendorf im Traunkreis;738;SPÖ;82
G41004;Eggendorf im Traunkreis;738;FPÖ;71
G41004;Eggendorf im Traunkreis;738;GRÜNE;40
G41004;Eggendorf im Traunkreis;738;NEOS;47
G41004;Eggendorf im Traunkreis;738;KPÖ;1
G41004;Eggendorf im Traunkreis;738;EUROPA;2
G41005;Enns;8042;ÖVP;1156
G41005;Enns;8042;SPÖ;1251
G41005;Enns;8042;FPÖ;734
G41005;Enns;8042;GRÜNE;576
G41005;Enns;8042;NEOS;317
G41005;Enns;8042;KPÖ;27
G41005;Enns;8042;EUROPA;38
G41006;Hargelsberg;1083;ÖVP;270
G41006;Hargelsberg;1083;SPÖ;169
G41006;Hargelsberg;1083;FPÖ;94
G41006;Hargelsberg;1083;GRÜNE;70
G41006;Hargelsberg;1083;NEOS;41
G41006;Hargelsberg;1083;KPÖ;4
G41006;Hargelsberg;1083;EUROPA;6
G41007;Hörsching;4568;ÖVP;674
G41007;Hörsching;4568;SPÖ;613
G41007;Hörsching;4568;FPÖ;508
G41007;Hörsching;4568;GRÜNE;224
G41007;Hörsching;4568;NEOS;166
G41007;Hörsching;4568;KPÖ;12
G41007;Hörsching;4568;EUROPA;18
G41008;Hofkirchen im Traunkreis;1425;ÖVP;258
G41008;Hofkirchen im Traunkreis;1425;SPÖ;194
G41008;Hofkirchen im Traunkreis;1425;FPÖ;144
G41008;Hofkirchen im Traunkreis;1425;GRÜNE;114
G41008;Hofkirchen im Traunkreis;1425;NEOS;66
G41008;Hofkirchen im Traunkreis;1425;KPÖ;4
G41008;Hofkirchen im Traunkreis;1425;EUROPA;8
G41009;Kematen an der Krems;2100;ÖVP;406
G41009;Kematen an der Krems;2100;SPÖ;230
G41009;Kematen an der Krems;2100;FPÖ;219
G41009;Kematen an der Krems;2100;GRÜNE;116
G41009;Kematen an der Krems;2100;NEOS;87
G41009;Kematen an der Krems;2100;KPÖ;9
G41009;Kematen an der Krems;2100;EUROPA;6
G41010;Kirchberg-Thening;1956;ÖVP;307
G41010;Kirchberg-Thening;1956;SPÖ;368
G41010;Kirchberg-Thening;1956;FPÖ;198
G41010;Kirchberg-Thening;1956;GRÜNE;188
G41010;Kirchberg-Thening;1956;NEOS;90
G41010;Kirchberg-Thening;1956;KPÖ;6
G41010;Kirchberg-Thening;1956;EUROPA;7
G41011;Kronstorf;2683;ÖVP;452
G41011;Kronstorf;2683;SPÖ;448
G41011;Kronstorf;2683;FPÖ;284
G41011;Kronstorf;2683;GRÜNE;158
G41011;Kronstorf;2683;NEOS;121
G41011;Kronstorf;2683;KPÖ;6
G41011;Kronstorf;2683;EUROPA;15
G41012;Leonding;21173;ÖVP;3346
G41012;Leonding;21173;SPÖ;3578
G41012;Leonding;21173;FPÖ;2002
G41012;Leonding;21173;GRÜNE;1798
G41012;Leonding;21173;NEOS;1124
G41012;Leonding;21173;KPÖ;76
G41012;Leonding;21173;EUROPA;126
G41013;Sankt Florian;5050;ÖVP;1077
G41013;Sankt Florian;5050;SPÖ;664
G41013;Sankt Florian;5050;FPÖ;449
G41013;Sankt Florian;5050;GRÜNE;389
G41013;Sankt Florian;5050;NEOS;252
G41013;Sankt Florian;5050;KPÖ;10
G41013;Sankt Florian;5050;EUROPA;23
G41014;Neuhofen an der Krems;4955;ÖVP;734
G41014;Neuhofen an der Krems;4955;SPÖ;633
G41014;Neuhofen an der Krems;4955;FPÖ;356
G41014;Neuhofen an der Krems;4955;GRÜNE;408
G41014;Neuhofen an der Krems;4955;NEOS;213
G41014;Neuhofen an der Krems;4955;KPÖ;13
G41014;Neuhofen an der Krems;4955;EUROPA;29
G41015;Niederneukirchen;1692;ÖVP;422
G41015;Niederneukirchen;1692;SPÖ;209
G41015;Niederneukirchen;1692;FPÖ;155
G41015;Niederneukirchen;1692;GRÜNE;114
G41015;Niederneukirchen;1692;NEOS;59
G41015;Niederneukirchen;1692;KPÖ;2
G41015;Niederneukirchen;1692;EUROPA;7
G41016;Oftering;1669;ÖVP;316
G41016;Oftering;1669;SPÖ;244
G41016;Oftering;1669;FPÖ;181
G41016;Oftering;1669;GRÜNE;109
G41016;Oftering;1669;NEOS;71
G41016;Oftering;1669;KPÖ;7
G41016;Oftering;1669;EUROPA;6
G41017;Pasching;5500;ÖVP;857
G41017;Pasching;5500;SPÖ;960
G41017;Pasching;5500;FPÖ;527
G41017;Pasching;5500;GRÜNE;357
G41017;Pasching;5500;NEOS;289
G41017;Pasching;5500;KPÖ;13
G41017;Pasching;5500;EUROPA;28
G41018;Piberbach;1472;ÖVP;266
G41018;Piberbach;1472;SPÖ;193
G41018;Piberbach;1472;FPÖ;141
G41018;Piberbach;1472;GRÜNE;86
G41018;Piberbach;1472;NEOS;55
G41018;Piberbach;1472;KPÖ;7
G41018;Piberbach;1472;EUROPA;11
G41019;Pucking;3158;ÖVP;534
G41019;Pucking;3158;SPÖ;378
G41019;Pucking;3158;FPÖ;425
G41019;Pucking;3158;GRÜNE;161
G41019;Pucking;3158;NEOS;149
G41019;Pucking;3158;KPÖ;6
G41019;Pucking;3158;EUROPA;12
G41020;Sankt Marien;3777;ÖVP;798
G41020;Sankt Marien;3777;SPÖ;557
G41020;Sankt Marien;3777;FPÖ;344
G41020;Sankt Marien;3777;GRÜNE;272
G41020;Sankt Marien;3777;NEOS;171
G41020;Sankt Marien;3777;KPÖ;9
G41020;Sankt Marien;3777;EUROPA;18
G41021;Traun;16027;ÖVP;1828
G41021;Traun;16027;SPÖ;2644
G41021;Traun;16027;FPÖ;1510
G41021;Traun;16027;GRÜNE;822
G41021;Traun;16027;NEOS;440
G41021;Traun;16027;KPÖ;62
G41021;Traun;16027;EUROPA;50
G41022;Wilhering;4670;ÖVP;1007
G41022;Wilhering;4670;SPÖ;673
G41022;Wilhering;4670;FPÖ;283
G41022;Wilhering;4670;GRÜNE;469
G41022;Wilhering;4670;NEOS;293
G41022;Wilhering;4670;KPÖ;5
G41022;Wilhering;4670;EUROPA;28
G41099;Wahlkarten - Linz-Land;0;ÖVP;2993
G41099;Wahlkarten - Linz-Land;0;SPÖ;3284
G41099;Wahlkarten - Linz-Land;0;FPÖ;1275
G41099;Wahlkarten - Linz-Land;0;GRÜNE;1675
G41099;Wahlkarten - Linz-Land;0;NEOS;901
G41099;Wahlkarten - Linz-Land;0;KPÖ;76
G41099;Wahlkarten - Linz-Land;0;EUROPA;102
G41101;Allerheiligen im Mühlkreis;1020;ÖVP;250
G41101;Allerheiligen im Mühlkreis;1020;SPÖ;145
G41101;Allerheiligen im Mühlkreis;1020;FPÖ;116
G41101;Allerheiligen im Mühlkreis;1020;GRÜNE;49
G41101;Allerheiligen im Mühlkreis;1020;NEOS;32
G41101;Allerheiligen im Mühlkreis;1020;KPÖ;3
G41101;Allerheiligen im Mühlkreis;1020;EUROPA;2
G41102;Arbing;1151;ÖVP;250
G41102;Arbing;1151;SPÖ;154
G41102;Arbing;1151;FPÖ;108
G41102;Arbing;1151;GRÜNE;95
G41102;Arbing;1151;NEOS;36
G41102;Arbing;1151;KPÖ;0
G41102;Arbing;1151;EUROPA;3
G41103;Baumgartenberg;1358;ÖVP;323
G41103;Baumgartenberg;1358;SPÖ;132
G41103;Baumgartenberg;1358;FPÖ;201
G41103;Baumgartenberg;1358;GRÜNE;66
G41103;Baumgartenberg;1358;NEOS;26
G41103;Baumgartenberg;1358;KPÖ;3
G41103;Baumgartenberg;1358;EUROPA;2
G41104;Dimbach;814;ÖVP;222
G41104;Dimbach;814;SPÖ;83
G41104;Dimbach;814;FPÖ;88
G41104;Dimbach;814;GRÜNE;29
G41104;Dimbach;814;NEOS;15
G41104;Dimbach;814;KPÖ;3
G41104;Dimbach;814;EUROPA;0
G41105;Grein;2328;ÖVP;435
G41105;Grein;2328;SPÖ;299
G41105;Grein;2328;FPÖ;221
G41105;Grein;2328;GRÜNE;114
G41105;Grein;2328;NEOS;64
G41105;Grein;2328;KPÖ;7
G41105;Grein;2328;EUROPA;10
G41106;Katsdorf;2522;ÖVP;483
G41106;Katsdorf;2522;SPÖ;418
G41106;Katsdorf;2522;FPÖ;197
G41106;Katsdorf;2522;GRÜNE;205
G41106;Katsdorf;2522;NEOS;126
G41106;Katsdorf;2522;KPÖ;3
G41106;Katsdorf;2522;EUROPA;15
G41107;Klam;763;ÖVP;165
G41107;Klam;763;SPÖ;64
G41107;Klam;763;FPÖ;117
G41107;Klam;763;GRÜNE;31
G41107;Klam;763;NEOS;25
G41107;Klam;763;KPÖ;4
G41107;Klam;763;EUROPA;6
G41108;Bad Kreuzen;1785;ÖVP;548
G41108;Bad Kreuzen;1785;SPÖ;72
G41108;Bad Kreuzen;1785;FPÖ;139
G41108;Bad Kreuzen;1785;GRÜNE;72
G41108;Bad Kreuzen;1785;NEOS;39
G41108;Bad Kreuzen;1785;KPÖ;4
G41108;Bad Kreuzen;1785;EUROPA;7
G41109;Langenstein;1961;ÖVP;290
G41109;Langenstein;1961;SPÖ;446
G41109;Langenstein;1961;FPÖ;205
G41109;Langenstein;1961;GRÜNE;102
G41109;Langenstein;1961;NEOS;76
G41109;Langenstein;1961;KPÖ;6
G41109;Langenstein;1961;EUROPA;3
G41110;Luftenberg an der Donau;3314;ÖVP;527
G41110;Luftenberg an der Donau;3314;SPÖ;602
G41110;Luftenberg an der Donau;3314;FPÖ;359
G41110;Luftenberg an der Donau;3314;GRÜNE;210
G41110;Luftenberg an der Donau;3314;NEOS;145
G41110;Luftenberg an der Donau;3314;KPÖ;16
G41110;Luftenberg an der Donau;3314;EUROPA;18
G41111;Mauthausen;3602;ÖVP;497
G41111;Mauthausen;3602;SPÖ;707
G41111;Mauthausen;3602;FPÖ;275
G41111;Mauthausen;3602;GRÜNE;210
G41111;Mauthausen;3602;NEOS;126
G41111;Mauthausen;3602;KPÖ;11
G41111;Mauthausen;3602;EUROPA;17
G41112;Mitterkirchen im Machland;1339;ÖVP;363
G41112;Mitterkirchen im Machland;1339;SPÖ;153
G41112;Mitterkirchen im Machland;1339;FPÖ;125
G41112;Mitterkirchen im Machland;1339;GRÜNE;59
G41112;Mitterkirchen im Machland;1339;NEOS;28
G41112;Mitterkirchen im Machland;1339;KPÖ;1
G41112;Mitterkirchen im Machland;1339;EUROPA;4
G41113;Münzbach;1309;ÖVP;437
G41113;Münzbach;1309;SPÖ;83
G41113;Münzbach;1309;FPÖ;160
G41113;Münzbach;1309;GRÜNE;52
G41113;Münzbach;1309;NEOS;39
G41113;Münzbach;1309;KPÖ;2
G41113;Münzbach;1309;EUROPA;4
G41114;Naarn im Machlande;2806;ÖVP;750
G41114;Naarn im Machlande;2806;SPÖ;383
G41114;Naarn im Machlande;2806;FPÖ;321
G41114;Naarn im Machlande;2806;GRÜNE;111
G41114;Naarn im Machlande;2806;NEOS;86
G41114;Naarn im Machlande;2806;KPÖ;5
G41114;Naarn im Machlande;2806;EUROPA;8
G41115;Pabneukirchen;1329;ÖVP;365
G41115;Pabneukirchen;1329;SPÖ;95
G41115;Pabneukirchen;1329;FPÖ;147
G41115;Pabneukirchen;1329;GRÜNE;48
G41115;Pabneukirchen;1329;NEOS;36
G41115;Pabneukirchen;1329;KPÖ;2
G41115;Pabneukirchen;1329;EUROPA;2
G41116;Perg;6313;ÖVP;1227
G41116;Perg;6313;SPÖ;875
G41116;Perg;6313;FPÖ;612
G41116;Perg;6313;GRÜNE;422
G41116;Perg;6313;NEOS;228
G41116;Perg;6313;KPÖ;16
G41116;Perg;6313;EUROPA;26
G41117;Rechberg;758;ÖVP;294
G41117;Rechberg;758;SPÖ;66
G41117;Rechberg;758;FPÖ;46
G41117;Rechberg;758;GRÜNE;55
G41117;Rechberg;758;NEOS;18
G41117;Rechberg;758;KPÖ;0
G41117;Rechberg;758;EUROPA;2
G41118;Ried in der Riedmark;3395;ÖVP;677
G41118;Ried in der Riedmark;3395;SPÖ;581
G41118;Ried in der Riedmark;3395;FPÖ;254
G41118;Ried in der Riedmark;3395;GRÜNE;224
G41118;Ried in der Riedmark;3395;NEOS;134
G41118;Ried in der Riedmark;3395;KPÖ;14
G41118;Ried in der Riedmark;3395;EUROPA;15
G41119;St. Georgen am Walde;1621;ÖVP;364
G41119;St. Georgen am Walde;1621;SPÖ;232
G41119;St. Georgen am Walde;1621;FPÖ;169
G41119;St. Georgen am Walde;1621;GRÜNE;46
G41119;St. Georgen am Walde;1621;NEOS;27
G41119;St. Georgen am Walde;1621;KPÖ;4
G41119;St. Georgen am Walde;1621;EUROPA;2
G41120;St. Georgen an der Gusen;3274;ÖVP;497
G41120;St. Georgen an der Gusen;3274;SPÖ;716
G41120;St. Georgen an der Gusen;3274;FPÖ;270
G41120;St. Georgen an der Gusen;3274;GRÜNE;297
G41120;St. Georgen an der Gusen;3274;NEOS;109
G41120;St. Georgen an der Gusen;3274;KPÖ;11
G41120;St. Georgen an der Gusen;3274;EUROPA;16
G41121;St. Nikola an der Donau;555;ÖVP;170
G41121;St. Nikola an der Donau;555;SPÖ;65
G41121;St. Nikola an der Donau;555;FPÖ;51
G41121;St. Nikola an der Donau;555;GRÜNE;30
G41121;St. Nikola an der Donau;555;NEOS;9
G41121;St. Nikola an der Donau;555;KPÖ;0
G41121;St. Nikola an der Donau;555;EUROPA;2
G41122;St. Thomas am Blasenstein;736;ÖVP;277
G41122;St. Thomas am Blasenstein;736;SPÖ;47
G41122;St. Thomas am Blasenstein;736;FPÖ;60
G41122;St. Thomas am Blasenstein;736;GRÜNE;26
G41122;St. Thomas am Blasenstein;736;NEOS;14
G41122;St. Thomas am Blasenstein;736;KPÖ;1
G41122;St. Thomas am Blasenstein;736;EUROPA;1
G41123;Saxen;1373;ÖVP;285
G41123;Saxen;1373;SPÖ;176
G41123;Saxen;1373;FPÖ;187
G41123;Saxen;1373;GRÜNE;74
G41123;Saxen;1373;NEOS;41
G41123;Saxen;1373;KPÖ;5
G41123;Saxen;1373;EUROPA;1
G41124;Schwertberg;3964;ÖVP;687
G41124;Schwertberg;3964;SPÖ;757
G41124;Schwertberg;3964;FPÖ;338
G41124;Schwertberg;3964;GRÜNE;299
G41124;Schwertberg;3964;NEOS;119
G41124;Schwertberg;3964;KPÖ;10
G41124;Schwertberg;3964;EUROPA;13
G41125;Waldhausen im Strudengau;2303;ÖVP;537
G41125;Waldhausen im Strudengau;2303;SPÖ;340
G41125;Waldhausen im Strudengau;2303;FPÖ;194
G41125;Waldhausen im Strudengau;2303;GRÜNE;133
G41125;Waldhausen im Strudengau;2303;NEOS;45
G41125;Waldhausen im Strudengau;2303;KPÖ;3
G41125;Waldhausen im Strudengau;2303;EUROPA;11
G41126;Windhaag bei Perg;1141;ÖVP;339
G41126;Windhaag bei Perg;1141;SPÖ;97
G41126;Windhaag bei Perg;1141;FPÖ;108
G41126;Windhaag bei Perg;1141;GRÜNE;56
G41126;Windhaag bei Perg;1141;NEOS;46
G41126;Windhaag bei Perg;1141;KPÖ;0
G41126;Windhaag bei Perg;1141;EUROPA;0
G41199;Wahlkarten - Perg;0;ÖVP;1616
G41199;Wahlkarten - Perg;0;SPÖ;1362
G41199;Wahlkarten - Perg;0;FPÖ;627
G41199;Wahlkarten - Perg;0;GRÜNE;729
G41199;Wahlkarten - Perg;0;NEOS;303
G41199;Wahlkarten - Perg;0;KPÖ;23
G41199;Wahlkarten - Perg;0;EUROPA;44
G41201;Andrichsfurt;605;ÖVP;161
G41201;Andrichsfurt;605;SPÖ;20
G41201;Andrichsfurt;605;FPÖ;62
G41201;Andrichsfurt;605;GRÜNE;25
G41201;Andrichsfurt;605;NEOS;18
G41201;Andrichsfurt;605;KPÖ;2
G41201;Andrichsfurt;605;EUROPA;2
G41202;Antiesenhofen;814;ÖVP;163
G41202;Antiesenhofen;814;SPÖ;71
G41202;Antiesenhofen;814;FPÖ;94
G41202;Antiesenhofen;814;GRÜNE;22
G41202;Antiesenhofen;814;NEOS;13
G41202;Antiesenhofen;814;KPÖ;0
G41202;Antiesenhofen;814;EUROPA;7
G41203;Aurolzmünster;2271;ÖVP;358
G41203;Aurolzmünster;2271;SPÖ;195
G41203;Aurolzmünster;2271;FPÖ;286
G41203;Aurolzmünster;2271;GRÜNE;78
G41203;Aurolzmünster;2271;NEOS;53
G41203;Aurolzmünster;2271;KPÖ;2
G41203;Aurolzmünster;2271;EUROPA;8
G41204;Eberschwang;2712;ÖVP;450
G41204;Eberschwang;2712;SPÖ;267
G41204;Eberschwang;2712;FPÖ;313
G41204;Eberschwang;2712;GRÜNE;123
G41204;Eberschwang;2712;NEOS;95
G41204;Eberschwang;2712;KPÖ;10
G41204;Eberschwang;2712;EUROPA;17
G41205;Eitzing;656;ÖVP;143
G41205;Eitzing;656;SPÖ;51
G41205;Eitzing;656;FPÖ;75
G41205;Eitzing;656;GRÜNE;37
G41205;Eitzing;656;NEOS;15
G41205;Eitzing;656;KPÖ;0
G41205;Eitzing;656;EUROPA;1
G41206;Geiersberg;423;ÖVP;90
G41206;Geiersberg;423;SPÖ;33
G41206;Geiersberg;423;FPÖ;45
G41206;Geiersberg;423;GRÜNE;20
G41206;Geiersberg;423;NEOS;12
G41206;Geiersberg;423;KPÖ;3
G41206;Geiersberg;423;EUROPA;2
G41207;Geinberg;1054;ÖVP;159
G41207;Geinberg;1054;SPÖ;40
G41207;Geinberg;1054;FPÖ;99
G41207;Geinberg;1054;GRÜNE;46
G41207;Geinberg;1054;NEOS;25
G41207;Geinberg;1054;KPÖ;0
G41207;Geinberg;1054;EUROPA;4
G41208;Gurten;932;ÖVP;202
G41208;Gurten;932;SPÖ;97
G41208;Gurten;932;FPÖ;112
G41208;Gurten;932;GRÜNE;40
G41208;Gurten;932;NEOS;21
G41208;Gurten;932;KPÖ;3
G41208;Gurten;932;EUROPA;1
G41209;Hohenzell;1787;ÖVP;457
G41209;Hohenzell;1787;SPÖ;92
G41209;Hohenzell;1787;FPÖ;175
G41209;Hohenzell;1787;GRÜNE;122
G41209;Hohenzell;1787;NEOS;66
G41209;Hohenzell;1787;KPÖ;3
G41209;Hohenzell;1787;EUROPA;12
G41210;Kirchdorf am Inn;505;ÖVP;165
G41210;Kirchdorf am Inn;505;SPÖ;22
G41210;Kirchdorf am Inn;505;FPÖ;66
G41210;Kirchdorf am Inn;505;GRÜNE;17
G41210;Kirchdorf am Inn;505;NEOS;11
G41210;Kirchdorf am Inn;505;KPÖ;1
G41210;Kirchdorf am Inn;505;EUROPA;2
G41211;Kirchheim im Innkreis;591;ÖVP;180
G41211;Kirchheim im Innkreis;591;SPÖ;35
G41211;Kirchheim im Innkreis;591;FPÖ;82
G41211;Kirchheim im Innkreis;591;GRÜNE;20
G41211;Kirchheim im Innkreis;591;NEOS;8
G41211;Kirchheim im Innkreis;591;KPÖ;1
G41211;Kirchheim im Innkreis;591;EUROPA;2
G41212;Lambrechten;1076;ÖVP;284
G41212;Lambrechten;1076;SPÖ;49
G41212;Lambrechten;1076;FPÖ;151
G41212;Lambrechten;1076;GRÜNE;41
G41212;Lambrechten;1076;NEOS;28
G41212;Lambrechten;1076;KPÖ;0
G41212;Lambrechten;1076;EUROPA;0
G41213;Lohnsburg am Kobernaußerwald;1835;ÖVP;443
G41213;Lohnsburg am Kobernaußerwald;1835;SPÖ;98
G41213;Lohnsburg am Kobernaußerwald;1835;FPÖ;206
G41213;Lohnsburg am Kobernaußerwald;1835;GRÜNE;72
G41213;Lohnsburg am Kobernaußerwald;1835;NEOS;48
G41213;Lohnsburg am Kobernaußerwald;1835;KPÖ;2
G41213;Lohnsburg am Kobernaußerwald;1835;EUROPA;3
G41214;Mehrnbach;1859;ÖVP;376
G41214;Mehrnbach;1859;SPÖ;120
G41214;Mehrnbach;1859;FPÖ;231
G41214;Mehrnbach;1859;GRÜNE;88
G41214;Mehrnbach;1859;NEOS;43
G41214;Mehrnbach;1859;KPÖ;1
G41214;Mehrnbach;1859;EUROPA;4
G41215;Mettmach;1907;ÖVP;357
G41215;Mettmach;1907;SPÖ;115
G41215;Mettmach;1907;FPÖ;290
G41215;Mettmach;1907;GRÜNE;48
G41215;Mettmach;1907;NEOS;31
G41215;Mettmach;1907;KPÖ;9
G41215;Mettmach;1907;EUROPA;4
G41216;Mörschwang;268;ÖVP;88
G41216;Mörschwang;268;SPÖ;5
G41216;Mörschwang;268;FPÖ;24
G41216;Mörschwang;268;GRÜNE;26
G41216;Mörschwang;268;NEOS;22
G41216;Mörschwang;268;KPÖ;0
G41216;Mörschwang;268;EUROPA;0
G41217;Mühlheim am Inn;532;ÖVP;103
G41217;Mühlheim am Inn;532;SPÖ;62
G41217;Mühlheim am Inn;532;FPÖ;62
G41217;Mühlheim am Inn;532;GRÜNE;26
G41217;Mühlheim am Inn;532;NEOS;12
G41217;Mühlheim am Inn;532;KPÖ;2
G41217;Mühlheim am Inn;532;EUROPA;1
G41218;Neuhofen im Innkreis;1928;ÖVP;432
G41218;Neuhofen im Innkreis;1928;SPÖ;196
G41218;Neuhofen im Innkreis;1928;FPÖ;228
G41218;Neuhofen im Innkreis;1928;GRÜNE;126
G41218;Neuhofen im Innkreis;1928;NEOS;85
G41218;Neuhofen im Innkreis;1928;KPÖ;3
G41218;Neuhofen im Innkreis;1928;EUROPA;9
G41219;Obernberg am Inn;1154;ÖVP;160
G41219;Obernberg am Inn;1154;SPÖ;76
G41219;Obernberg am Inn;1154;FPÖ;145
G41219;Obernberg am Inn;1154;GRÜNE;54
G41219;Obernberg am Inn;1154;NEOS;22
G41219;Obernberg am Inn;1154;KPÖ;0
G41219;Obernberg am Inn;1154;EUROPA;5
G41220;Ort im Innkreis;936;ÖVP;181
G41220;Ort im Innkreis;936;SPÖ;51
G41220;Ort im Innkreis;936;FPÖ;135
G41220;Ort im Innkreis;936;GRÜNE;46
G41220;Ort im Innkreis;936;NEOS;15
G41220;Ort im Innkreis;936;KPÖ;1
G41220;Ort im Innkreis;936;EUROPA;1
G41221;Pattigham;756;ÖVP;185
G41221;Pattigham;756;SPÖ;42
G41221;Pattigham;756;FPÖ;87
G41221;Pattigham;756;GRÜNE;50
G41221;Pattigham;756;NEOS;21
G41221;Pattigham;756;KPÖ;4
G41221;Pattigham;756;EUROPA;2
G41222;Peterskirchen;580;ÖVP;201
G41222;Peterskirchen;580;SPÖ;28
G41222;Peterskirchen;580;FPÖ;67
G41222;Peterskirchen;580;GRÜNE;22
G41222;Peterskirchen;580;NEOS;10
G41222;Peterskirchen;580;KPÖ;5
G41222;Peterskirchen;580;EUROPA;2
G41223;Pramet;828;ÖVP;225
G41223;Pramet;828;SPÖ;66
G41223;Pramet;828;FPÖ;111
G41223;Pramet;828;GRÜNE;30
G41223;Pramet;828;NEOS;25
G41223;Pramet;828;KPÖ;5
G41223;Pramet;828;EUROPA;4
G41224;Reichersberg;1161;ÖVP;249
G41224;Reichersberg;1161;SPÖ;66
G41224;Reichersberg;1161;FPÖ;135
G41224;Reichersberg;1161;GRÜNE;71
G41224;Reichersberg;1161;NEOS;33
G41224;Reichersberg;1161;KPÖ;3
G41224;Reichersberg;1161;EUROPA;4
G41225;Ried im Innkreis;8334;ÖVP;1207
G41225;Ried im Innkreis;8334;SPÖ;855
G41225;Ried im Innkreis;8334;FPÖ;831
G41225;Ried im Innkreis;8334;GRÜNE;560
G41225;Ried im Innkreis;8334;NEOS;305
G41225;Ried im Innkreis;8334;KPÖ;30
G41225;Ried im Innkreis;8334;EUROPA;29
G41226;Sankt Georgen bei Obernberg am Inn;458;ÖVP;175
G41226;Sankt Georgen bei Obernberg am Inn;458;SPÖ;16
G41226;Sankt Georgen bei Obernberg am Inn;458;FPÖ;25
G41226;Sankt Georgen bei Obernberg am Inn;458;GRÜNE;33
G41226;Sankt Georgen bei Obernberg am Inn;458;NEOS;11
G41226;Sankt Georgen bei Obernberg am Inn;458;KPÖ;1
G41226;Sankt Georgen bei Obernberg am Inn;458;EUROPA;0
G41227;Sankt Marienkirchen am Hausruck;686;ÖVP;224
G41227;Sankt Marienkirchen am Hausruck;686;SPÖ;34
G41227;Sankt Marienkirchen am Hausruck;686;FPÖ;103
G41227;Sankt Marienkirchen am Hausruck;686;GRÜNE;56
G41227;Sankt Marienkirchen am Hausruck;686;NEOS;27
G41227;Sankt Marienkirchen am Hausruck;686;KPÖ;2
G41227;Sankt Marienkirchen am Hausruck;686;EUROPA;0
G41228;Sankt Martin im Innkreis;1345;ÖVP;241
G41228;Sankt Martin im Innkreis;1345;SPÖ;109
G41228;Sankt Martin im Innkreis;1345;FPÖ;144
G41228;Sankt Martin im Innkreis;1345;GRÜNE;85
G41228;Sankt Martin im Innkreis;1345;NEOS;41
G41228;Sankt Martin im Innkreis;1345;KPÖ;1
G41228;Sankt Martin im Innkreis;1345;EUROPA;2
G41229;Schildorn;964;ÖVP;209
G41229;Schildorn;964;SPÖ;84
G41229;Schildorn;964;FPÖ;90
G41229;Schildorn;964;GRÜNE;39
G41229;Schildorn;964;NEOS;30
G41229;Schildorn;964;KPÖ;5
G41229;Schildorn;964;EUROPA;3
G41230;Senftenbach;613;ÖVP;162
G41230;Senftenbach;613;SPÖ;49
G41230;Senftenbach;613;FPÖ;65
G41230;Senftenbach;613;GRÜNE;27
G41230;Senftenbach;613;NEOS;20
G41230;Senftenbach;613;KPÖ;2
G41230;Senftenbach;613;EUROPA;0
G41231;Taiskirchen im Innkreis;1962;ÖVP;451
G41231;Taiskirchen im Innkreis;1962;SPÖ;115
G41231;Taiskirchen im Innkreis;1962;FPÖ;243
G41231;Taiskirchen im Innkreis;1962;GRÜNE;142
G41231;Taiskirchen im Innkreis;1962;NEOS;51
G41231;Taiskirchen im Innkreis;1962;KPÖ;6
G41231;Taiskirchen im Innkreis;1962;EUROPA;13
G41232;Tumeltsham;1263;ÖVP;288
G41232;Tumeltsham;1263;SPÖ;58
G41232;Tumeltsham;1263;FPÖ;136
G41232;Tumeltsham;1263;GRÜNE;83
G41232;Tumeltsham;1263;NEOS;43
G41232;Tumeltsham;1263;KPÖ;3
G41232;Tumeltsham;1263;EUROPA;5
G41233;Utzenaich;1191;ÖVP;279
G41233;Utzenaich;1191;SPÖ;101
G41233;Utzenaich;1191;FPÖ;137
G41233;Utzenaich;1191;GRÜNE;48
G41233;Utzenaich;1191;NEOS;26
G41233;Utzenaich;1191;KPÖ;2
G41233;Utzenaich;1191;EUROPA;7
G41234;Waldzell;1763;ÖVP;366
G41234;Waldzell;1763;SPÖ;141
G41234;Waldzell;1763;FPÖ;221
G41234;Waldzell;1763;GRÜNE;54
G41234;Waldzell;1763;NEOS;31
G41234;Waldzell;1763;KPÖ;3
G41234;Waldzell;1763;EUROPA;2
G41235;Weilbach;487;ÖVP;136
G41235;Weilbach;487;SPÖ;26
G41235;Weilbach;487;FPÖ;62
G41235;Weilbach;487;GRÜNE;17
G41235;Weilbach;487;NEOS;10
G41235;Weilbach;487;KPÖ;4
G41235;Weilbach;487;EUROPA;1
G41236;Wippenham;459;ÖVP;107
G41236;Wippenham;459;SPÖ;58
G41236;Wippenham;459;FPÖ;55
G41236;Wippenham;459;GRÜNE;18
G41236;Wippenham;459;NEOS;17
G41236;Wippenham;459;KPÖ;1
G41236;Wippenham;459;EUROPA;0
G41299;Wahlkarten - Ried im Innkreis;0;ÖVP;1670
G41299;Wahlkarten - Ried im Innkreis;0;SPÖ;896
G41299;Wahlkarten - Ried im Innkreis;0;FPÖ;775
G41299;Wahlkarten - Ried im Innkreis;0;GRÜNE;727
G41299;Wahlkarten - Ried im Innkreis;0;NEOS;286
G41299;Wahlkarten - Ried im Innkreis;0;KPÖ;27
G41299;Wahlkarten - Ried im Innkreis;0;EUROPA;34
G41304;Altenfelden;1817;ÖVP;453
G41304;Altenfelden;1817;SPÖ;168
G41304;Altenfelden;1817;FPÖ;232
G41304;Altenfelden;1817;GRÜNE;106
G41304;Altenfelden;1817;NEOS;55
G41304;Altenfelden;1817;KPÖ;3
G41304;Altenfelden;1817;EUROPA;7
G41305;Arnreit;908;ÖVP;345
G41305;Arnreit;908;SPÖ;65
G41305;Arnreit;908;FPÖ;75
G41305;Arnreit;908;GRÜNE;63
G41305;Arnreit;908;NEOS;31
G41305;Arnreit;908;KPÖ;0
G41305;Arnreit;908;EUROPA;4
G41306;Atzesberg;365;ÖVP;129
G41306;Atzesberg;365;SPÖ;27
G41306;Atzesberg;365;FPÖ;56
G41306;Atzesberg;365;GRÜNE;14
G41306;Atzesberg;365;NEOS;12
G41306;Atzesberg;365;KPÖ;0
G41306;Atzesberg;365;EUROPA;1
G41307;Auberg;432;ÖVP;151
G41307;Auberg;432;SPÖ;25
G41307;Auberg;432;FPÖ;48
G41307;Auberg;432;GRÜNE;23
G41307;Auberg;432;NEOS;13
G41307;Auberg;432;KPÖ;0
G41307;Auberg;432;EUROPA;0
G41309;Haslach an der Mühl;2092;ÖVP;407
G41309;Haslach an der Mühl;2092;SPÖ;328
G41309;Haslach an der Mühl;2092;FPÖ;162
G41309;Haslach an der Mühl;2092;GRÜNE;148
G41309;Haslach an der Mühl;2092;NEOS;62
G41309;Haslach an der Mühl;2092;KPÖ;10
G41309;Haslach an der Mühl;2092;EUROPA;10
G41311;Hörbich;328;ÖVP;121
G41311;Hörbich;328;SPÖ;10
G41311;Hörbich;328;FPÖ;44
G41311;Hörbich;328;GRÜNE;13
G41311;Hörbich;328;NEOS;4
G41311;Hörbich;328;KPÖ;0
G41311;Hörbich;328;EUROPA;1
G41312;Hofkirchen im Mühlkreis;1225;ÖVP;331
G41312;Hofkirchen im Mühlkreis;1225;SPÖ;118
G41312;Hofkirchen im Mühlkreis;1225;FPÖ;107
G41312;Hofkirchen im Mühlkreis;1225;GRÜNE;66
G41312;Hofkirchen im Mühlkreis;1225;NEOS;42
G41312;Hofkirchen im Mühlkreis;1225;KPÖ;0
G41312;Hofkirchen im Mühlkreis;1225;EUROPA;2
G41313;Julbach;1290;ÖVP;259
G41313;Julbach;1290;SPÖ;166
G41313;Julbach;1290;FPÖ;76
G41313;Julbach;1290;GRÜNE;29
G41313;Julbach;1290;NEOS;28
G41313;Julbach;1290;KPÖ;1
G41313;Julbach;1290;EUROPA;2
G41314;Kirchberg ob der Donau;869;ÖVP;239
G41314;Kirchberg ob der Donau;869;SPÖ;82
G41314;Kirchberg ob der Donau;869;FPÖ;70
G41314;Kirchberg ob der Donau;869;GRÜNE;39
G41314;Kirchberg ob der Donau;869;NEOS;36
G41314;Kirchberg ob der Donau;869;KPÖ;4
G41314;Kirchberg ob der Donau;869;EUROPA;2
G41315;Klaffer am Hochficht;1069;ÖVP;221
G41315;Klaffer am Hochficht;1069;SPÖ;102
G41315;Klaffer am Hochficht;1069;FPÖ;114
G41315;Klaffer am Hochficht;1069;GRÜNE;38
G41315;Klaffer am Hochficht;1069;NEOS;12
G41315;Klaffer am Hochficht;1069;KPÖ;2
G41315;Klaffer am Hochficht;1069;EUROPA;1
G41316;Kleinzell im Mühlkreis;1314;ÖVP;310
G41316;Kleinzell im Mühlkreis;1314;SPÖ;152
G41316;Kleinzell im Mühlkreis;1314;FPÖ;93
G41316;Kleinzell im Mühlkreis;1314;GRÜNE;87
G41316;Kleinzell im Mühlkreis;1314;NEOS;51
G41316;Kleinzell im Mühlkreis;1314;KPÖ;7
G41316;Kleinzell im Mühlkreis;1314;EUROPA;7
G41317;Kollerschlag;1202;ÖVP;357
G41317;Kollerschlag;1202;SPÖ;78
G41317;Kollerschlag;1202;FPÖ;118
G41317;Kollerschlag;1202;GRÜNE;32
G41317;Kollerschlag;1202;NEOS;20
G41317;Kollerschlag;1202;KPÖ;0
G41317;Kollerschlag;1202;EUROPA;2
G41318;Lembach im Mühlkreis;1232;ÖVP;289
G41318;Lembach im Mühlkreis;1232;SPÖ;96
G41318;Lembach im Mühlkreis;1232;FPÖ;140
G41318;Lembach im Mühlkreis;1232;GRÜNE;61
G41318;Lembach im Mühlkreis;1232;NEOS;41
G41318;Lembach im Mühlkreis;1232;KPÖ;4
G41318;Lembach im Mühlkreis;1232;EUROPA;6
G41319;Lichtenau im Mühlkreis;406;ÖVP;111
G41319;Lichtenau im Mühlkreis;406;SPÖ;23
G41319;Lichtenau im Mühlkreis;406;FPÖ;33
G41319;Lichtenau im Mühlkreis;406;GRÜNE;7
G41319;Lichtenau im Mühlkreis;406;NEOS;6
G41319;Lichtenau im Mühlkreis;406;KPÖ;0
G41319;Lichtenau im Mühlkreis;406;EUROPA;2
G41320;Nebelberg;505;ÖVP;166
G41320;Nebelberg;505;SPÖ;69
G41320;Nebelberg;505;FPÖ;31
G41320;Nebelberg;505;GRÜNE;23
G41320;Nebelberg;505;NEOS;3
G41320;Nebelberg;505;KPÖ;0
G41320;Nebelberg;505;EUROPA;2
G41321;Neufelden;936;ÖVP;233
G41321;Neufelden;936;SPÖ;90
G41321;Neufelden;936;FPÖ;69
G41321;Neufelden;936;GRÜNE;86
G41321;Neufelden;936;NEOS;34
G41321;Neufelden;936;KPÖ;1
G41321;Neufelden;936;EUROPA;6
G41322;Niederkappel;801;ÖVP;270
G41322;Niederkappel;801;SPÖ;43
G41322;Niederkappel;801;FPÖ;99
G41322;Niederkappel;801;GRÜNE;24
G41322;Niederkappel;801;NEOS;27
G41322;Niederkappel;801;KPÖ;1
G41322;Niederkappel;801;EUROPA;6
G41323;Niederwaldkirchen;1469;ÖVP;453
G41323;Niederwaldkirchen;1469;SPÖ;123
G41323;Niederwaldkirchen;1469;FPÖ;126
G41323;Niederwaldkirchen;1469;GRÜNE;80
G41323;Niederwaldkirchen;1469;NEOS;62
G41323;Niederwaldkirchen;1469;KPÖ;2
G41323;Niederwaldkirchen;1469;EUROPA;3
G41324;Oberkappel;537;ÖVP;180
G41324;Oberkappel;537;SPÖ;34
G41324;Oberkappel;537;FPÖ;36
G41324;Oberkappel;537;GRÜNE;8
G41324;Oberkappel;537;NEOS;5
G41324;Oberkappel;537;KPÖ;0
G41324;Oberkappel;537;EUROPA;1
G41325;Oepping;1308;ÖVP;364
G41325;Oepping;1308;SPÖ;92
G41325;Oepping;1308;FPÖ;112
G41325;Oepping;1308;GRÜNE;64
G41325;Oepping;1308;NEOS;51
G41325;Oepping;1308;KPÖ;2
G41325;Oepping;1308;EUROPA;6
G41326;Peilstein im Mühlviertel;1268;ÖVP;377
G41326;Peilstein im Mühlviertel;1268;SPÖ;112
G41326;Peilstein im Mühlviertel;1268;FPÖ;104
G41326;Peilstein im Mühlviertel;1268;GRÜNE;36
G41326;Peilstein im Mühlviertel;1268;NEOS;22
G41326;Peilstein im Mühlviertel;1268;KPÖ;0
G41326;Peilstein im Mühlviertel;1268;EUROPA;5
G41327;Pfarrkirchen im Mühlkreis;1166;ÖVP;390
G41327;Pfarrkirchen im Mühlkreis;1166;SPÖ;47
G41327;Pfarrkirchen im Mühlkreis;1166;FPÖ;96
G41327;Pfarrkirchen im Mühlkreis;1166;GRÜNE;71
G41327;Pfarrkirchen im Mühlkreis;1166;NEOS;24
G41327;Pfarrkirchen im Mühlkreis;1166;KPÖ;1
G41327;Pfarrkirchen im Mühlkreis;1166;EUROPA;4
G41328;Putzleinsdorf;1251;ÖVP;379
G41328;Putzleinsdorf;1251;SPÖ;70
G41328;Putzleinsdorf;1251;FPÖ;101
G41328;Putzleinsdorf;1251;GRÜNE;75
G41328;Putzleinsdorf;1251;NEOS;44
G41328;Putzleinsdorf;1251;KPÖ;6
G41328;Putzleinsdorf;1251;EUROPA;1
G41329;Neustift im Mühlkreis;1153;ÖVP;365
G41329;Neustift im Mühlkreis;1153;SPÖ;88
G41329;Neustift im Mühlkreis;1153;FPÖ;61
G41329;Neustift im Mühlkreis;1153;GRÜNE;71
G41329;Neustift im Mühlkreis;1153;NEOS;35
G41329;Neustift im Mühlkreis;1153;KPÖ;0
G41329;Neustift im Mühlkreis;1153;EUROPA;2
G41331;St. Johann am Wimberg;817;ÖVP;216
G41331;St. Johann am Wimberg;817;SPÖ;46
G41331;St. Johann am Wimberg;817;FPÖ;125
G41331;St. Johann am Wimberg;817;GRÜNE;54
G41331;St. Johann am Wimberg;817;NEOS;22
G41331;St. Johann am Wimberg;817;KPÖ;1
G41331;St. Johann am Wimberg;817;EUROPA;7
G41332;St. Martin im Mühlkreis;2987;ÖVP;792
G41332;St. Martin im Mühlkreis;2987;SPÖ;312
G41332;St. Martin im Mühlkreis;2987;FPÖ;270
G41332;St. Martin im Mühlkreis;2987;GRÜNE;195
G41332;St. Martin im Mühlkreis;2987;NEOS;116
G41332;St. Martin im Mühlkreis;2987;KPÖ;3
G41332;St. Martin im Mühlkreis;2987;EUROPA;10
G41333;St. Oswald bei Haslach;407;ÖVP;115
G41333;St. Oswald bei Haslach;407;SPÖ;47
G41333;St. Oswald bei Haslach;407;FPÖ;41
G41333;St. Oswald bei Haslach;407;GRÜNE;20
G41333;St. Oswald bei Haslach;407;NEOS;12
G41333;St. Oswald bei Haslach;407;KPÖ;2
G41333;St. Oswald bei Haslach;407;EUROPA;2
G41334;St. Peter am Wimberg;1448;ÖVP;489
G41334;St. Peter am Wimberg;1448;SPÖ;124
G41334;St. Peter am Wimberg;1448;FPÖ;86
G41334;St. Peter am Wimberg;1448;GRÜNE;91
G41334;St. Peter am Wimberg;1448;NEOS;73
G41334;St. Peter am Wimberg;1448;KPÖ;4
G41334;St. Peter am Wimberg;1448;EUROPA;5
G41336;St. Ulrich im Mühlkreis;513;ÖVP;163
G41336;St. Ulrich im Mühlkreis;513;SPÖ;38
G41336;St. Ulrich im Mühlkreis;513;FPÖ;37
G41336;St. Ulrich im Mühlkreis;513;GRÜNE;48
G41336;St. Ulrich im Mühlkreis;513;NEOS;17
G41336;St. Ulrich im Mühlkreis;513;KPÖ;3
G41336;St. Ulrich im Mühlkreis;513;EUROPA;0
G41337;St. Veit im Mühlkreis;988;ÖVP;299
G41337;St. Veit im Mühlkreis;988;SPÖ;63
G41337;St. Veit im Mühlkreis;988;FPÖ;100
G41337;St. Veit im Mühlkreis;988;GRÜNE;61
G41337;St. Veit im Mühlkreis;988;NEOS;44
G41337;St. Veit im Mühlkreis;988;KPÖ;0
G41337;St. Veit im Mühlkreis;988;EUROPA;3
G41338;Sarleinsbach;1844;ÖVP;631
G41338;Sarleinsbach;1844;SPÖ;120
G41338;Sarleinsbach;1844;FPÖ;163
G41338;Sarleinsbach;1844;GRÜNE;106
G41338;Sarleinsbach;1844;NEOS;58
G41338;Sarleinsbach;1844;KPÖ;4
G41338;Sarleinsbach;1844;EUROPA;3
G41341;Schwarzenberg am Böhmerwald;457;ÖVP;153
G41341;Schwarzenberg am Böhmerwald;457;SPÖ;38
G41341;Schwarzenberg am Böhmerwald;457;FPÖ;54
G41341;Schwarzenberg am Böhmerwald;457;GRÜNE;13
G41341;Schwarzenberg am Böhmerwald;457;NEOS;6
G41341;Schwarzenberg am Böhmerwald;457;KPÖ;1
G41341;Schwarzenberg am Böhmerwald;457;EUROPA;0
G41342;Ulrichsberg;2351;ÖVP;600
G41342;Ulrichsberg;2351;SPÖ;180
G41342;Ulrichsberg;2351;FPÖ;270
G41342;Ulrichsberg;2351;GRÜNE;117
G41342;Ulrichsberg;2351;NEOS;80
G41342;Ulrichsberg;2351;KPÖ;10
G41342;Ulrichsberg;2351;EUROPA;4
G41343;Aigen-Schlägl;2585;ÖVP;657
G41343;Aigen-Schlägl;2585;SPÖ;191
G41343;Aigen-Schlägl;2585;FPÖ;237
G41343;Aigen-Schlägl;2585;GRÜNE;143
G41343;Aigen-Schlägl;2585;NEOS;61
G41343;Aigen-Schlägl;2585;KPÖ;7
G41343;Aigen-Schlägl;2585;EUROPA;6
G41344;Rohrbach-Berg;4191;ÖVP;1009
G41344;Rohrbach-Berg;4191;SPÖ;307
G41344;Rohrbach-Berg;4191;FPÖ;323
G41344;Rohrbach-Berg;4191;GRÜNE;312
G41344;Rohrbach-Berg;4191;NEOS;171
G41344;Rohrbach-Berg;4191;KPÖ;9
G41344;Rohrbach-Berg;4191;EUROPA;18
G41345;Helfenberg;1270;ÖVP;352
G41345;Helfenberg;1270;SPÖ;130
G41345;Helfenberg;1270;FPÖ;156
G41345;Helfenberg;1270;GRÜNE;74
G41345;Helfenberg;1270;NEOS;42
G41345;Helfenberg;1270;KPÖ;8
G41345;Helfenberg;1270;EUROPA;4
G41346;St. Stefan-Afiesl;909;ÖVP;297
G41346;St. Stefan-Afiesl;909;SPÖ;68
G41346;St. Stefan-Afiesl;909;FPÖ;91
G41346;St. Stefan-Afiesl;909;GRÜNE;52
G41346;St. Stefan-Afiesl;909;NEOS;22
G41346;St. Stefan-Afiesl;909;KPÖ;1
G41346;St. Stefan-Afiesl;909;EUROPA;2
G41399;Wahlkarten - Rohrbach;0;ÖVP;1470
G41399;Wahlkarten - Rohrbach;0;SPÖ;732
G41399;Wahlkarten - Rohrbach;0;FPÖ;524
G41399;Wahlkarten - Rohrbach;0;GRÜNE;622
G41399;Wahlkarten - Rohrbach;0;NEOS;299
G41399;Wahlkarten - Rohrbach;0;KPÖ;37
G41399;Wahlkarten - Rohrbach;0;EUROPA;43
G41401;Altschwendt;542;ÖVP;151
G41401;Altschwendt;542;SPÖ;61
G41401;Altschwendt;542;FPÖ;65
G41401;Altschwendt;542;GRÜNE;33
G41401;Altschwendt;542;NEOS;14
G41401;Altschwendt;542;KPÖ;1
G41401;Altschwendt;542;EUROPA;2
G41402;Andorf;4113;ÖVP;901
G41402;Andorf;4113;SPÖ;469
G41402;Andorf;4113;FPÖ;620
G41402;Andorf;4113;GRÜNE;148
G41402;Andorf;4113;NEOS;120
G41402;Andorf;4113;KPÖ;12
G41402;Andorf;4113;EUROPA;9
G41403;Brunnenthal;1561;ÖVP;340
G41403;Brunnenthal;1561;SPÖ;141
G41403;Brunnenthal;1561;FPÖ;202
G41403;Brunnenthal;1561;GRÜNE;90
G41403;Brunnenthal;1561;NEOS;30
G41403;Brunnenthal;1561;KPÖ;8
G41403;Brunnenthal;1561;EUROPA;2
G41404;Diersbach;1319;ÖVP;311
G41404;Diersbach;1319;SPÖ;123
G41404;Diersbach;1319;FPÖ;190
G41404;Diersbach;1319;GRÜNE;53
G41404;Diersbach;1319;NEOS;35
G41404;Diersbach;1319;KPÖ;2
G41404;Diersbach;1319;EUROPA;3
G41405;Dorf an der Pram;852;ÖVP;280
G41405;Dorf an der Pram;852;SPÖ;55
G41405;Dorf an der Pram;852;FPÖ;79
G41405;Dorf an der Pram;852;GRÜNE;35
G41405;Dorf an der Pram;852;NEOS;25
G41405;Dorf an der Pram;852;KPÖ;2
G41405;Dorf an der Pram;852;EUROPA;3
G41406;Eggerding;1064;ÖVP;330
G41406;Eggerding;1064;SPÖ;60
G41406;Eggerding;1064;FPÖ;131
G41406;Eggerding;1064;GRÜNE;36
G41406;Eggerding;1064;NEOS;31
G41406;Eggerding;1064;KPÖ;2
G41406;Eggerding;1064;EUROPA;2
G41407;Engelhartszell;777;ÖVP;156
G41407;Engelhartszell;777;SPÖ;55
G41407;Engelhartszell;777;FPÖ;67
G41407;Engelhartszell;777;GRÜNE;37
G41407;Engelhartszell;777;NEOS;15
G41407;Engelhartszell;777;KPÖ;3
G41407;Engelhartszell;777;EUROPA;1
G41408;Enzenkirchen;1451;ÖVP;286
G41408;Enzenkirchen;1451;SPÖ;105
G41408;Enzenkirchen;1451;FPÖ;253
G41408;Enzenkirchen;1451;GRÜNE;45
G41408;Enzenkirchen;1451;NEOS;28
G41408;Enzenkirchen;1451;KPÖ;2
G41408;Enzenkirchen;1451;EUROPA;7
G41409;Esternberg;2377;ÖVP;588
G41409;Esternberg;2377;SPÖ;140
G41409;Esternberg;2377;FPÖ;277
G41409;Esternberg;2377;GRÜNE;86
G41409;Esternberg;2377;NEOS;48
G41409;Esternberg;2377;KPÖ;5
G41409;Esternberg;2377;EUROPA;6
G41410;Freinberg;1122;ÖVP;287
G41410;Freinberg;1122;SPÖ;86
G41410;Freinberg;1122;FPÖ;111
G41410;Freinberg;1122;GRÜNE;32
G41410;Freinberg;1122;NEOS;21
G41410;Freinberg;1122;KPÖ;2
G41410;Freinberg;1122;EUROPA;0
G41411;Kopfing im Innkreis;1638;ÖVP;367
G41411;Kopfing im Innkreis;1638;SPÖ;114
G41411;Kopfing im Innkreis;1638;FPÖ;252
G41411;Kopfing im Innkreis;1638;GRÜNE;48
G41411;Kopfing im Innkreis;1638;NEOS;36
G41411;Kopfing im Innkreis;1638;KPÖ;7
G41411;Kopfing im Innkreis;1638;EUROPA;2
G41412;Mayrhof;249;ÖVP;99
G41412;Mayrhof;249;SPÖ;8
G41412;Mayrhof;249;FPÖ;50
G41412;Mayrhof;249;GRÜNE;10
G41412;Mayrhof;249;NEOS;6
G41412;Mayrhof;249;KPÖ;0
G41412;Mayrhof;249;EUROPA;0
G41413;Münzkirchen;2094;ÖVP;501
G41413;Münzkirchen;2094;SPÖ;164
G41413;Münzkirchen;2094;FPÖ;264
G41413;Münzkirchen;2094;GRÜNE;90
G41413;Münzkirchen;2094;NEOS;48
G41413;Münzkirchen;2094;KPÖ;4
G41413;Münzkirchen;2094;EUROPA;5
G41414;Raab;1828;ÖVP;375
G41414;Raab;1828;SPÖ;109
G41414;Raab;1828;FPÖ;295
G41414;Raab;1828;GRÜNE;124
G41414;Raab;1828;NEOS;50
G41414;Raab;1828;KPÖ;4
G41414;Raab;1828;EUROPA;7
G41415;Rainbach im Innkreis;1184;ÖVP;300
G41415;Rainbach im Innkreis;1184;SPÖ;113
G41415;Rainbach im Innkreis;1184;FPÖ;161
G41415;Rainbach im Innkreis;1184;GRÜNE;46
G41415;Rainbach im Innkreis;1184;NEOS;29
G41415;Rainbach im Innkreis;1184;KPÖ;0
G41415;Rainbach im Innkreis;1184;EUROPA;3
G41416;Riedau;1667;ÖVP;240
G41416;Riedau;1667;SPÖ;173
G41416;Riedau;1667;FPÖ;158
G41416;Riedau;1667;GRÜNE;94
G41416;Riedau;1667;NEOS;47
G41416;Riedau;1667;KPÖ;5
G41416;Riedau;1667;EUROPA;3
G41417;Sankt Aegidi;1298;ÖVP;424
G41417;Sankt Aegidi;1298;SPÖ;74
G41417;Sankt Aegidi;1298;FPÖ;185
G41417;Sankt Aegidi;1298;GRÜNE;39
G41417;Sankt Aegidi;1298;NEOS;28
G41417;Sankt Aegidi;1298;KPÖ;2
G41417;Sankt Aegidi;1298;EUROPA;2
G41418;Sankt Florian am Inn;2366;ÖVP;413
G41418;Sankt Florian am Inn;2366;SPÖ;250
G41418;Sankt Florian am Inn;2366;FPÖ;314
G41418;Sankt Florian am Inn;2366;GRÜNE;116
G41418;Sankt Florian am Inn;2366;NEOS;61
G41418;Sankt Florian am Inn;2366;KPÖ;3
G41418;Sankt Florian am Inn;2366;EUROPA;8
G41419;Sankt Marienkirchen bei Schärding;1476;ÖVP;317
G41419;Sankt Marienkirchen bei Schärding;1476;SPÖ;74
G41419;Sankt Marienkirchen bei Schärding;1476;FPÖ;172
G41419;Sankt Marienkirchen bei Schärding;1476;GRÜNE;38
G41419;Sankt Marienkirchen bei Schärding;1476;NEOS;32
G41419;Sankt Marienkirchen bei Schärding;1476;KPÖ;2
G41419;Sankt Marienkirchen bei Schärding;1476;EUROPA;5
G41420;Sankt Roman;1433;ÖVP;386
G41420;Sankt Roman;1433;SPÖ;29
G41420;Sankt Roman;1433;FPÖ;206
G41420;Sankt Roman;1433;GRÜNE;35
G41420;Sankt Roman;1433;NEOS;37
G41420;Sankt Roman;1433;KPÖ;3
G41420;Sankt Roman;1433;EUROPA;1
G41421;Sankt Willibald;941;ÖVP;219
G41421;Sankt Willibald;941;SPÖ;65
G41421;Sankt Willibald;941;FPÖ;149
G41421;Sankt Willibald;941;GRÜNE;36
G41421;Sankt Willibald;941;NEOS;17
G41421;Sankt Willibald;941;KPÖ;4
G41421;Sankt Willibald;941;EUROPA;2
G41422;Schärding;3694;ÖVP;530
G41422;Schärding;3694;SPÖ;441
G41422;Schärding;3694;FPÖ;367
G41422;Schärding;3694;GRÜNE;201
G41422;Schärding;3694;NEOS;76
G41422;Schärding;3694;KPÖ;4
G41422;Schärding;3694;EUROPA;12
G41423;Schardenberg;1751;ÖVP;554
G41423;Schardenberg;1751;SPÖ;79
G41423;Schardenberg;1751;FPÖ;163
G41423;Schardenberg;1751;GRÜNE;74
G41423;Schardenberg;1751;NEOS;39
G41423;Schardenberg;1751;KPÖ;2
G41423;Schardenberg;1751;EUROPA;9
G41424;Sigharting;676;ÖVP;224
G41424;Sigharting;676;SPÖ;38
G41424;Sigharting;676;FPÖ;91
G41424;Sigharting;676;GRÜNE;28
G41424;Sigharting;676;NEOS;23
G41424;Sigharting;676;KPÖ;0
G41424;Sigharting;676;EUROPA;3
G41425;Suben;946;ÖVP;186
G41425;Suben;946;SPÖ;79
G41425;Suben;946;FPÖ;82
G41425;Suben;946;GRÜNE;38
G41425;Suben;946;NEOS;20
G41425;Suben;946;KPÖ;1
G41425;Suben;946;EUROPA;3
G41426;Taufkirchen an der Pram;2295;ÖVP;481
G41426;Taufkirchen an der Pram;2295;SPÖ;232
G41426;Taufkirchen an der Pram;2295;FPÖ;295
G41426;Taufkirchen an der Pram;2295;GRÜNE;90
G41426;Taufkirchen an der Pram;2295;NEOS;73
G41426;Taufkirchen an der Pram;2295;KPÖ;4
G41426;Taufkirchen an der Pram;2295;EUROPA;6
G41427;Vichtenstein;461;ÖVP;132
G41427;Vichtenstein;461;SPÖ;18
G41427;Vichtenstein;461;FPÖ;55
G41427;Vichtenstein;461;GRÜNE;7
G41427;Vichtenstein;461;NEOS;17
G41427;Vichtenstein;461;KPÖ;1
G41427;Vichtenstein;461;EUROPA;2
G41428;Waldkirchen am Wesen;1012;ÖVP;287
G41428;Waldkirchen am Wesen;1012;SPÖ;105
G41428;Waldkirchen am Wesen;1012;FPÖ;123
G41428;Waldkirchen am Wesen;1012;GRÜNE;30
G41428;Waldkirchen am Wesen;1012;NEOS;25
G41428;Waldkirchen am Wesen;1012;KPÖ;3
G41428;Waldkirchen am Wesen;1012;EUROPA;6
G41429;Wernstein am Inn;1208;ÖVP;272
G41429;Wernstein am Inn;1208;SPÖ;126
G41429;Wernstein am Inn;1208;FPÖ;145
G41429;Wernstein am Inn;1208;GRÜNE;52
G41429;Wernstein am Inn;1208;NEOS;32
G41429;Wernstein am Inn;1208;KPÖ;2
G41429;Wernstein am Inn;1208;EUROPA;8
G41430;Zell an der Pram;1565;ÖVP;392
G41430;Zell an der Pram;1565;SPÖ;97
G41430;Zell an der Pram;1565;FPÖ;140
G41430;Zell an der Pram;1565;GRÜNE;107
G41430;Zell an der Pram;1565;NEOS;47
G41430;Zell an der Pram;1565;KPÖ;1
G41430;Zell an der Pram;1565;EUROPA;4
G41499;Wahlkarten - Schärding;0;ÖVP;1486
G41499;Wahlkarten - Schärding;0;SPÖ;738
G41499;Wahlkarten - Schärding;0;FPÖ;615
G41499;Wahlkarten - Schärding;0;GRÜNE;606
G41499;Wahlkarten - Schärding;0;NEOS;239
G41499;Wahlkarten - Schärding;0;KPÖ;23
G41499;Wahlkarten - Schärding;0;EUROPA;32
G41501;Adlwang;1480;ÖVP;363
G41501;Adlwang;1480;SPÖ;95
G41501;Adlwang;1480;FPÖ;146
G41501;Adlwang;1480;GRÜNE;93
G41501;Adlwang;1480;NEOS;41
G41501;Adlwang;1480;KPÖ;1
G41501;Adlwang;1480;EUROPA;10
G41502;Aschach an der Steyr;1907;ÖVP;413
G41502;Aschach an der Steyr;1907;SPÖ;250
G41502;Aschach an der Steyr;1907;FPÖ;181
G41502;Aschach an der Steyr;1907;GRÜNE;152
G41502;Aschach an der Steyr;1907;NEOS;112
G41502;Aschach an der Steyr;1907;KPÖ;6
G41502;Aschach an der Steyr;1907;EUROPA;10
G41503;Bad Hall;4021;ÖVP;677
G41503;Bad Hall;4021;SPÖ;428
G41503;Bad Hall;4021;FPÖ;349
G41503;Bad Hall;4021;GRÜNE;216
G41503;Bad Hall;4021;NEOS;148
G41503;Bad Hall;4021;KPÖ;8
G41503;Bad Hall;4021;EUROPA;13
G41504;Dietach;2498;ÖVP;532
G41504;Dietach;2498;SPÖ;348
G41504;Dietach;2498;FPÖ;203
G41504;Dietach;2498;GRÜNE;207
G41504;Dietach;2498;NEOS;106
G41504;Dietach;2498;KPÖ;3
G41504;Dietach;2498;EUROPA;8
G41505;Gaflenz;1538;ÖVP;403
G41505;Gaflenz;1538;SPÖ;126
G41505;Gaflenz;1538;FPÖ;157
G41505;Gaflenz;1538;GRÜNE;71
G41505;Gaflenz;1538;NEOS;50
G41505;Gaflenz;1538;KPÖ;3
G41505;Gaflenz;1538;EUROPA;2
G41506;Garsten;5218;ÖVP;1057
G41506;Garsten;5218;SPÖ;732
G41506;Garsten;5218;FPÖ;540
G41506;Garsten;5218;GRÜNE;413
G41506;Garsten;5218;NEOS;184
G41506;Garsten;5218;KPÖ;22
G41506;Garsten;5218;EUROPA;26
G41507;Großraming;2165;ÖVP;522
G41507;Großraming;2165;SPÖ;375
G41507;Großraming;2165;FPÖ;190
G41507;Großraming;2165;GRÜNE;115
G41507;Großraming;2165;NEOS;75
G41507;Großraming;2165;KPÖ;10
G41507;Großraming;2165;EUROPA;10
G41508;Laussa;1025;ÖVP;266
G41508;Laussa;1025;SPÖ;122
G41508;Laussa;1025;FPÖ;98
G41508;Laussa;1025;GRÜNE;62
G41508;Laussa;1025;NEOS;31
G41508;Laussa;1025;KPÖ;6
G41508;Laussa;1025;EUROPA;7
G41509;Losenstein;1304;ÖVP;227
G41509;Losenstein;1304;SPÖ;189
G41509;Losenstein;1304;FPÖ;104
G41509;Losenstein;1304;GRÜNE;90
G41509;Losenstein;1304;NEOS;26
G41509;Losenstein;1304;KPÖ;6
G41509;Losenstein;1304;EUROPA;6
G41510;Maria Neustift;1288;ÖVP;417
G41510;Maria Neustift;1288;SPÖ;84
G41510;Maria Neustift;1288;FPÖ;169
G41510;Maria Neustift;1288;GRÜNE;52
G41510;Maria Neustift;1288;NEOS;33
G41510;Maria Neustift;1288;KPÖ;4
G41510;Maria Neustift;1288;EUROPA;4
G41511;Pfarrkirchen bei Bad Hall;1827;ÖVP;344
G41511;Pfarrkirchen bei Bad Hall;1827;SPÖ;239
G41511;Pfarrkirchen bei Bad Hall;1827;FPÖ;183
G41511;Pfarrkirchen bei Bad Hall;1827;GRÜNE;99
G41511;Pfarrkirchen bei Bad Hall;1827;NEOS;51
G41511;Pfarrkirchen bei Bad Hall;1827;KPÖ;6
G41511;Pfarrkirchen bei Bad Hall;1827;EUROPA;2
G41512;Reichraming;1447;ÖVP;180
G41512;Reichraming;1447;SPÖ;362
G41512;Reichraming;1447;FPÖ;134
G41512;Reichraming;1447;GRÜNE;78
G41512;Reichraming;1447;NEOS;40
G41512;Reichraming;1447;KPÖ;2
G41512;Reichraming;1447;EUROPA;5
G41513;Rohr im Kremstal;1084;ÖVP;211
G41513;Rohr im Kremstal;1084;SPÖ;127
G41513;Rohr im Kremstal;1084;FPÖ;109
G41513;Rohr im Kremstal;1084;GRÜNE;70
G41513;Rohr im Kremstal;1084;NEOS;37
G41513;Rohr im Kremstal;1084;KPÖ;2
G41513;Rohr im Kremstal;1084;EUROPA;2
G41514;St. Ulrich bei Steyr;2507;ÖVP;618
G41514;St. Ulrich bei Steyr;2507;SPÖ;313
G41514;St. Ulrich bei Steyr;2507;FPÖ;257
G41514;St. Ulrich bei Steyr;2507;GRÜNE;172
G41514;St. Ulrich bei Steyr;2507;NEOS;86
G41514;St. Ulrich bei Steyr;2507;KPÖ;4
G41514;St. Ulrich bei Steyr;2507;EUROPA;10
G41515;Schiedlberg;995;ÖVP;324
G41515;Schiedlberg;995;SPÖ;83
G41515;Schiedlberg;995;FPÖ;83
G41515;Schiedlberg;995;GRÜNE;46
G41515;Schiedlberg;995;NEOS;35
G41515;Schiedlberg;995;KPÖ;2
G41515;Schiedlberg;995;EUROPA;1
G41516;Sierning;7369;ÖVP;1212
G41516;Sierning;7369;SPÖ;1434
G41516;Sierning;7369;FPÖ;806
G41516;Sierning;7369;GRÜNE;440
G41516;Sierning;7369;NEOS;272
G41516;Sierning;7369;KPÖ;18
G41516;Sierning;7369;EUROPA;36
G41517;Ternberg;2782;ÖVP;568
G41517;Ternberg;2782;SPÖ;367
G41517;Ternberg;2782;FPÖ;261
G41517;Ternberg;2782;GRÜNE;168
G41517;Ternberg;2782;NEOS;77
G41517;Ternberg;2782;KPÖ;5
G41517;Ternberg;2782;EUROPA;14
G41518;Waldneukirchen;1774;ÖVP;448
G41518;Waldneukirchen;1774;SPÖ;190
G41518;Waldneukirchen;1774;FPÖ;217
G41518;Waldneukirchen;1774;GRÜNE;98
G41518;Waldneukirchen;1774;NEOS;87
G41518;Waldneukirchen;1774;KPÖ;3
G41518;Waldneukirchen;1774;EUROPA;6
G41521;Wolfern;2594;ÖVP;659
G41521;Wolfern;2594;SPÖ;300
G41521;Wolfern;2594;FPÖ;266
G41521;Wolfern;2594;GRÜNE;150
G41521;Wolfern;2594;NEOS;73
G41521;Wolfern;2594;KPÖ;6
G41521;Wolfern;2594;EUROPA;9
G41522;Weyer;3412;ÖVP;615
G41522;Weyer;3412;SPÖ;528
G41522;Weyer;3412;FPÖ;310
G41522;Weyer;3412;GRÜNE;204
G41522;Weyer;3412;NEOS;118
G41522;Weyer;3412;KPÖ;9
G41522;Weyer;3412;EUROPA;6
G41599;Wahlkarten - Steyr-Land;0;ÖVP;1563
G41599;Wahlkarten - Steyr-Land;0;SPÖ;1416
G41599;Wahlkarten - Steyr-Land;0;FPÖ;669
G41599;Wahlkarten - Steyr-Land;0;GRÜNE;822
G41599;Wahlkarten - Steyr-Land;0;NEOS;376
G41599;Wahlkarten - Steyr-Land;0;KPÖ;36
G41599;Wahlkarten - Steyr-Land;0;EUROPA;43
G41601;Alberndorf in der Riedmark;3294;ÖVP;764
G41601;Alberndorf in der Riedmark;3294;SPÖ;339
G41601;Alberndorf in der Riedmark;3294;FPÖ;344
G41601;Alberndorf in der Riedmark;3294;GRÜNE;212
G41601;Alberndorf in der Riedmark;3294;NEOS;117
G41601;Alberndorf in der Riedmark;3294;KPÖ;19
G41601;Alberndorf in der Riedmark;3294;EUROPA;20
G41602;Altenberg bei Linz;3650;ÖVP;1032
G41602;Altenberg bei Linz;3650;SPÖ;361
G41602;Altenberg bei Linz;3650;FPÖ;331
G41602;Altenberg bei Linz;3650;GRÜNE;325
G41602;Altenberg bei Linz;3650;NEOS;217
G41602;Altenberg bei Linz;3650;KPÖ;11
G41602;Altenberg bei Linz;3650;EUROPA;23
G41603;Bad Leonfelden;3347;ÖVP;900
G41603;Bad Leonfelden;3347;SPÖ;263
G41603;Bad Leonfelden;3347;FPÖ;317
G41603;Bad Leonfelden;3347;GRÜNE;217
G41603;Bad Leonfelden;3347;NEOS;123
G41603;Bad Leonfelden;3347;KPÖ;9
G41603;Bad Leonfelden;3347;EUROPA;15
G41604;Eidenberg;1708;ÖVP;533
G41604;Eidenberg;1708;SPÖ;152
G41604;Eidenberg;1708;FPÖ;111
G41604;Eidenberg;1708;GRÜNE;134
G41604;Eidenberg;1708;NEOS;78
G41604;Eidenberg;1708;KPÖ;7
G41604;Eidenberg;1708;EUROPA;5
G41605;Engerwitzdorf;7069;ÖVP;1388
G41605;Engerwitzdorf;7069;SPÖ;933
G41605;Engerwitzdorf;7069;FPÖ;643
G41605;Engerwitzdorf;7069;GRÜNE;677
G41605;Engerwitzdorf;7069;NEOS;330
G41605;Engerwitzdorf;7069;KPÖ;24
G41605;Engerwitzdorf;7069;EUROPA;47
G41606;Feldkirchen an der Donau;4414;ÖVP;865
G41606;Feldkirchen an der Donau;4414;SPÖ;622
G41606;Feldkirchen an der Donau;4414;FPÖ;434
G41606;Feldkirchen an der Donau;4414;GRÜNE;335
G41606;Feldkirchen an der Donau;4414;NEOS;148
G41606;Feldkirchen an der Donau;4414;KPÖ;10
G41606;Feldkirchen an der Donau;4414;EUROPA;15
G41607;Gallneukirchen;5191;ÖVP;794
G41607;Gallneukirchen;5191;SPÖ;838
G41607;Gallneukirchen;5191;FPÖ;348
G41607;Gallneukirchen;5191;GRÜNE;607
G41607;Gallneukirchen;5191;NEOS;284
G41607;Gallneukirchen;5191;KPÖ;21
G41607;Gallneukirchen;5191;EUROPA;21
G41608;Goldwörth;693;ÖVP;173
G41608;Goldwörth;693;SPÖ;84
G41608;Goldwörth;693;FPÖ;54
G41608;Goldwörth;693;GRÜNE;46
G41608;Goldwörth;693;NEOS;21
G41608;Goldwörth;693;KPÖ;2
G41608;Goldwörth;693;EUROPA;1
G41609;Gramastetten;4168;ÖVP;980
G41609;Gramastetten;4168;SPÖ;402
G41609;Gramastetten;4168;FPÖ;271
G41609;Gramastetten;4168;GRÜNE;402
G41609;Gramastetten;4168;NEOS;231
G41609;Gramastetten;4168;KPÖ;14
G41609;Gramastetten;4168;EUROPA;27
G41610;Haibach im Mühlkreis;751;ÖVP;208
G41610;Haibach im Mühlkreis;751;SPÖ;73
G41610;Haibach im Mühlkreis;751;FPÖ;70
G41610;Haibach im Mühlkreis;751;GRÜNE;55
G41610;Haibach im Mühlkreis;751;NEOS;21
G41610;Haibach im Mühlkreis;751;KPÖ;1
G41610;Haibach im Mühlkreis;751;EUROPA;6
G41611;Hellmonsödt;1912;ÖVP;387
G41611;Hellmonsödt;1912;SPÖ;213
G41611;Hellmonsödt;1912;FPÖ;167
G41611;Hellmonsödt;1912;GRÜNE;167
G41611;Hellmonsödt;1912;NEOS;87
G41611;Hellmonsödt;1912;KPÖ;9
G41611;Hellmonsödt;1912;EUROPA;1
G41612;Herzogsdorf;2132;ÖVP;569
G41612;Herzogsdorf;2132;SPÖ;162
G41612;Herzogsdorf;2132;FPÖ;208
G41612;Herzogsdorf;2132;GRÜNE;117
G41612;Herzogsdorf;2132;NEOS;73
G41612;Herzogsdorf;2132;KPÖ;4
G41612;Herzogsdorf;2132;EUROPA;6
G41613;Kirchschlag bei Linz;1728;ÖVP;403
G41613;Kirchschlag bei Linz;1728;SPÖ;149
G41613;Kirchschlag bei Linz;1728;FPÖ;147
G41613;Kirchschlag bei Linz;1728;GRÜNE;178
G41613;Kirchschlag bei Linz;1728;NEOS;94
G41613;Kirchschlag bei Linz;1728;KPÖ;1
G41613;Kirchschlag bei Linz;1728;EUROPA;8
G41614;Lichtenberg;2190;ÖVP;520
G41614;Lichtenberg;2190;SPÖ;275
G41614;Lichtenberg;2190;FPÖ;144
G41614;Lichtenberg;2190;GRÜNE;246
G41614;Lichtenberg;2190;NEOS;156
G41614;Lichtenberg;2190;KPÖ;8
G41614;Lichtenberg;2190;EUROPA;13
G41615;Oberneukirchen;2589;ÖVP;640
G41615;Oberneukirchen;2589;SPÖ;248
G41615;Oberneukirchen;2589;FPÖ;217
G41615;Oberneukirchen;2589;GRÜNE;216
G41615;Oberneukirchen;2589;NEOS;100
G41615;Oberneukirchen;2589;KPÖ;4
G41615;Oberneukirchen;2589;EUROPA;9
G41616;Ottenschlag im Mühlkreis;433;ÖVP;115
G41616;Ottenschlag im Mühlkreis;433;SPÖ;50
G41616;Ottenschlag im Mühlkreis;433;FPÖ;49
G41616;Ottenschlag im Mühlkreis;433;GRÜNE;10
G41616;Ottenschlag im Mühlkreis;433;NEOS;11
G41616;Ottenschlag im Mühlkreis;433;KPÖ;3
G41616;Ottenschlag im Mühlkreis;433;EUROPA;2
G41617;Ottensheim;3754;ÖVP;718
G41617;Ottensheim;3754;SPÖ;439
G41617;Ottensheim;3754;FPÖ;213
G41617;Ottensheim;3754;GRÜNE;604
G41617;Ottensheim;3754;NEOS;205
G41617;Ottensheim;3754;KPÖ;18
G41617;Ottensheim;3754;EUROPA;17
G41618;Puchenau;3655;ÖVP;637
G41618;Puchenau;3655;SPÖ;470
G41618;Puchenau;3655;FPÖ;250
G41618;Puchenau;3655;GRÜNE;479
G41618;Puchenau;3655;NEOS;215
G41618;Puchenau;3655;KPÖ;14
G41618;Puchenau;3655;EUROPA;20
G41619;Reichenau im Mühlkreis;1032;ÖVP;270
G41619;Reichenau im Mühlkreis;1032;SPÖ;126
G41619;Reichenau im Mühlkreis;1032;FPÖ;95
G41619;Reichenau im Mühlkreis;1032;GRÜNE;60
G41619;Reichenau im Mühlkreis;1032;NEOS;37
G41619;Reichenau im Mühlkreis;1032;KPÖ;2
G41619;Reichenau im Mühlkreis;1032;EUROPA;8
G41620;Reichenthal;1197;ÖVP;346
G41620;Reichenthal;1197;SPÖ;133
G41620;Reichenthal;1197;FPÖ;99
G41620;Reichenthal;1197;GRÜNE;74
G41620;Reichenthal;1197;NEOS;44
G41620;Reichenthal;1197;KPÖ;6
G41620;Reichenthal;1197;EUROPA;2
G41621;Sankt Gotthard im Mühlkreis;1074;ÖVP;232
G41621;Sankt Gotthard im Mühlkreis;1074;SPÖ;158
G41621;Sankt Gotthard im Mühlkreis;1074;FPÖ;89
G41621;Sankt Gotthard im Mühlkreis;1074;GRÜNE;80
G41621;Sankt Gotthard im Mühlkreis;1074;NEOS;50
G41621;Sankt Gotthard im Mühlkreis;1074;KPÖ;2
G41621;Sankt Gotthard im Mühlkreis;1074;EUROPA;3
G41622;Schenkenfelden;1306;ÖVP;387
G41622;Schenkenfelden;1306;SPÖ;113
G41622;Schenkenfelden;1306;FPÖ;107
G41622;Schenkenfelden;1306;GRÜNE;61
G41622;Schenkenfelden;1306;NEOS;40
G41622;Schenkenfelden;1306;KPÖ;4
G41622;Schenkenfelden;1306;EUROPA;5
G41623;Sonnberg im Mühlkreis;788;ÖVP;189
G41623;Sonnberg im Mühlkreis;788;SPÖ;77
G41623;Sonnberg im Mühlkreis;788;FPÖ;62
G41623;Sonnberg im Mühlkreis;788;GRÜNE;67
G41623;Sonnberg im Mühlkreis;788;NEOS;37
G41623;Sonnberg im Mühlkreis;788;KPÖ;1
G41623;Sonnberg im Mühlkreis;788;EUROPA;2
G41624;Steyregg;3877;ÖVP;651
G41624;Steyregg;3877;SPÖ;643
G41624;Steyregg;3877;FPÖ;349
G41624;Steyregg;3877;GRÜNE;269
G41624;Steyregg;3877;NEOS;162
G41624;Steyregg;3877;KPÖ;14
G41624;Steyregg;3877;EUROPA;21
G41626;Walding;3369;ÖVP;641
G41626;Walding;3369;SPÖ;489
G41626;Walding;3369;FPÖ;236
G41626;Walding;3369;GRÜNE;318
G41626;Walding;3369;NEOS;131
G41626;Walding;3369;KPÖ;12
G41626;Walding;3369;EUROPA;13
G41627;Zwettl an der Rodl;1375;ÖVP;362
G41627;Zwettl an der Rodl;1375;SPÖ;157
G41627;Zwettl an der Rodl;1375;FPÖ;108
G41627;Zwettl an der Rodl;1375;GRÜNE;180
G41627;Zwettl an der Rodl;1375;NEOS;44
G41627;Zwettl an der Rodl;1375;KPÖ;8
G41627;Zwettl an der Rodl;1375;EUROPA;2
G41628;Vorderweißenbach;2151;ÖVP;655
G41628;Vorderweißenbach;2151;SPÖ;187
G41628;Vorderweißenbach;2151;FPÖ;179
G41628;Vorderweißenbach;2151;GRÜNE;115
G41628;Vorderweißenbach;2151;NEOS;44
G41628;Vorderweißenbach;2151;KPÖ;4
G41628;Vorderweißenbach;2151;EUROPA;9
G41699;Wahlkarten - Urfahr-Umgebung;0;ÖVP;2439
G41699;Wahlkarten - Urfahr-Umgebung;0;SPÖ;2064
G41699;Wahlkarten - Urfahr-Umgebung;0;FPÖ;840
G41699;Wahlkarten - Urfahr-Umgebung;0;GRÜNE;1716
G41699;Wahlkarten - Urfahr-Umgebung;0;NEOS;700
G41699;Wahlkarten - Urfahr-Umgebung;0;KPÖ;72
G41699;Wahlkarten - Urfahr-Umgebung;0;EUROPA;94
G41701;Ampflwang im Hausruckwald;2570;ÖVP;356
G41701;Ampflwang im Hausruckwald;2570;SPÖ;589
G41701;Ampflwang im Hausruckwald;2570;FPÖ;252
G41701;Ampflwang im Hausruckwald;2570;GRÜNE;96
G41701;Ampflwang im Hausruckwald;2570;NEOS;66
G41701;Ampflwang im Hausruckwald;2570;KPÖ;8
G41701;Ampflwang im Hausruckwald;2570;EUROPA;9
G41702;Attersee am Attersee;1286;ÖVP;287
G41702;Attersee am Attersee;1286;SPÖ;130
G41702;Attersee am Attersee;1286;FPÖ;99
G41702;Attersee am Attersee;1286;GRÜNE;112
G41702;Attersee am Attersee;1286;NEOS;75
G41702;Attersee am Attersee;1286;KPÖ;3
G41702;Attersee am Attersee;1286;EUROPA;3
G41703;Attnang-Puchheim;5661;ÖVP;701
G41703;Attnang-Puchheim;5661;SPÖ;900
G41703;Attnang-Puchheim;5661;FPÖ;526
G41703;Attnang-Puchheim;5661;GRÜNE;280
G41703;Attnang-Puchheim;5661;NEOS;99
G41703;Attnang-Puchheim;5661;KPÖ;18
G41703;Attnang-Puchheim;5661;EUROPA;15
G41704;Atzbach;969;ÖVP;283
G41704;Atzbach;969;SPÖ;54
G41704;Atzbach;969;FPÖ;128
G41704;Atzbach;969;GRÜNE;71
G41704;Atzbach;969;NEOS;36
G41704;Atzbach;969;KPÖ;2
G41704;Atzbach;969;EUROPA;1
G41705;Aurach am Hongar;1376;ÖVP;259
G41705;Aurach am Hongar;1376;SPÖ;182
G41705;Aurach am Hongar;1376;FPÖ;197
G41705;Aurach am Hongar;1376;GRÜNE;43
G41705;Aurach am Hongar;1376;NEOS;40
G41705;Aurach am Hongar;1376;KPÖ;1
G41705;Aurach am Hongar;1376;EUROPA;8
G41706;Berg im Attergau;828;ÖVP;299
G41706;Berg im Attergau;828;SPÖ;54
G41706;Berg im Attergau;828;FPÖ;97
G41706;Berg im Attergau;828;GRÜNE;37
G41706;Berg im Attergau;828;NEOS;18
G41706;Berg im Attergau;828;KPÖ;0
G41706;Berg im Attergau;828;EUROPA;1
G41707;Desselbrunn;1412;ÖVP;317
G41707;Desselbrunn;1412;SPÖ;188
G41707;Desselbrunn;1412;FPÖ;149
G41707;Desselbrunn;1412;GRÜNE;70
G41707;Desselbrunn;1412;NEOS;32
G41707;Desselbrunn;1412;KPÖ;5
G41707;Desselbrunn;1412;EUROPA;4
G41708;Fornach;763;ÖVP;276
G41708;Fornach;763;SPÖ;53
G41708;Fornach;763;FPÖ;69
G41708;Fornach;763;GRÜNE;31
G41708;Fornach;763;NEOS;17
G41708;Fornach;763;KPÖ;3
G41708;Fornach;763;EUROPA;3
G41709;Frankenburg am Hausruck;4014;ÖVP;763
G41709;Frankenburg am Hausruck;4014;SPÖ;585
G41709;Frankenburg am Hausruck;4014;FPÖ;483
G41709;Frankenburg am Hausruck;4014;GRÜNE;195
G41709;Frankenburg am Hausruck;4014;NEOS;106
G41709;Frankenburg am Hausruck;4014;KPÖ;7
G41709;Frankenburg am Hausruck;4014;EUROPA;7
G41710;Frankenmarkt;2690;ÖVP;577
G41710;Frankenmarkt;2690;SPÖ;278
G41710;Frankenmarkt;2690;FPÖ;288
G41710;Frankenmarkt;2690;GRÜNE;148
G41710;Frankenmarkt;2690;NEOS;62
G41710;Frankenmarkt;2690;KPÖ;13
G41710;Frankenmarkt;2690;EUROPA;17
G41711;Gampern;2335;ÖVP;547
G41711;Gampern;2335;SPÖ;240
G41711;Gampern;2335;FPÖ;240
G41711;Gampern;2335;GRÜNE;213
G41711;Gampern;2335;NEOS;80
G41711;Gampern;2335;KPÖ;6
G41711;Gampern;2335;EUROPA;13
G41712;Innerschwand am Mondsee;921;ÖVP;294
G41712;Innerschwand am Mondsee;921;SPÖ;39
G41712;Innerschwand am Mondsee;921;FPÖ;52
G41712;Innerschwand am Mondsee;921;GRÜNE;66
G41712;Innerschwand am Mondsee;921;NEOS;24
G41712;Innerschwand am Mondsee;921;KPÖ;2
G41712;Innerschwand am Mondsee;921;EUROPA;2
G41713;Lenzing;3928;ÖVP;426
G41713;Lenzing;3928;SPÖ;787
G41713;Lenzing;3928;FPÖ;458
G41713;Lenzing;3928;GRÜNE;191
G41713;Lenzing;3928;NEOS;119
G41713;Lenzing;3928;KPÖ;9
G41713;Lenzing;3928;EUROPA;19
G41714;Manning;653;ÖVP;168
G41714;Manning;653;SPÖ;68
G41714;Manning;653;FPÖ;54
G41714;Manning;653;GRÜNE;45
G41714;Manning;653;NEOS;17
G41714;Manning;653;KPÖ;4
G41714;Manning;653;EUROPA;4
G41715;Mondsee;2622;ÖVP;446
G41715;Mondsee;2622;SPÖ;153
G41715;Mondsee;2622;FPÖ;190
G41715;Mondsee;2622;GRÜNE;221
G41715;Mondsee;2622;NEOS;115
G41715;Mondsee;2622;KPÖ;6
G41715;Mondsee;2622;EUROPA;7
G41716;Neukirchen an der Vöckla;2126;ÖVP;546
G41716;Neukirchen an der Vöckla;2126;SPÖ;238
G41716;Neukirchen an der Vöckla;2126;FPÖ;266
G41716;Neukirchen an der Vöckla;2126;GRÜNE;174
G41716;Neukirchen an der Vöckla;2126;NEOS;60
G41716;Neukirchen an der Vöckla;2126;KPÖ;3
G41716;Neukirchen an der Vöckla;2126;EUROPA;10
G41717;Niederthalheim;849;ÖVP;229
G41717;Niederthalheim;849;SPÖ;64
G41717;Niederthalheim;849;FPÖ;94
G41717;Niederthalheim;849;GRÜNE;53
G41717;Niederthalheim;849;NEOS;37
G41717;Niederthalheim;849;KPÖ;1
G41717;Niederthalheim;849;EUROPA;14
G41718;Nußdorf am Attersee;896;ÖVP;247
G41718;Nußdorf am Attersee;896;SPÖ;45
G41718;Nußdorf am Attersee;896;FPÖ;92
G41718;Nußdorf am Attersee;896;GRÜNE;43
G41718;Nußdorf am Attersee;896;NEOS;41
G41718;Nußdorf am Attersee;896;KPÖ;2
G41718;Nußdorf am Attersee;896;EUROPA;2
G41719;Oberhofen am Irrsee;1278;ÖVP;340
G41719;Oberhofen am Irrsee;1278;SPÖ;108
G41719;Oberhofen am Irrsee;1278;FPÖ;106
G41719;Oberhofen am Irrsee;1278;GRÜNE;71
G41719;Oberhofen am Irrsee;1278;NEOS;40
G41719;Oberhofen am Irrsee;1278;KPÖ;1
G41719;Oberhofen am Irrsee;1278;EUROPA;6
G41720;Oberndorf bei Schwanenstadt;1095;ÖVP;202
G41720;Oberndorf bei Schwanenstadt;1095;SPÖ;130
G41720;Oberndorf bei Schwanenstadt;1095;FPÖ;132
G41720;Oberndorf bei Schwanenstadt;1095;GRÜNE;74
G41720;Oberndorf bei Schwanenstadt;1095;NEOS;40
G41720;Oberndorf bei Schwanenstadt;1095;KPÖ;1
G41720;Oberndorf bei Schwanenstadt;1095;EUROPA;3
G41721;Oberwang;1374;ÖVP;442
G41721;Oberwang;1374;SPÖ;43
G41721;Oberwang;1374;FPÖ;149
G41721;Oberwang;1374;GRÜNE;36
G41721;Oberwang;1374;NEOS;29
G41721;Oberwang;1374;KPÖ;2
G41721;Oberwang;1374;EUROPA;2
G41722;Ottnang am Hausruck;3044;ÖVP;515
G41722;Ottnang am Hausruck;3044;SPÖ;385
G41722;Ottnang am Hausruck;3044;FPÖ;378
G41722;Ottnang am Hausruck;3044;GRÜNE;154
G41722;Ottnang am Hausruck;3044;NEOS;70
G41722;Ottnang am Hausruck;3044;KPÖ;3
G41722;Ottnang am Hausruck;3044;EUROPA;17
G41723;Pfaffing;1180;ÖVP;232
G41723;Pfaffing;1180;SPÖ;146
G41723;Pfaffing;1180;FPÖ;108
G41723;Pfaffing;1180;GRÜNE;64
G41723;Pfaffing;1180;NEOS;34
G41723;Pfaffing;1180;KPÖ;1
G41723;Pfaffing;1180;EUROPA;6
G41724;Pilsbach;531;ÖVP;149
G41724;Pilsbach;531;SPÖ;91
G41724;Pilsbach;531;FPÖ;37
G41724;Pilsbach;531;GRÜNE;37
G41724;Pilsbach;531;NEOS;16
G41724;Pilsbach;531;KPÖ;0
G41724;Pilsbach;531;EUROPA;2
G41725;Pitzenberg;442;ÖVP;122
G41725;Pitzenberg;442;SPÖ;34
G41725;Pitzenberg;442;FPÖ;50
G41725;Pitzenberg;442;GRÜNE;36
G41725;Pitzenberg;442;NEOS;9
G41725;Pitzenberg;442;KPÖ;1
G41725;Pitzenberg;442;EUROPA;2
G41726;Pöndorf;1876;ÖVP;410
G41726;Pöndorf;1876;SPÖ;179
G41726;Pöndorf;1876;FPÖ;203
G41726;Pöndorf;1876;GRÜNE;62
G41726;Pöndorf;1876;NEOS;31
G41726;Pöndorf;1876;KPÖ;5
G41726;Pöndorf;1876;EUROPA;2
G41727;Puchkirchen am Trattberg;818;ÖVP;223
G41727;Puchkirchen am Trattberg;818;SPÖ;73
G41727;Puchkirchen am Trattberg;818;FPÖ;56
G41727;Puchkirchen am Trattberg;818;GRÜNE;55
G41727;Puchkirchen am Trattberg;818;NEOS;47
G41727;Puchkirchen am Trattberg;818;KPÖ;4
G41727;Puchkirchen am Trattberg;818;EUROPA;8
G41728;Pühret;491;ÖVP;131
G41728;Pühret;491;SPÖ;54
G41728;Pühret;491;FPÖ;69
G41728;Pühret;491;GRÜNE;29
G41728;Pühret;491;NEOS;9
G41728;Pühret;491;KPÖ;0
G41728;Pühret;491;EUROPA;5
G41729;Redleiten;404;ÖVP;90
G41729;Redleiten;404;SPÖ;38
G41729;Redleiten;404;FPÖ;72
G41729;Redleiten;404;GRÜNE;16
G41729;Redleiten;404;NEOS;11
G41729;Redleiten;404;KPÖ;1
G41729;Redleiten;404;EUROPA;0
G41730;Redlham;1290;ÖVP;235
G41730;Redlham;1290;SPÖ;184
G41730;Redlham;1290;FPÖ;139
G41730;Redlham;1290;GRÜNE;89
G41730;Redlham;1290;NEOS;41
G41730;Redlham;1290;KPÖ;7
G41730;Redlham;1290;EUROPA;9
G41731;Regau;5054;ÖVP;947
G41731;Regau;5054;SPÖ;619
G41731;Regau;5054;FPÖ;644
G41731;Regau;5054;GRÜNE;391
G41731;Regau;5054;NEOS;168
G41731;Regau;5054;KPÖ;10
G41731;Regau;5054;EUROPA;33
G41732;Rüstorf;1681;ÖVP;277
G41732;Rüstorf;1681;SPÖ;207
G41732;Rüstorf;1681;FPÖ;172
G41732;Rüstorf;1681;GRÜNE;84
G41732;Rüstorf;1681;NEOS;60
G41732;Rüstorf;1681;KPÖ;4
G41732;Rüstorf;1681;EUROPA;13
G41733;Rutzenham;225;ÖVP;66
G41733;Rutzenham;225;SPÖ;14
G41733;Rutzenham;225;FPÖ;26
G41733;Rutzenham;225;GRÜNE;28
G41733;Rutzenham;225;NEOS;12
G41733;Rutzenham;225;KPÖ;8
G41733;Rutzenham;225;EUROPA;0
G41734;St. Georgen im Attergau;3192;ÖVP;637
G41734;St. Georgen im Attergau;3192;SPÖ;228
G41734;St. Georgen im Attergau;3192;FPÖ;368
G41734;St. Georgen im Attergau;3192;GRÜNE;192
G41734;St. Georgen im Attergau;3192;NEOS;111
G41734;St. Georgen im Attergau;3192;KPÖ;12
G41734;St. Georgen im Attergau;3192;EUROPA;12
G41735;St. Lorenz;1911;ÖVP;427
G41735;St. Lorenz;1911;SPÖ;88
G41735;St. Lorenz;1911;FPÖ;136
G41735;St. Lorenz;1911;GRÜNE;121
G41735;St. Lorenz;1911;NEOS;79
G41735;St. Lorenz;1911;KPÖ;2
G41735;St. Lorenz;1911;EUROPA;17
G41736;Schlatt;1090;ÖVP;221
G41736;Schlatt;1090;SPÖ;115
G41736;Schlatt;1090;FPÖ;106
G41736;Schlatt;1090;GRÜNE;55
G41736;Schlatt;1090;NEOS;47
G41736;Schlatt;1090;KPÖ;2
G41736;Schlatt;1090;EUROPA;1
G41737;Schörfling am Attersee;2731;ÖVP;435
G41737;Schörfling am Attersee;2731;SPÖ;353
G41737;Schörfling am Attersee;2731;FPÖ;223
G41737;Schörfling am Attersee;2731;GRÜNE;208
G41737;Schörfling am Attersee;2731;NEOS;81
G41737;Schörfling am Attersee;2731;KPÖ;12
G41737;Schörfling am Attersee;2731;EUROPA;12
G41738;Schwanenstadt;2984;ÖVP;466
G41738;Schwanenstadt;2984;SPÖ;386
G41738;Schwanenstadt;2984;FPÖ;332
G41738;Schwanenstadt;2984;GRÜNE;207
G41738;Schwanenstadt;2984;NEOS;66
G41738;Schwanenstadt;2984;KPÖ;8
G41738;Schwanenstadt;2984;EUROPA;7
G41739;Seewalchen am Attersee;4511;ÖVP;753
G41739;Seewalchen am Attersee;4511;SPÖ;592
G41739;Seewalchen am Attersee;4511;FPÖ;446
G41739;Seewalchen am Attersee;4511;GRÜNE;344
G41739;Seewalchen am Attersee;4511;NEOS;214
G41739;Seewalchen am Attersee;4511;KPÖ;11
G41739;Seewalchen am Attersee;4511;EUROPA;26
G41740;Steinbach am Attersee;693;ÖVP;201
G41740;Steinbach am Attersee;693;SPÖ;66
G41740;Steinbach am Attersee;693;FPÖ;36
G41740;Steinbach am Attersee;693;GRÜNE;62
G41740;Steinbach am Attersee;693;NEOS;36
G41740;Steinbach am Attersee;693;KPÖ;2
G41740;Steinbach am Attersee;693;EUROPA;3
G41741;Straß im Attergau;1175;ÖVP;287
G41741;Straß im Attergau;1175;SPÖ;63
G41741;Straß im Attergau;1175;FPÖ;134
G41741;Straß im Attergau;1175;GRÜNE;54
G41741;Straß im Attergau;1175;NEOS;31
G41741;Straß im Attergau;1175;KPÖ;0
G41741;Straß im Attergau;1175;EUROPA;3
G41742;Tiefgraben;2978;ÖVP;722
G41742;Tiefgraben;2978;SPÖ;129
G41742;Tiefgraben;2978;FPÖ;200
G41742;Tiefgraben;2978;GRÜNE;165
G41742;Tiefgraben;2978;NEOS;133
G41742;Tiefgraben;2978;KPÖ;7
G41742;Tiefgraben;2978;EUROPA;10
G41743;Timelkam;4410;ÖVP;730
G41743;Timelkam;4410;SPÖ;638
G41743;Timelkam;4410;FPÖ;373
G41743;Timelkam;4410;GRÜNE;298
G41743;Timelkam;4410;NEOS;134
G41743;Timelkam;4410;KPÖ;13
G41743;Timelkam;4410;EUROPA;25
G41744;Ungenach;1183;ÖVP;324
G41744;Ungenach;1183;SPÖ;80
G41744;Ungenach;1183;FPÖ;98
G41744;Ungenach;1183;GRÜNE;115
G41744;Ungenach;1183;NEOS;46
G41744;Ungenach;1183;KPÖ;3
G41744;Ungenach;1183;EUROPA;3
G41745;Unterach am Attersee;1153;ÖVP;234
G41745;Unterach am Attersee;1153;SPÖ;95
G41745;Unterach am Attersee;1153;FPÖ;61
G41745;Unterach am Attersee;1153;GRÜNE;63
G41745;Unterach am Attersee;1153;NEOS;32
G41745;Unterach am Attersee;1153;KPÖ;3
G41745;Unterach am Attersee;1153;EUROPA;2
G41746;Vöcklabruck;8967;ÖVP;1456
G41746;Vöcklabruck;8967;SPÖ;1182
G41746;Vöcklabruck;8967;FPÖ;742
G41746;Vöcklabruck;8967;GRÜNE;740
G41746;Vöcklabruck;8967;NEOS;359
G41746;Vöcklabruck;8967;KPÖ;37
G41746;Vöcklabruck;8967;EUROPA;51
G41747;Vöcklamarkt;3774;ÖVP;808
G41747;Vöcklamarkt;3774;SPÖ;398
G41747;Vöcklamarkt;3774;FPÖ;406
G41747;Vöcklamarkt;3774;GRÜNE;247
G41747;Vöcklamarkt;3774;NEOS;127
G41747;Vöcklamarkt;3774;KPÖ;9
G41747;Vöcklamarkt;3774;EUROPA;18
G41748;Weißenkirchen im Attergau;781;ÖVP;262
G41748;Weißenkirchen im Attergau;781;SPÖ;34
G41748;Weißenkirchen im Attergau;781;FPÖ;82
G41748;Weißenkirchen im Attergau;781;GRÜNE;36
G41748;Weißenkirchen im Attergau;781;NEOS;21
G41748;Weißenkirchen im Attergau;781;KPÖ;1
G41748;Weißenkirchen im Attergau;781;EUROPA;2
G41749;Weyregg am Attersee;1302;ÖVP;262
G41749;Weyregg am Attersee;1302;SPÖ;126
G41749;Weyregg am Attersee;1302;FPÖ;102
G41749;Weyregg am Attersee;1302;GRÜNE;104
G41749;Weyregg am Attersee;1302;NEOS;47
G41749;Weyregg am Attersee;1302;KPÖ;2
G41749;Weyregg am Attersee;1302;EUROPA;2
G41750;Wolfsegg am Hausruck;1510;ÖVP;301
G41750;Wolfsegg am Hausruck;1510;SPÖ;204
G41750;Wolfsegg am Hausruck;1510;FPÖ;121
G41750;Wolfsegg am Hausruck;1510;GRÜNE;114
G41750;Wolfsegg am Hausruck;1510;NEOS;44
G41750;Wolfsegg am Hausruck;1510;KPÖ;10
G41750;Wolfsegg am Hausruck;1510;EUROPA;7
G41751;Zell am Moos;1232;ÖVP;336
G41751;Zell am Moos;1232;SPÖ;73
G41751;Zell am Moos;1232;FPÖ;107
G41751;Zell am Moos;1232;GRÜNE;73
G41751;Zell am Moos;1232;NEOS;55
G41751;Zell am Moos;1232;KPÖ;4
G41751;Zell am Moos;1232;EUROPA;11
G41752;Zell am Pettenfirst;1012;ÖVP;239
G41752;Zell am Pettenfirst;1012;SPÖ;90
G41752;Zell am Pettenfirst;1012;FPÖ;84
G41752;Zell am Pettenfirst;1012;GRÜNE;80
G41752;Zell am Pettenfirst;1012;NEOS;35
G41752;Zell am Pettenfirst;1012;KPÖ;3
G41752;Zell am Pettenfirst;1012;EUROPA;5
G41799;Wahlkarten - Vöcklabruck;0;ÖVP;3086
G41799;Wahlkarten - Vöcklabruck;0;SPÖ;2477
G41799;Wahlkarten - Vöcklabruck;0;FPÖ;1348
G41799;Wahlkarten - Vöcklabruck;0;GRÜNE;1880
G41799;Wahlkarten - Vöcklabruck;0;NEOS;837
G41799;Wahlkarten - Vöcklabruck;0;KPÖ;69
G41799;Wahlkarten - Vöcklabruck;0;EUROPA;116
G41801;Aichkirchen;451;ÖVP;146
G41801;Aichkirchen;451;SPÖ;17
G41801;Aichkirchen;451;FPÖ;56
G41801;Aichkirchen;451;GRÜNE;24
G41801;Aichkirchen;451;NEOS;20
G41801;Aichkirchen;451;KPÖ;0
G41801;Aichkirchen;451;EUROPA;0
G41802;Bachmanning;505;ÖVP;124
G41802;Bachmanning;505;SPÖ;52
G41802;Bachmanning;505;FPÖ;66
G41802;Bachmanning;505;GRÜNE;40
G41802;Bachmanning;505;NEOS;17
G41802;Bachmanning;505;KPÖ;1
G41802;Bachmanning;505;EUROPA;0
G41803;Bad Wimsbach-Neydharting;2014;ÖVP;526
G41803;Bad Wimsbach-Neydharting;2014;SPÖ;251
G41803;Bad Wimsbach-Neydharting;2014;FPÖ;206
G41803;Bad Wimsbach-Neydharting;2014;GRÜNE;106
G41803;Bad Wimsbach-Neydharting;2014;NEOS;72
G41803;Bad Wimsbach-Neydharting;2014;KPÖ;2
G41803;Bad Wimsbach-Neydharting;2014;EUROPA;12
G41804;Buchkirchen;3294;ÖVP;585
G41804;Buchkirchen;3294;SPÖ;447
G41804;Buchkirchen;3294;FPÖ;367
G41804;Buchkirchen;3294;GRÜNE;224
G41804;Buchkirchen;3294;NEOS;132
G41804;Buchkirchen;3294;KPÖ;9
G41804;Buchkirchen;3294;EUROPA;18
G41805;Eberstalzell;2048;ÖVP;482
G41805;Eberstalzell;2048;SPÖ;116
G41805;Eberstalzell;2048;FPÖ;319
G41805;Eberstalzell;2048;GRÜNE;111
G41805;Eberstalzell;2048;NEOS;72
G41805;Eberstalzell;2048;KPÖ;5
G41805;Eberstalzell;2048;EUROPA;13
G41806;Edt bei Lambach;1758;ÖVP;362
G41806;Edt bei Lambach;1758;SPÖ;210
G41806;Edt bei Lambach;1758;FPÖ;195
G41806;Edt bei Lambach;1758;GRÜNE;83
G41806;Edt bei Lambach;1758;NEOS;58
G41806;Edt bei Lambach;1758;KPÖ;5
G41806;Edt bei Lambach;1758;EUROPA;5
G41807;Fischlham;1086;ÖVP;266
G41807;Fischlham;1086;SPÖ;116
G41807;Fischlham;1086;FPÖ;109
G41807;Fischlham;1086;GRÜNE;63
G41807;Fischlham;1086;NEOS;40
G41807;Fischlham;1086;KPÖ;1
G41807;Fischlham;1086;EUROPA;6
G41808;Gunskirchen;4638;ÖVP;846
G41808;Gunskirchen;4638;SPÖ;552
G41808;Gunskirchen;4638;FPÖ;538
G41808;Gunskirchen;4638;GRÜNE;228
G41808;Gunskirchen;4638;NEOS;157
G41808;Gunskirchen;4638;KPÖ;11
G41808;Gunskirchen;4638;EUROPA;20
G41809;Holzhausen;769;ÖVP;153
G41809;Holzhausen;769;SPÖ;94
G41809;Holzhausen;769;FPÖ;80
G41809;Holzhausen;769;GRÜNE;45
G41809;Holzhausen;769;NEOS;34
G41809;Holzhausen;769;KPÖ;0
G41809;Holzhausen;769;EUROPA;3
G41810;Krenglbach;2581;ÖVP;454
G41810;Krenglbach;2581;SPÖ;387
G41810;Krenglbach;2581;FPÖ;286
G41810;Krenglbach;2581;GRÜNE;164
G41810;Krenglbach;2581;NEOS;141
G41810;Krenglbach;2581;KPÖ;7
G41810;Krenglbach;2581;EUROPA;12
G41811;Lambach;2354;ÖVP;340
G41811;Lambach;2354;SPÖ;260
G41811;Lambach;2354;FPÖ;231
G41811;Lambach;2354;GRÜNE;124
G41811;Lambach;2354;NEOS;65
G41811;Lambach;2354;KPÖ;4
G41811;Lambach;2354;EUROPA;11
G41812;Marchtrenk;9722;ÖVP;1171
G41812;Marchtrenk;9722;SPÖ;1497
G41812;Marchtrenk;9722;FPÖ;1210
G41812;Marchtrenk;9722;GRÜNE;469
G41812;Marchtrenk;9722;NEOS;322
G41812;Marchtrenk;9722;KPÖ;20
G41812;Marchtrenk;9722;EUROPA;55
G41813;Neukirchen bei Lambach;731;ÖVP;189
G41813;Neukirchen bei Lambach;731;SPÖ;64
G41813;Neukirchen bei Lambach;731;FPÖ;88
G41813;Neukirchen bei Lambach;731;GRÜNE;37
G41813;Neukirchen bei Lambach;731;NEOS;36
G41813;Neukirchen bei Lambach;731;KPÖ;2
G41813;Neukirchen bei Lambach;731;EUROPA;2
G41814;Offenhausen;1281;ÖVP;309
G41814;Offenhausen;1281;SPÖ;115
G41814;Offenhausen;1281;FPÖ;169
G41814;Offenhausen;1281;GRÜNE;68
G41814;Offenhausen;1281;NEOS;58
G41814;Offenhausen;1281;KPÖ;3
G41814;Offenhausen;1281;EUROPA;5
G41815;Pennewang;726;ÖVP;231
G41815;Pennewang;726;SPÖ;50
G41815;Pennewang;726;FPÖ;71
G41815;Pennewang;726;GRÜNE;32
G41815;Pennewang;726;NEOS;33
G41815;Pennewang;726;KPÖ;2
G41815;Pennewang;726;EUROPA;1
G41816;Pichl bei Wels;2220;ÖVP;462
G41816;Pichl bei Wels;2220;SPÖ;296
G41816;Pichl bei Wels;2220;FPÖ;265
G41816;Pichl bei Wels;2220;GRÜNE;148
G41816;Pichl bei Wels;2220;NEOS;95
G41816;Pichl bei Wels;2220;KPÖ;3
G41816;Pichl bei Wels;2220;EUROPA;10
G41817;Sattledt;1985;ÖVP;411
G41817;Sattledt;1985;SPÖ;219
G41817;Sattledt;1985;FPÖ;275
G41817;Sattledt;1985;GRÜNE;62
G41817;Sattledt;1985;NEOS;78
G41817;Sattledt;1985;KPÖ;2
G41817;Sattledt;1985;EUROPA;4
G41818;Schleißheim;1052;ÖVP;229
G41818;Schleißheim;1052;SPÖ;100
G41818;Schleißheim;1052;FPÖ;129
G41818;Schleißheim;1052;GRÜNE;63
G41818;Schleißheim;1052;NEOS;51
G41818;Schleißheim;1052;KPÖ;4
G41818;Schleißheim;1052;EUROPA;10
G41819;Sipbachzell;1577;ÖVP;382
G41819;Sipbachzell;1577;SPÖ;144
G41819;Sipbachzell;1577;FPÖ;180
G41819;Sipbachzell;1577;GRÜNE;102
G41819;Sipbachzell;1577;NEOS;80
G41819;Sipbachzell;1577;KPÖ;3
G41819;Sipbachzell;1577;EUROPA;3
G41820;Stadl-Paura;3608;ÖVP;391
G41820;Stadl-Paura;3608;SPÖ;442
G41820;Stadl-Paura;3608;FPÖ;438
G41820;Stadl-Paura;3608;GRÜNE;187
G41820;Stadl-Paura;3608;NEOS;118
G41820;Stadl-Paura;3608;KPÖ;15
G41820;Stadl-Paura;3608;EUROPA;11
G41821;Steinerkirchen an der Traun;1867;ÖVP;523
G41821;Steinerkirchen an der Traun;1867;SPÖ;126
G41821;Steinerkirchen an der Traun;1867;FPÖ;236
G41821;Steinerkirchen an der Traun;1867;GRÜNE;125
G41821;Steinerkirchen an der Traun;1867;NEOS;64
G41821;Steinerkirchen an der Traun;1867;KPÖ;1
G41821;Steinerkirchen an der Traun;1867;EUROPA;6
G41822;Steinhaus;1734;ÖVP;363
G41822;Steinhaus;1734;SPÖ;167
G41822;Steinhaus;1734;FPÖ;327
G41822;Steinhaus;1734;GRÜNE;104
G41822;Steinhaus;1734;NEOS;74
G41822;Steinhaus;1734;KPÖ;2
G41822;Steinhaus;1734;EUROPA;3
G41823;Thalheim bei Wels;4220;ÖVP;802
G41823;Thalheim bei Wels;4220;SPÖ;450
G41823;Thalheim bei Wels;4220;FPÖ;432
G41823;Thalheim bei Wels;4220;GRÜNE;329
G41823;Thalheim bei Wels;4220;NEOS;206
G41823;Thalheim bei Wels;4220;KPÖ;12
G41823;Thalheim bei Wels;4220;EUROPA;19
G41824;Weißkirchen an der Traun;2661;ÖVP;572
G41824;Weißkirchen an der Traun;2661;SPÖ;369
G41824;Weißkirchen an der Traun;2661;FPÖ;309
G41824;Weißkirchen an der Traun;2661;GRÜNE;170
G41824;Weißkirchen an der Traun;2661;NEOS;116
G41824;Weißkirchen an der Traun;2661;KPÖ;6
G41824;Weißkirchen an der Traun;2661;EUROPA;16
G41899;Wahlkarten - Wels-Land;0;ÖVP;1473
G41899;Wahlkarten - Wels-Land;0;SPÖ;1258
G41899;Wahlkarten - Wels-Land;0;FPÖ;876
G41899;Wahlkarten - Wels-Land;0;GRÜNE;783
G41899;Wahlkarten - Wels-Land;0;NEOS;454
G41899;Wahlkarten - Wels-Land;0;KPÖ;20
G41899;Wahlkarten - Wels-Land;0;EUROPA;40
G5A099;Wahlkarten - Salzburg Stadt;0;ÖVP;0
G5A099;Wahlkarten - Salzburg Stadt;0;SPÖ;0
G5A099;Wahlkarten - Salzburg Stadt;0;FPÖ;0
G5A099;Wahlkarten - Salzburg Stadt;0;GRÜNE;0
G5A099;Wahlkarten - Salzburg Stadt;0;NEOS;0
G5A099;Wahlkarten - Salzburg Stadt;0;KPÖ;0
G5A099;Wahlkarten - Salzburg Stadt;0;EUROPA;0
G5B099;Wahlkarten - Flachgau/Tennengau;0;ÖVP;0
G5B099;Wahlkarten - Flachgau/Tennengau;0;SPÖ;0
G5B099;Wahlkarten - Flachgau/Tennengau;0;FPÖ;0
G5B099;Wahlkarten - Flachgau/Tennengau;0;GRÜNE;0
G5B099;Wahlkarten - Flachgau/Tennengau;0;NEOS;0
G5B099;Wahlkarten - Flachgau/Tennengau;0;KPÖ;0
G5B099;Wahlkarten - Flachgau/Tennengau;0;EUROPA;0
G5C099;Wahlkarten - Lungau/Pinzgau/Pongau;0;ÖVP;0
G5C099;Wahlkarten - Lungau/Pinzgau/Pongau;0;SPÖ;0
G5C099;Wahlkarten - Lungau/Pinzgau/Pongau;0;FPÖ;0
G5C099;Wahlkarten - Lungau/Pinzgau/Pongau;0;GRÜNE;0
G5C099;Wahlkarten - Lungau/Pinzgau/Pongau;0;NEOS;0
G5C099;Wahlkarten - Lungau/Pinzgau/Pongau;0;KPÖ;0
G5C099;Wahlkarten - Lungau/Pinzgau/Pongau;0;EUROPA;0
G50101;Salzburg;99153;ÖVP;14959
G50101;Salzburg;99153;SPÖ;8347
G50101;Salzburg;99153;FPÖ;5698
G50101;Salzburg;99153;GRÜNE;8531
G50101;Salzburg;99153;NEOS;3920
G50101;Salzburg;99153;KPÖ;594
G50101;Salzburg;99153;EUROPA;733
G50199;Wahlkarten - Salzburg Stadt;0;ÖVP;4272
G50199;Wahlkarten - Salzburg Stadt;0;SPÖ;2523
G50199;Wahlkarten - Salzburg Stadt;0;FPÖ;1179
G50199;Wahlkarten - Salzburg Stadt;0;GRÜNE;3269
G50199;Wahlkarten - Salzburg Stadt;0;NEOS;1182
G50199;Wahlkarten - Salzburg Stadt;0;KPÖ;181
G50199;Wahlkarten - Salzburg Stadt;0;EUROPA;227
G50201;Abtenau;4480;ÖVP;1347
G50201;Abtenau;4480;SPÖ;411
G50201;Abtenau;4480;FPÖ;226
G50201;Abtenau;4480;GRÜNE;185
G50201;Abtenau;4480;NEOS;173
G50201;Abtenau;4480;KPÖ;3
G50201;Abtenau;4480;EUROPA;12
G50202;Adnet;2826;ÖVP;792
G50202;Adnet;2826;SPÖ;242
G50202;Adnet;2826;FPÖ;187
G50202;Adnet;2826;GRÜNE;216
G50202;Adnet;2826;NEOS;109
G50202;Adnet;2826;KPÖ;12
G50202;Adnet;2826;EUROPA;4
G50203;Annaberg-Lungötz;1715;ÖVP;532
G50203;Annaberg-Lungötz;1715;SPÖ;163
G50203;Annaberg-Lungötz;1715;FPÖ;136
G50203;Annaberg-Lungötz;1715;GRÜNE;48
G50203;Annaberg-Lungötz;1715;NEOS;32
G50203;Annaberg-Lungötz;1715;KPÖ;3
G50203;Annaberg-Lungötz;1715;EUROPA;3
G50204;Golling an der Salzach;3041;ÖVP;656
G50204;Golling an der Salzach;3041;SPÖ;291
G50204;Golling an der Salzach;3041;FPÖ;226
G50204;Golling an der Salzach;3041;GRÜNE;192
G50204;Golling an der Salzach;3041;NEOS;136
G50204;Golling an der Salzach;3041;KPÖ;8
G50204;Golling an der Salzach;3041;EUROPA;13
G50205;Hallein;13927;ÖVP;2031
G50205;Hallein;13927;SPÖ;1659
G50205;Hallein;13927;FPÖ;1039
G50205;Hallein;13927;GRÜNE;1066
G50205;Hallein;13927;NEOS;566
G50205;Hallein;13927;KPÖ;53
G50205;Hallein;13927;EUROPA;78
G50206;Krispl;694;ÖVP;259
G50206;Krispl;694;SPÖ;54
G50206;Krispl;694;FPÖ;51
G50206;Krispl;694;GRÜNE;26
G50206;Krispl;694;NEOS;17
G50206;Krispl;694;KPÖ;3
G50206;Krispl;694;EUROPA;2
G50207;Kuchl;5467;ÖVP;1436
G50207;Kuchl;5467;SPÖ;398
G50207;Kuchl;5467;FPÖ;379
G50207;Kuchl;5467;GRÜNE;397
G50207;Kuchl;5467;NEOS;232
G50207;Kuchl;5467;KPÖ;15
G50207;Kuchl;5467;EUROPA;29
G50208;Oberalm;3264;ÖVP;656
G50208;Oberalm;3264;SPÖ;302
G50208;Oberalm;3264;FPÖ;250
G50208;Oberalm;3264;GRÜNE;316
G50208;Oberalm;3264;NEOS;155
G50208;Oberalm;3264;KPÖ;14
G50208;Oberalm;3264;EUROPA;17
G50209;Puch bei Hallein;3427;ÖVP;687
G50209;Puch bei Hallein;3427;SPÖ;274
G50209;Puch bei Hallein;3427;FPÖ;203
G50209;Puch bei Hallein;3427;GRÜNE;235
G50209;Puch bei Hallein;3427;NEOS;163
G50209;Puch bei Hallein;3427;KPÖ;15
G50209;Puch bei Hallein;3427;EUROPA;20
G50210;Rußbach am Paß Gschütt;624;ÖVP;143
G50210;Rußbach am Paß Gschütt;624;SPÖ;62
G50210;Rußbach am Paß Gschütt;624;FPÖ;47
G50210;Rußbach am Paß Gschütt;624;GRÜNE;21
G50210;Rußbach am Paß Gschütt;624;NEOS;15
G50210;Rußbach am Paß Gschütt;624;KPÖ;0
G50210;Rußbach am Paß Gschütt;624;EUROPA;4
G50211;Sankt Koloman;1350;ÖVP;467
G50211;Sankt Koloman;1350;SPÖ;60
G50211;Sankt Koloman;1350;FPÖ;100
G50211;Sankt Koloman;1350;GRÜNE;42
G50211;Sankt Koloman;1350;NEOS;39
G50211;Sankt Koloman;1350;KPÖ;5
G50211;Sankt Koloman;1350;EUROPA;3
G50212;Scheffau am Tennengebirge;1103;ÖVP;312
G50212;Scheffau am Tennengebirge;1103;SPÖ;77
G50212;Scheffau am Tennengebirge;1103;FPÖ;87
G50212;Scheffau am Tennengebirge;1103;GRÜNE;36
G50212;Scheffau am Tennengebirge;1103;NEOS;33
G50212;Scheffau am Tennengebirge;1103;KPÖ;1
G50212;Scheffau am Tennengebirge;1103;EUROPA;4
G50213;Bad Vigaun;1567;ÖVP;400
G50213;Bad Vigaun;1567;SPÖ;119
G50213;Bad Vigaun;1567;FPÖ;119
G50213;Bad Vigaun;1567;GRÜNE;113
G50213;Bad Vigaun;1567;NEOS;61
G50213;Bad Vigaun;1567;KPÖ;2
G50213;Bad Vigaun;1567;EUROPA;5
G50299;Wahlkarten - Hallein;0;ÖVP;1434
G50299;Wahlkarten - Hallein;0;SPÖ;772
G50299;Wahlkarten - Hallein;0;FPÖ;373
G50299;Wahlkarten - Hallein;0;GRÜNE;761
G50299;Wahlkarten - Hallein;0;NEOS;314
G50299;Wahlkarten - Hallein;0;KPÖ;34
G50299;Wahlkarten - Hallein;0;EUROPA;52
G50301;Anif;3115;ÖVP;715
G50301;Anif;3115;SPÖ;199
G50301;Anif;3115;FPÖ;235
G50301;Anif;3115;GRÜNE;235
G50301;Anif;3115;NEOS;144
G50301;Anif;3115;KPÖ;9
G50301;Anif;3115;EUROPA;9
G50302;Anthering;2868;ÖVP;783
G50302;Anthering;2868;SPÖ;158
G50302;Anthering;2868;FPÖ;163
G50302;Anthering;2868;GRÜNE;238
G50302;Anthering;2868;NEOS;130
G50302;Anthering;2868;KPÖ;9
G50302;Anthering;2868;EUROPA;16
G50303;Bergheim;3984;ÖVP;1086
G50303;Bergheim;3984;SPÖ;258
G50303;Bergheim;3984;FPÖ;274
G50303;Bergheim;3984;GRÜNE;317
G50303;Bergheim;3984;NEOS;193
G50303;Bergheim;3984;KPÖ;22
G50303;Bergheim;3984;EUROPA;17
G50304;Berndorf bei Salzburg;1385;ÖVP;319
G50304;Berndorf bei Salzburg;1385;SPÖ;87
G50304;Berndorf bei Salzburg;1385;FPÖ;92
G50304;Berndorf bei Salzburg;1385;GRÜNE;70
G50304;Berndorf bei Salzburg;1385;NEOS;52
G50304;Berndorf bei Salzburg;1385;KPÖ;4
G50304;Berndorf bei Salzburg;1385;EUROPA;13
G50305;Bürmoos;3698;ÖVP;384
G50305;Bürmoos;3698;SPÖ;591
G50305;Bürmoos;3698;FPÖ;337
G50305;Bürmoos;3698;GRÜNE;253
G50305;Bürmoos;3698;NEOS;148
G50305;Bürmoos;3698;KPÖ;10
G50305;Bürmoos;3698;EUROPA;22
G50306;Dorfbeuern;1219;ÖVP;370
G50306;Dorfbeuern;1219;SPÖ;69
G50306;Dorfbeuern;1219;FPÖ;67
G50306;Dorfbeuern;1219;GRÜNE;62
G50306;Dorfbeuern;1219;NEOS;56
G50306;Dorfbeuern;1219;KPÖ;3
G50306;Dorfbeuern;1219;EUROPA;6
G50307;Ebenau;1103;ÖVP;298
G50307;Ebenau;1103;SPÖ;54
G50307;Ebenau;1103;FPÖ;86
G50307;Ebenau;1103;GRÜNE;57
G50307;Ebenau;1103;NEOS;40
G50307;Ebenau;1103;KPÖ;4
G50307;Ebenau;1103;EUROPA;7
G50308;Elixhausen;2354;ÖVP;738
G50308;Elixhausen;2354;SPÖ;200
G50308;Elixhausen;2354;FPÖ;140
G50308;Elixhausen;2354;GRÜNE;172
G50308;Elixhausen;2354;NEOS;113
G50308;Elixhausen;2354;KPÖ;5
G50308;Elixhausen;2354;EUROPA;9
G50309;Elsbethen;4249;ÖVP;1036
G50309;Elsbethen;4249;SPÖ;264
G50309;Elsbethen;4249;FPÖ;283
G50309;Elsbethen;4249;GRÜNE;408
G50309;Elsbethen;4249;NEOS;274
G50309;Elsbethen;4249;KPÖ;13
G50309;Elsbethen;4249;EUROPA;25
G50310;Eugendorf;5310;ÖVP;1342
G50310;Eugendorf;5310;SPÖ;363
G50310;Eugendorf;5310;FPÖ;455
G50310;Eugendorf;5310;GRÜNE;374
G50310;Eugendorf;5310;NEOS;242
G50310;Eugendorf;5310;KPÖ;20
G50310;Eugendorf;5310;EUROPA;29
G50311;Faistenau;2407;ÖVP;602
G50311;Faistenau;2407;SPÖ;116
G50311;Faistenau;2407;FPÖ;282
G50311;Faistenau;2407;GRÜNE;115
G50311;Faistenau;2407;NEOS;87
G50311;Faistenau;2407;KPÖ;10
G50311;Faistenau;2407;EUROPA;9
G50312;Fuschl am See;1130;ÖVP;333
G50312;Fuschl am See;1130;SPÖ;53
G50312;Fuschl am See;1130;FPÖ;78
G50312;Fuschl am See;1130;GRÜNE;66
G50312;Fuschl am See;1130;NEOS;58
G50312;Fuschl am See;1130;KPÖ;2
G50312;Fuschl am See;1130;EUROPA;8
G50313;Göming;601;ÖVP;244
G50313;Göming;601;SPÖ;39
G50313;Göming;601;FPÖ;50
G50313;Göming;601;GRÜNE;41
G50313;Göming;601;NEOS;27
G50313;Göming;601;KPÖ;5
G50313;Göming;601;EUROPA;3
G50314;Grödig;5123;ÖVP;991
G50314;Grödig;5123;SPÖ;510
G50314;Grödig;5123;FPÖ;399
G50314;Grödig;5123;GRÜNE;321
G50314;Grödig;5123;NEOS;198
G50314;Grödig;5123;KPÖ;19
G50314;Grödig;5123;EUROPA;20
G50315;Großgmain;1864;ÖVP;370
G50315;Großgmain;1864;SPÖ;122
G50315;Großgmain;1864;FPÖ;179
G50315;Großgmain;1864;GRÜNE;125
G50315;Großgmain;1864;NEOS;82
G50315;Großgmain;1864;KPÖ;6
G50315;Großgmain;1864;EUROPA;10
G50316;Hallwang;3277;ÖVP;727
G50316;Hallwang;3277;SPÖ;242
G50316;Hallwang;3277;FPÖ;243
G50316;Hallwang;3277;GRÜNE;269
G50316;Hallwang;3277;NEOS;145
G50316;Hallwang;3277;KPÖ;22
G50316;Hallwang;3277;EUROPA;25
G50317;Henndorf am Wallersee;3748;ÖVP;838
G50317;Henndorf am Wallersee;3748;SPÖ;261
G50317;Henndorf am Wallersee;3748;FPÖ;333
G50317;Henndorf am Wallersee;3748;GRÜNE;242
G50317;Henndorf am Wallersee;3748;NEOS;180
G50317;Henndorf am Wallersee;3748;KPÖ;13
G50317;Henndorf am Wallersee;3748;EUROPA;12
G50318;Hintersee;355;ÖVP;98
G50318;Hintersee;355;SPÖ;22
G50318;Hintersee;355;FPÖ;28
G50318;Hintersee;355;GRÜNE;9
G50318;Hintersee;355;NEOS;9
G50318;Hintersee;355;KPÖ;0
G50318;Hintersee;355;EUROPA;0
G50319;Hof bei Salzburg;2708;ÖVP;607
G50319;Hof bei Salzburg;2708;SPÖ;166
G50319;Hof bei Salzburg;2708;FPÖ;160
G50319;Hof bei Salzburg;2708;GRÜNE;161
G50319;Hof bei Salzburg;2708;NEOS;120
G50319;Hof bei Salzburg;2708;KPÖ;3
G50319;Hof bei Salzburg;2708;EUROPA;12
G50320;Köstendorf;2088;ÖVP;555
G50320;Köstendorf;2088;SPÖ;151
G50320;Köstendorf;2088;FPÖ;133
G50320;Köstendorf;2088;GRÜNE;109
G50320;Köstendorf;2088;NEOS;94
G50320;Köstendorf;2088;KPÖ;4
G50320;Köstendorf;2088;EUROPA;8
G50321;Koppl;2721;ÖVP;632
G50321;Koppl;2721;SPÖ;173
G50321;Koppl;2721;FPÖ;185
G50321;Koppl;2721;GRÜNE;215
G50321;Koppl;2721;NEOS;139
G50321;Koppl;2721;KPÖ;3
G50321;Koppl;2721;EUROPA;17
G50322;Lamprechtshausen;2907;ÖVP;672
G50322;Lamprechtshausen;2907;SPÖ;218
G50322;Lamprechtshausen;2907;FPÖ;256
G50322;Lamprechtshausen;2907;GRÜNE;170
G50322;Lamprechtshausen;2907;NEOS;139
G50322;Lamprechtshausen;2907;KPÖ;9
G50322;Lamprechtshausen;2907;EUROPA;20
G50323;Mattsee;2503;ÖVP;663
G50323;Mattsee;2503;SPÖ;148
G50323;Mattsee;2503;FPÖ;128
G50323;Mattsee;2503;GRÜNE;195
G50323;Mattsee;2503;NEOS;136
G50323;Mattsee;2503;KPÖ;6
G50323;Mattsee;2503;EUROPA;15
G50324;Neumarkt am Wallersee;4517;ÖVP;758
G50324;Neumarkt am Wallersee;4517;SPÖ;357
G50324;Neumarkt am Wallersee;4517;FPÖ;399
G50324;Neumarkt am Wallersee;4517;GRÜNE;273
G50324;Neumarkt am Wallersee;4517;NEOS;184
G50324;Neumarkt am Wallersee;4517;KPÖ;12
G50324;Neumarkt am Wallersee;4517;EUROPA;30
G50325;Nußdorf am Haunsberg;1873;ÖVP;567
G50325;Nußdorf am Haunsberg;1873;SPÖ;125
G50325;Nußdorf am Haunsberg;1873;FPÖ;120
G50325;Nußdorf am Haunsberg;1873;GRÜNE;144
G50325;Nußdorf am Haunsberg;1873;NEOS;75
G50325;Nußdorf am Haunsberg;1873;KPÖ;4
G50325;Nußdorf am Haunsberg;1873;EUROPA;7
G50326;Oberndorf bei Salzburg;4054;ÖVP;752
G50326;Oberndorf bei Salzburg;4054;SPÖ;437
G50326;Oberndorf bei Salzburg;4054;FPÖ;298
G50326;Oberndorf bei Salzburg;4054;GRÜNE;340
G50326;Oberndorf bei Salzburg;4054;NEOS;149
G50326;Oberndorf bei Salzburg;4054;KPÖ;18
G50326;Oberndorf bei Salzburg;4054;EUROPA;19
G50327;Obertrum am See;3676;ÖVP;1066
G50327;Obertrum am See;3676;SPÖ;189
G50327;Obertrum am See;3676;FPÖ;233
G50327;Obertrum am See;3676;GRÜNE;271
G50327;Obertrum am See;3676;NEOS;188
G50327;Obertrum am See;3676;KPÖ;13
G50327;Obertrum am See;3676;EUROPA;17
G50328;Plainfeld;984;ÖVP;269
G50328;Plainfeld;984;SPÖ;63
G50328;Plainfeld;984;FPÖ;97
G50328;Plainfeld;984;GRÜNE;69
G50328;Plainfeld;984;NEOS;27
G50328;Plainfeld;984;KPÖ;1
G50328;Plainfeld;984;EUROPA;6
G50329;Sankt Georgen bei Salzburg;2353;ÖVP;648
G50329;Sankt Georgen bei Salzburg;2353;SPÖ;208
G50329;Sankt Georgen bei Salzburg;2353;FPÖ;207
G50329;Sankt Georgen bei Salzburg;2353;GRÜNE;150
G50329;Sankt Georgen bei Salzburg;2353;NEOS;93
G50329;Sankt Georgen bei Salzburg;2353;KPÖ;9
G50329;Sankt Georgen bei Salzburg;2353;EUROPA;16
G50330;Sankt Gilgen;2916;ÖVP;641
G50330;Sankt Gilgen;2916;SPÖ;186
G50330;Sankt Gilgen;2916;FPÖ;221
G50330;Sankt Gilgen;2916;GRÜNE;131
G50330;Sankt Gilgen;2916;NEOS;108
G50330;Sankt Gilgen;2916;KPÖ;3
G50330;Sankt Gilgen;2916;EUROPA;10
G50331;Schleedorf;844;ÖVP;232
G50331;Schleedorf;844;SPÖ;55
G50331;Schleedorf;844;FPÖ;116
G50331;Schleedorf;844;GRÜNE;47
G50331;Schleedorf;844;NEOS;25
G50331;Schleedorf;844;KPÖ;1
G50331;Schleedorf;844;EUROPA;4
G50332;Seeham;1494;ÖVP;295
G50332;Seeham;1494;SPÖ;65
G50332;Seeham;1494;FPÖ;86
G50332;Seeham;1494;GRÜNE;74
G50332;Seeham;1494;NEOS;53
G50332;Seeham;1494;KPÖ;0
G50332;Seeham;1494;EUROPA;8
G50335;Straßwalchen;5497;ÖVP;1279
G50335;Straßwalchen;5497;SPÖ;433
G50335;Straßwalchen;5497;FPÖ;560
G50335;Straßwalchen;5497;GRÜNE;258
G50335;Straßwalchen;5497;NEOS;203
G50335;Straßwalchen;5497;KPÖ;17
G50335;Straßwalchen;5497;EUROPA;15
G50336;Strobl;2849;ÖVP;665
G50336;Strobl;2849;SPÖ;284
G50336;Strobl;2849;FPÖ;214
G50336;Strobl;2849;GRÜNE;155
G50336;Strobl;2849;NEOS;109
G50336;Strobl;2849;KPÖ;4
G50336;Strobl;2849;EUROPA;5
G50337;Thalgau;4641;ÖVP;997
G50337;Thalgau;4641;SPÖ;242
G50337;Thalgau;4641;FPÖ;344
G50337;Thalgau;4641;GRÜNE;260
G50337;Thalgau;4641;NEOS;184
G50337;Thalgau;4641;KPÖ;12
G50337;Thalgau;4641;EUROPA;18
G50338;Wals-Siezenheim;10010;ÖVP;2291
G50338;Wals-Siezenheim;10010;SPÖ;677
G50338;Wals-Siezenheim;10010;FPÖ;873
G50338;Wals-Siezenheim;10010;GRÜNE;725
G50338;Wals-Siezenheim;10010;NEOS;518
G50338;Wals-Siezenheim;10010;KPÖ;45
G50338;Wals-Siezenheim;10010;EUROPA;57
G50339;Seekirchen am Wallersee;8112;ÖVP;1744
G50339;Seekirchen am Wallersee;8112;SPÖ;530
G50339;Seekirchen am Wallersee;8112;FPÖ;611
G50339;Seekirchen am Wallersee;8112;GRÜNE;745
G50339;Seekirchen am Wallersee;8112;NEOS;428
G50339;Seekirchen am Wallersee;8112;KPÖ;26
G50339;Seekirchen am Wallersee;8112;EUROPA;53
G50399;Wahlkarten - Salzburg-Umgebung;0;ÖVP;4028
G50399;Wahlkarten - Salzburg-Umgebung;0;SPÖ;1832
G50399;Wahlkarten - Salzburg-Umgebung;0;FPÖ;1129
G50399;Wahlkarten - Salzburg-Umgebung;0;GRÜNE;2193
G50399;Wahlkarten - Salzburg-Umgebung;0;NEOS;1040
G50399;Wahlkarten - Salzburg-Umgebung;0;KPÖ;100
G50399;Wahlkarten - Salzburg-Umgebung;0;EUROPA;148
G50401;Altenmarkt im Pongau;3120;ÖVP;883
G50401;Altenmarkt im Pongau;3120;SPÖ;150
G50401;Altenmarkt im Pongau;3120;FPÖ;241
G50401;Altenmarkt im Pongau;3120;GRÜNE;108
G50401;Altenmarkt im Pongau;3120;NEOS;122
G50401;Altenmarkt im Pongau;3120;KPÖ;5
G50401;Altenmarkt im Pongau;3120;EUROPA;8
G50402;Bad Hofgastein;4992;ÖVP;1005
G50402;Bad Hofgastein;4992;SPÖ;515
G50402;Bad Hofgastein;4992;FPÖ;377
G50402;Bad Hofgastein;4992;GRÜNE;154
G50402;Bad Hofgastein;4992;NEOS;141
G50402;Bad Hofgastein;4992;KPÖ;4
G50402;Bad Hofgastein;4992;EUROPA;20
G50403;Bad Gastein;2724;ÖVP;475
G50403;Bad Gastein;2724;SPÖ;252
G50403;Bad Gastein;2724;FPÖ;282
G50403;Bad Gastein;2724;GRÜNE;64
G50403;Bad Gastein;2724;NEOS;76
G50403;Bad Gastein;2724;KPÖ;3
G50403;Bad Gastein;2724;EUROPA;6
G50404;Bischofshofen;7430;ÖVP;1301
G50404;Bischofshofen;7430;SPÖ;1118
G50404;Bischofshofen;7430;FPÖ;621
G50404;Bischofshofen;7430;GRÜNE;237
G50404;Bischofshofen;7430;NEOS;211
G50404;Bischofshofen;7430;KPÖ;17
G50404;Bischofshofen;7430;EUROPA;33
G50405;Dorfgastein;1285;ÖVP;365
G50405;Dorfgastein;1285;SPÖ;123
G50405;Dorfgastein;1285;FPÖ;85
G50405;Dorfgastein;1285;GRÜNE;19
G50405;Dorfgastein;1285;NEOS;38
G50405;Dorfgastein;1285;KPÖ;0
G50405;Dorfgastein;1285;EUROPA;5
G50406;Eben im Pongau;1704;ÖVP;548
G50406;Eben im Pongau;1704;SPÖ;123
G50406;Eben im Pongau;1704;FPÖ;208
G50406;Eben im Pongau;1704;GRÜNE;55
G50406;Eben im Pongau;1704;NEOS;45
G50406;Eben im Pongau;1704;KPÖ;3
G50406;Eben im Pongau;1704;EUROPA;6
G50407;Filzmoos;1029;ÖVP;346
G50407;Filzmoos;1029;SPÖ;40
G50407;Filzmoos;1029;FPÖ;89
G50407;Filzmoos;1029;GRÜNE;24
G50407;Filzmoos;1029;NEOS;30
G50407;Filzmoos;1029;KPÖ;0
G50407;Filzmoos;1029;EUROPA;7
G50408;Flachau;2085;ÖVP;703
G50408;Flachau;2085;SPÖ;102
G50408;Flachau;2085;FPÖ;200
G50408;Flachau;2085;GRÜNE;75
G50408;Flachau;2085;NEOS;73
G50408;Flachau;2085;KPÖ;3
G50408;Flachau;2085;EUROPA;5
G50409;Forstau;441;ÖVP;156
G50409;Forstau;441;SPÖ;32
G50409;Forstau;441;FPÖ;45
G50409;Forstau;441;GRÜNE;9
G50409;Forstau;441;NEOS;14
G50409;Forstau;441;KPÖ;0
G50409;Forstau;441;EUROPA;0
G50410;Goldegg;2006;ÖVP;452
G50410;Goldegg;2006;SPÖ;156
G50410;Goldegg;2006;FPÖ;160
G50410;Goldegg;2006;GRÜNE;92
G50410;Goldegg;2006;NEOS;81
G50410;Goldegg;2006;KPÖ;3
G50410;Goldegg;2006;EUROPA;4
G50411;Großarl;2864;ÖVP;1090
G50411;Großarl;2864;SPÖ;246
G50411;Großarl;2864;FPÖ;155
G50411;Großarl;2864;GRÜNE;59
G50411;Großarl;2864;NEOS;61
G50411;Großarl;2864;KPÖ;1
G50411;Großarl;2864;EUROPA;5
G50412;Hüttau;1061;ÖVP;240
G50412;Hüttau;1061;SPÖ;98
G50412;Hüttau;1061;FPÖ;128
G50412;Hüttau;1061;GRÜNE;18
G50412;Hüttau;1061;NEOS;18
G50412;Hüttau;1061;KPÖ;0
G50412;Hüttau;1061;EUROPA;0
G50413;Hüttschlag;708;ÖVP;307
G50413;Hüttschlag;708;SPÖ;67
G50413;Hüttschlag;708;FPÖ;49
G50413;Hüttschlag;708;GRÜNE;22
G50413;Hüttschlag;708;NEOS;12
G50413;Hüttschlag;708;KPÖ;1
G50413;Hüttschlag;708;EUROPA;1
G50414;Kleinarl;604;ÖVP;204
G50414;Kleinarl;604;SPÖ;45
G50414;Kleinarl;604;FPÖ;36
G50414;Kleinarl;604;GRÜNE;11
G50414;Kleinarl;604;NEOS;13
G50414;Kleinarl;604;KPÖ;0
G50414;Kleinarl;604;EUROPA;1
G50415;Mühlbach am Hochkönig;1119;ÖVP;237
G50415;Mühlbach am Hochkönig;1119;SPÖ;189
G50415;Mühlbach am Hochkönig;1119;FPÖ;74
G50415;Mühlbach am Hochkönig;1119;GRÜNE;24
G50415;Mühlbach am Hochkönig;1119;NEOS;26
G50415;Mühlbach am Hochkönig;1119;KPÖ;2
G50415;Mühlbach am Hochkönig;1119;EUROPA;0
G50416;Pfarrwerfen;1822;ÖVP;517
G50416;Pfarrwerfen;1822;SPÖ;123
G50416;Pfarrwerfen;1822;FPÖ;126
G50416;Pfarrwerfen;1822;GRÜNE;55
G50416;Pfarrwerfen;1822;NEOS;64
G50416;Pfarrwerfen;1822;KPÖ;5
G50416;Pfarrwerfen;1822;EUROPA;5
G50417;Radstadt;3319;ÖVP;755
G50417;Radstadt;3319;SPÖ;244
G50417;Radstadt;3319;FPÖ;368
G50417;Radstadt;3319;GRÜNE;100
G50417;Radstadt;3319;NEOS;119
G50417;Radstadt;3319;KPÖ;6
G50417;Radstadt;3319;EUROPA;8
G50418;Sankt Johann im Pongau;7854;ÖVP;1770
G50418;Sankt Johann im Pongau;7854;SPÖ;730
G50418;Sankt Johann im Pongau;7854;FPÖ;707
G50418;Sankt Johann im Pongau;7854;GRÜNE;340
G50418;Sankt Johann im Pongau;7854;NEOS;285
G50418;Sankt Johann im Pongau;7854;KPÖ;5
G50418;Sankt Johann im Pongau;7854;EUROPA;29
G50419;Sankt Martin am Tennengebirge;1259;ÖVP;344
G50419;Sankt Martin am Tennengebirge;1259;SPÖ;109
G50419;Sankt Martin am Tennengebirge;1259;FPÖ;92
G50419;Sankt Martin am Tennengebirge;1259;GRÜNE;39
G50419;Sankt Martin am Tennengebirge;1259;NEOS;38
G50419;Sankt Martin am Tennengebirge;1259;KPÖ;0
G50419;Sankt Martin am Tennengebirge;1259;EUROPA;4
G50420;Sankt Veit im Pongau;2965;ÖVP;825
G50420;Sankt Veit im Pongau;2965;SPÖ;343
G50420;Sankt Veit im Pongau;2965;FPÖ;214
G50420;Sankt Veit im Pongau;2965;GRÜNE;125
G50420;Sankt Veit im Pongau;2965;NEOS;109
G50420;Sankt Veit im Pongau;2965;KPÖ;12
G50420;Sankt Veit im Pongau;2965;EUROPA;16
G50421;Schwarzach im Pongau;2509;ÖVP;281
G50421;Schwarzach im Pongau;2509;SPÖ;516
G50421;Schwarzach im Pongau;2509;FPÖ;167
G50421;Schwarzach im Pongau;2509;GRÜNE;72
G50421;Schwarzach im Pongau;2509;NEOS;66
G50421;Schwarzach im Pongau;2509;KPÖ;11
G50421;Schwarzach im Pongau;2509;EUROPA;5
G50422;Untertauern;323;ÖVP;59
G50422;Untertauern;323;SPÖ;15
G50422;Untertauern;323;FPÖ;27
G50422;Untertauern;323;GRÜNE;3
G50422;Untertauern;323;NEOS;8
G50422;Untertauern;323;KPÖ;1
G50422;Untertauern;323;EUROPA;0
G50423;Wagrain;2216;ÖVP;583
G50423;Wagrain;2216;SPÖ;136
G50423;Wagrain;2216;FPÖ;183
G50423;Wagrain;2216;GRÜNE;50
G50423;Wagrain;2216;NEOS;63
G50423;Wagrain;2216;KPÖ;2
G50423;Wagrain;2216;EUROPA;4
G50424;Werfen;2242;ÖVP;388
G50424;Werfen;2242;SPÖ;248
G50424;Werfen;2242;FPÖ;193
G50424;Werfen;2242;GRÜNE;88
G50424;Werfen;2242;NEOS;67
G50424;Werfen;2242;KPÖ;1
G50424;Werfen;2242;EUROPA;11
G50425;Werfenweng;737;ÖVP;206
G50425;Werfenweng;737;SPÖ;24
G50425;Werfenweng;737;FPÖ;93
G50425;Werfenweng;737;GRÜNE;19
G50425;Werfenweng;737;NEOS;24
G50425;Werfenweng;737;KPÖ;1
G50425;Werfenweng;737;EUROPA;0
G50499;Wahlkarten - Sankt Johann im Pongau;0;ÖVP;2042
G50499;Wahlkarten - Sankt Johann im Pongau;0;SPÖ;1163
G50499;Wahlkarten - Sankt Johann im Pongau;0;FPÖ;632
G50499;Wahlkarten - Sankt Johann im Pongau;0;GRÜNE;655
G50499;Wahlkarten - Sankt Johann im Pongau;0;NEOS;384
G50499;Wahlkarten - Sankt Johann im Pongau;0;KPÖ;21
G50499;Wahlkarten - Sankt Johann im Pongau;0;EUROPA;48
G50501;Göriach;299;ÖVP;96
G50501;Göriach;299;SPÖ;21
G50501;Göriach;299;FPÖ;20
G50501;Göriach;299;GRÜNE;8
G50501;Göriach;299;NEOS;4
G50501;Göriach;299;KPÖ;0
G50501;Göriach;299;EUROPA;1
G50502;Lessach;454;ÖVP;136
G50502;Lessach;454;SPÖ;28
G50502;Lessach;454;FPÖ;44
G50502;Lessach;454;GRÜNE;8
G50502;Lessach;454;NEOS;8
G50502;Lessach;454;KPÖ;2
G50502;Lessach;454;EUROPA;1
G50503;Mariapfarr;1930;ÖVP;373
G50503;Mariapfarr;1930;SPÖ;104
G50503;Mariapfarr;1930;FPÖ;103
G50503;Mariapfarr;1930;GRÜNE;60
G50503;Mariapfarr;1930;NEOS;52
G50503;Mariapfarr;1930;KPÖ;1
G50503;Mariapfarr;1930;EUROPA;10
G50504;Mauterndorf;1255;ÖVP;328
G50504;Mauterndorf;1255;SPÖ;73
G50504;Mauterndorf;1255;FPÖ;122
G50504;Mauterndorf;1255;GRÜNE;46
G50504;Mauterndorf;1255;NEOS;45
G50504;Mauterndorf;1255;KPÖ;2
G50504;Mauterndorf;1255;EUROPA;1
G50505;Muhr;415;ÖVP;110
G50505;Muhr;415;SPÖ;34
G50505;Muhr;415;FPÖ;61
G50505;Muhr;415;GRÜNE;4
G50505;Muhr;415;NEOS;4
G50505;Muhr;415;KPÖ;0
G50505;Muhr;415;EUROPA;0
G50506;Ramingstein;895;ÖVP;142
G50506;Ramingstein;895;SPÖ;92
G50506;Ramingstein;895;FPÖ;97
G50506;Ramingstein;895;GRÜNE;16
G50506;Ramingstein;895;NEOS;13
G50506;Ramingstein;895;KPÖ;1
G50506;Ramingstein;895;EUROPA;2
G50507;Sankt Andrä im Lungau;629;ÖVP;131
G50507;Sankt Andrä im Lungau;629;SPÖ;19
G50507;Sankt Andrä im Lungau;629;FPÖ;44
G50507;Sankt Andrä im Lungau;629;GRÜNE;11
G50507;Sankt Andrä im Lungau;629;NEOS;10
G50507;Sankt Andrä im Lungau;629;KPÖ;0
G50507;Sankt Andrä im Lungau;629;EUROPA;0
G50508;Sankt Margarethen im Lungau;546;ÖVP;108
G50508;Sankt Margarethen im Lungau;546;SPÖ;49
G50508;Sankt Margarethen im Lungau;546;FPÖ;64
G50508;Sankt Margarethen im Lungau;546;GRÜNE;22
G50508;Sankt Margarethen im Lungau;546;NEOS;11
G50508;Sankt Margarethen im Lungau;546;KPÖ;0
G50508;Sankt Margarethen im Lungau;546;EUROPA;2
G50509;Sankt Michael im Lungau;2724;ÖVP;592
G50509;Sankt Michael im Lungau;2724;SPÖ;226
G50509;Sankt Michael im Lungau;2724;FPÖ;251
G50509;Sankt Michael im Lungau;2724;GRÜNE;56
G50509;Sankt Michael im Lungau;2724;NEOS;63
G50509;Sankt Michael im Lungau;2724;KPÖ;3
G50509;Sankt Michael im Lungau;2724;EUROPA;15
G50510;Tamsweg;4509;ÖVP;835
G50510;Tamsweg;4509;SPÖ;227
G50510;Tamsweg;4509;FPÖ;392
G50510;Tamsweg;4509;GRÜNE;128
G50510;Tamsweg;4509;NEOS;106
G50510;Tamsweg;4509;KPÖ;8
G50510;Tamsweg;4509;EUROPA;13
G50511;Thomatal;278;ÖVP;51
G50511;Thomatal;278;SPÖ;11
G50511;Thomatal;278;FPÖ;27
G50511;Thomatal;278;GRÜNE;12
G50511;Thomatal;278;NEOS;10
G50511;Thomatal;278;KPÖ;0
G50511;Thomatal;278;EUROPA;1
G50512;Tweng;175;ÖVP;37
G50512;Tweng;175;SPÖ;10
G50512;Tweng;175;FPÖ;2
G50512;Tweng;175;GRÜNE;3
G50512;Tweng;175;NEOS;2
G50512;Tweng;175;KPÖ;0
G50512;Tweng;175;EUROPA;0
G50513;Unternberg;805;ÖVP;223
G50513;Unternberg;805;SPÖ;51
G50513;Unternberg;805;FPÖ;95
G50513;Unternberg;805;GRÜNE;18
G50513;Unternberg;805;NEOS;24
G50513;Unternberg;805;KPÖ;2
G50513;Unternberg;805;EUROPA;2
G50514;Weißpriach;242;ÖVP;84
G50514;Weißpriach;242;SPÖ;21
G50514;Weißpriach;242;FPÖ;27
G50514;Weißpriach;242;GRÜNE;4
G50514;Weißpriach;242;NEOS;3
G50514;Weißpriach;242;KPÖ;0
G50514;Weißpriach;242;EUROPA;0
G50515;Zederhaus;958;ÖVP;294
G50515;Zederhaus;958;SPÖ;32
G50515;Zederhaus;958;FPÖ;99
G50515;Zederhaus;958;GRÜNE;17
G50515;Zederhaus;958;NEOS;5
G50515;Zederhaus;958;KPÖ;1
G50515;Zederhaus;958;EUROPA;2
G50599;Wahlkarten - Tamsweg;0;ÖVP;703
G50599;Wahlkarten - Tamsweg;0;SPÖ;264
G50599;Wahlkarten - Tamsweg;0;FPÖ;275
G50599;Wahlkarten - Tamsweg;0;GRÜNE;205
G50599;Wahlkarten - Tamsweg;0;NEOS;145
G50599;Wahlkarten - Tamsweg;0;KPÖ;11
G50599;Wahlkarten - Tamsweg;0;EUROPA;15
G50601;Bramberg am Wildkogel;3160;ÖVP;681
G50601;Bramberg am Wildkogel;3160;SPÖ;290
G50601;Bramberg am Wildkogel;3160;FPÖ;208
G50601;Bramberg am Wildkogel;3160;GRÜNE;69
G50601;Bramberg am Wildkogel;3160;NEOS;72
G50601;Bramberg am Wildkogel;3160;KPÖ;4
G50601;Bramberg am Wildkogel;3160;EUROPA;11
G50602;Bruck an der Großglocknerstraße;3479;ÖVP;690
G50602;Bruck an der Großglocknerstraße;3479;SPÖ;308
G50602;Bruck an der Großglocknerstraße;3479;FPÖ;257
G50602;Bruck an der Großglocknerstraße;3479;GRÜNE;124
G50602;Bruck an der Großglocknerstraße;3479;NEOS;141
G50602;Bruck an der Großglocknerstraße;3479;KPÖ;8
G50602;Bruck an der Großglocknerstraße;3479;EUROPA;13
G50603;Dienten am Hochkönig;620;ÖVP;161
G50603;Dienten am Hochkönig;620;SPÖ;89
G50603;Dienten am Hochkönig;620;FPÖ;28
G50603;Dienten am Hochkönig;620;GRÜNE;9
G50603;Dienten am Hochkönig;620;NEOS;19
G50603;Dienten am Hochkönig;620;KPÖ;0
G50603;Dienten am Hochkönig;620;EUROPA;2
G50604;Fusch an der Großglocknerstraße;531;ÖVP;188
G50604;Fusch an der Großglocknerstraße;531;SPÖ;36
G50604;Fusch an der Großglocknerstraße;531;FPÖ;30
G50604;Fusch an der Großglocknerstraße;531;GRÜNE;18
G50604;Fusch an der Großglocknerstraße;531;NEOS;12
G50604;Fusch an der Großglocknerstraße;531;KPÖ;0
G50604;Fusch an der Großglocknerstraße;531;EUROPA;2
G50605;Hollersbach im Pinzgau;958;ÖVP;256
G50605;Hollersbach im Pinzgau;958;SPÖ;91
G50605;Hollersbach im Pinzgau;958;FPÖ;78
G50605;Hollersbach im Pinzgau;958;GRÜNE;21
G50605;Hollersbach im Pinzgau;958;NEOS;35
G50605;Hollersbach im Pinzgau;958;KPÖ;1
G50605;Hollersbach im Pinzgau;958;EUROPA;3
G50606;Kaprun;2123;ÖVP;445
G50606;Kaprun;2123;SPÖ;289
G50606;Kaprun;2123;FPÖ;113
G50606;Kaprun;2123;GRÜNE;81
G50606;Kaprun;2123;NEOS;84
G50606;Kaprun;2123;KPÖ;2
G50606;Kaprun;2123;EUROPA;7
G50607;Krimml;637;ÖVP;153
G50607;Krimml;637;SPÖ;65
G50607;Krimml;637;FPÖ;43
G50607;Krimml;637;GRÜNE;11
G50607;Krimml;637;NEOS;23
G50607;Krimml;637;KPÖ;0
G50607;Krimml;637;EUROPA;0
G50608;Lend;1018;ÖVP;203
G50608;Lend;1018;SPÖ;140
G50608;Lend;1018;FPÖ;87
G50608;Lend;1018;GRÜNE;18
G50608;Lend;1018;NEOS;14
G50608;Lend;1018;KPÖ;3
G50608;Lend;1018;EUROPA;5
G50609;Leogang;2443;ÖVP;703
G50609;Leogang;2443;SPÖ;263
G50609;Leogang;2443;FPÖ;94
G50609;Leogang;2443;GRÜNE;105
G50609;Leogang;2443;NEOS;77
G50609;Leogang;2443;KPÖ;3
G50609;Leogang;2443;EUROPA;8
G50610;Lofer;1616;ÖVP;395
G50610;Lofer;1616;SPÖ;95
G50610;Lofer;1616;FPÖ;123
G50610;Lofer;1616;GRÜNE;75
G50610;Lofer;1616;NEOS;52
G50610;Lofer;1616;KPÖ;0
G50610;Lofer;1616;EUROPA;3
G50611;Maishofen;2659;ÖVP;603
G50611;Maishofen;2659;SPÖ;195
G50611;Maishofen;2659;FPÖ;147
G50611;Maishofen;2659;GRÜNE;101
G50611;Maishofen;2659;NEOS;103
G50611;Maishofen;2659;KPÖ;3
G50611;Maishofen;2659;EUROPA;3
G50612;Maria Alm am Steinernen Meer;1578;ÖVP;419
G50612;Maria Alm am Steinernen Meer;1578;SPÖ;82
G50612;Maria Alm am Steinernen Meer;1578;FPÖ;88
G50612;Maria Alm am Steinernen Meer;1578;GRÜNE;47
G50612;Maria Alm am Steinernen Meer;1578;NEOS;34
G50612;Maria Alm am Steinernen Meer;1578;KPÖ;2
G50612;Maria Alm am Steinernen Meer;1578;EUROPA;5
G50613;Mittersill;3884;ÖVP;743
G50613;Mittersill;3884;SPÖ;308
G50613;Mittersill;3884;FPÖ;356
G50613;Mittersill;3884;GRÜNE;103
G50613;Mittersill;3884;NEOS;164
G50613;Mittersill;3884;KPÖ;7
G50613;Mittersill;3884;EUROPA;6
G50614;Neukirchen am Großvenediger;2072;ÖVP;432
G50614;Neukirchen am Großvenediger;2072;SPÖ;159
G50614;Neukirchen am Großvenediger;2072;FPÖ;150
G50614;Neukirchen am Großvenediger;2072;GRÜNE;53
G50614;Neukirchen am Großvenediger;2072;NEOS;53
G50614;Neukirchen am Großvenediger;2072;KPÖ;5
G50614;Neukirchen am Großvenediger;2072;EUROPA;6
G50615;Niedernsill;2144;ÖVP;467
G50615;Niedernsill;2144;SPÖ;187
G50615;Niedernsill;2144;FPÖ;188
G50615;Niedernsill;2144;GRÜNE;92
G50615;Niedernsill;2144;NEOS;68
G50615;Niedernsill;2144;KPÖ;1
G50615;Niedernsill;2144;EUROPA;7
G50616;Piesendorf;2868;ÖVP;623
G50616;Piesendorf;2868;SPÖ;185
G50616;Piesendorf;2868;FPÖ;207
G50616;Piesendorf;2868;GRÜNE;87
G50616;Piesendorf;2868;NEOS;103
G50616;Piesendorf;2868;KPÖ;4
G50616;Piesendorf;2868;EUROPA;4
G50617;Rauris;2423;ÖVP;536
G50617;Rauris;2423;SPÖ;177
G50617;Rauris;2423;FPÖ;156
G50617;Rauris;2423;GRÜNE;75
G50617;Rauris;2423;NEOS;52
G50617;Rauris;2423;KPÖ;4
G50617;Rauris;2423;EUROPA;5
G50618;Saalbach-Hinterglemm;2081;ÖVP;631
G50618;Saalbach-Hinterglemm;2081;SPÖ;80
G50618;Saalbach-Hinterglemm;2081;FPÖ;112
G50618;Saalbach-Hinterglemm;2081;GRÜNE;50
G50618;Saalbach-Hinterglemm;2081;NEOS;77
G50618;Saalbach-Hinterglemm;2081;KPÖ;3
G50618;Saalbach-Hinterglemm;2081;EUROPA;3
G50619;Saalfelden am Steinernen Meer;12077;ÖVP;2218
G50619;Saalfelden am Steinernen Meer;12077;SPÖ;1307
G50619;Saalfelden am Steinernen Meer;12077;FPÖ;826
G50619;Saalfelden am Steinernen Meer;12077;GRÜNE;678
G50619;Saalfelden am Steinernen Meer;12077;NEOS;449
G50619;Saalfelden am Steinernen Meer;12077;KPÖ;17
G50619;Saalfelden am Steinernen Meer;12077;EUROPA;59
G50620;Sankt Martin bei Lofer;906;ÖVP;232
G50620;Sankt Martin bei Lofer;906;SPÖ;92
G50620;Sankt Martin bei Lofer;906;FPÖ;43
G50620;Sankt Martin bei Lofer;906;GRÜNE;60
G50620;Sankt Martin bei Lofer;906;NEOS;33
G50620;Sankt Martin bei Lofer;906;KPÖ;0
G50620;Sankt Martin bei Lofer;906;EUROPA;2
G50621;Stuhlfelden;1285;ÖVP;308
G50621;Stuhlfelden;1285;SPÖ;129
G50621;Stuhlfelden;1285;FPÖ;160
G50621;Stuhlfelden;1285;GRÜNE;38
G50621;Stuhlfelden;1285;NEOS;34
G50621;Stuhlfelden;1285;KPÖ;1
G50621;Stuhlfelden;1285;EUROPA;3
G50622;Taxenbach;2129;ÖVP;511
G50622;Taxenbach;2129;SPÖ;203
G50622;Taxenbach;2129;FPÖ;178
G50622;Taxenbach;2129;GRÜNE;45
G50622;Taxenbach;2129;NEOS;57
G50622;Taxenbach;2129;KPÖ;1
G50622;Taxenbach;2129;EUROPA;2
G50623;Unken;1439;ÖVP;314
G50623;Unken;1439;SPÖ;90
G50623;Unken;1439;FPÖ;162
G50623;Unken;1439;GRÜNE;58
G50623;Unken;1439;NEOS;34
G50623;Unken;1439;KPÖ;0
G50623;Unken;1439;EUROPA;9
G50624;Uttendorf;2344;ÖVP;413
G50624;Uttendorf;2344;SPÖ;259
G50624;Uttendorf;2344;FPÖ;200
G50624;Uttendorf;2344;GRÜNE;75
G50624;Uttendorf;2344;NEOS;79
G50624;Uttendorf;2344;KPÖ;3
G50624;Uttendorf;2344;EUROPA;5
G50625;Viehhofen;448;ÖVP;103
G50625;Viehhofen;448;SPÖ;15
G50625;Viehhofen;448;FPÖ;47
G50625;Viehhofen;448;GRÜNE;8
G50625;Viehhofen;448;NEOS;17
G50625;Viehhofen;448;KPÖ;1
G50625;Viehhofen;448;EUROPA;2
G50626;Wald im Pinzgau;867;ÖVP;209
G50626;Wald im Pinzgau;867;SPÖ;51
G50626;Wald im Pinzgau;867;FPÖ;82
G50626;Wald im Pinzgau;867;GRÜNE;26
G50626;Wald im Pinzgau;867;NEOS;22
G50626;Wald im Pinzgau;867;KPÖ;1
G50626;Wald im Pinzgau;867;EUROPA;0
G50627;Weißbach bei Lofer;312;ÖVP;103
G50627;Weißbach bei Lofer;312;SPÖ;17
G50627;Weißbach bei Lofer;312;FPÖ;27
G50627;Weißbach bei Lofer;312;GRÜNE;15
G50627;Weißbach bei Lofer;312;NEOS;7
G50627;Weißbach bei Lofer;312;KPÖ;1
G50627;Weißbach bei Lofer;312;EUROPA;3
G50628;Zell am See;6419;ÖVP;1075
G50628;Zell am See;6419;SPÖ;620
G50628;Zell am See;6419;FPÖ;405
G50628;Zell am See;6419;GRÜNE;247
G50628;Zell am See;6419;NEOS;198
G50628;Zell am See;6419;KPÖ;5
G50628;Zell am See;6419;EUROPA;12
G50699;Wahlkarten - Zell am See;0;ÖVP;2218
G50699;Wahlkarten - Zell am See;0;SPÖ;1257
G50699;Wahlkarten - Zell am See;0;FPÖ;581
G50699;Wahlkarten - Zell am See;0;GRÜNE;829
G50699;Wahlkarten - Zell am See;0;NEOS;503
G50699;Wahlkarten - Zell am See;0;KPÖ;30
G50699;Wahlkarten - Zell am See;0;EUROPA;51
G6A099;Wahlkarten - Graz und Umgebung;0;ÖVP;0
G6A099;Wahlkarten - Graz und Umgebung;0;SPÖ;0
G6A099;Wahlkarten - Graz und Umgebung;0;FPÖ;0
G6A099;Wahlkarten - Graz und Umgebung;0;GRÜNE;0
G6A099;Wahlkarten - Graz und Umgebung;0;NEOS;0
G6A099;Wahlkarten - Graz und Umgebung;0;KPÖ;0
G6A099;Wahlkarten - Graz und Umgebung;0;EUROPA;0
G6B099;Wahlkarten - Oststeiermark;0;ÖVP;0
G6B099;Wahlkarten - Oststeiermark;0;SPÖ;0
G6B099;Wahlkarten - Oststeiermark;0;FPÖ;0
G6B099;Wahlkarten - Oststeiermark;0;GRÜNE;0
G6B099;Wahlkarten - Oststeiermark;0;NEOS;0
G6B099;Wahlkarten - Oststeiermark;0;KPÖ;0
G6B099;Wahlkarten - Oststeiermark;0;EUROPA;0
G6C099;Wahlkarten - Weststeiermark;0;ÖVP;0
G6C099;Wahlkarten - Weststeiermark;0;SPÖ;0
G6C099;Wahlkarten - Weststeiermark;0;FPÖ;0
G6C099;Wahlkarten - Weststeiermark;0;GRÜNE;0
G6C099;Wahlkarten - Weststeiermark;0;NEOS;0
G6C099;Wahlkarten - Weststeiermark;0;KPÖ;0
G6C099;Wahlkarten - Weststeiermark;0;EUROPA;0
G6D099;Wahlkarten - Obersteiermark;0;ÖVP;0
G6D099;Wahlkarten - Obersteiermark;0;SPÖ;0
G6D099;Wahlkarten - Obersteiermark;0;FPÖ;0
G6D099;Wahlkarten - Obersteiermark;0;GRÜNE;0
G6D099;Wahlkarten - Obersteiermark;0;NEOS;0
G6D099;Wahlkarten - Obersteiermark;0;KPÖ;0
G6D099;Wahlkarten - Obersteiermark;0;EUROPA;0
G60101;Graz;197436;ÖVP;25744
G60101;Graz;197436;SPÖ;19340
G60101;Graz;197436;FPÖ;13238
G60101;Graz;197436;GRÜNE;23513
G60101;Graz;197436;NEOS;11394
G60101;Graz;197436;KPÖ;2008
G60101;Graz;197436;EUROPA;1442
G60199;Wahlkarten - Graz Stadt;0;ÖVP;5440
G60199;Wahlkarten - Graz Stadt;0;SPÖ;4948
G60199;Wahlkarten - Graz Stadt;0;FPÖ;2060
G60199;Wahlkarten - Graz Stadt;0;GRÜNE;6991
G60199;Wahlkarten - Graz Stadt;0;NEOS;3014
G60199;Wahlkarten - Graz Stadt;0;KPÖ;475
G60199;Wahlkarten - Graz Stadt;0;EUROPA;331
G60305;Frauental an der Laßnitz;2376;ÖVP;351
G60305;Frauental an der Laßnitz;2376;SPÖ;370
G60305;Frauental an der Laßnitz;2376;FPÖ;217
G60305;Frauental an der Laßnitz;2376;GRÜNE;87
G60305;Frauental an der Laßnitz;2376;NEOS;68
G60305;Frauental an der Laßnitz;2376;KPÖ;4
G60305;Frauental an der Laßnitz;2376;EUROPA;9
G60318;Lannach;2827;ÖVP;496
G60318;Lannach;2827;SPÖ;198
G60318;Lannach;2827;FPÖ;287
G60318;Lannach;2827;GRÜNE;130
G60318;Lannach;2827;NEOS;113
G60318;Lannach;2827;KPÖ;9
G60318;Lannach;2827;EUROPA;7
G60323;Pölfing-Brunn;1381;ÖVP;186
G60323;Pölfing-Brunn;1381;SPÖ;145
G60323;Pölfing-Brunn;1381;FPÖ;162
G60323;Pölfing-Brunn;1381;GRÜNE;19
G60323;Pölfing-Brunn;1381;NEOS;29
G60323;Pölfing-Brunn;1381;KPÖ;4
G60323;Pölfing-Brunn;1381;EUROPA;4
G60324;Preding;1474;ÖVP;253
G60324;Preding;1474;SPÖ;144
G60324;Preding;1474;FPÖ;162
G60324;Preding;1474;GRÜNE;63
G60324;Preding;1474;NEOS;47
G60324;Preding;1474;KPÖ;11
G60324;Preding;1474;EUROPA;3
G60326;Sankt Josef (Weststeiermark);1292;ÖVP;298
G60326;Sankt Josef (Weststeiermark);1292;SPÖ;140
G60326;Sankt Josef (Weststeiermark);1292;FPÖ;131
G60326;Sankt Josef (Weststeiermark);1292;GRÜNE;87
G60326;Sankt Josef (Weststeiermark);1292;NEOS;48
G60326;Sankt Josef (Weststeiermark);1292;KPÖ;5
G60326;Sankt Josef (Weststeiermark);1292;EUROPA;7
G60329;Sankt Peter im Sulmtal;1081;ÖVP;235
G60329;Sankt Peter im Sulmtal;1081;SPÖ;66
G60329;Sankt Peter im Sulmtal;1081;FPÖ;130
G60329;Sankt Peter im Sulmtal;1081;GRÜNE;32
G60329;Sankt Peter im Sulmtal;1081;NEOS;22
G60329;Sankt Peter im Sulmtal;1081;KPÖ;1
G60329;Sankt Peter im Sulmtal;1081;EUROPA;4
G60341;Wettmannstätten;1326;ÖVP;318
G60341;Wettmannstätten;1326;SPÖ;98
G60341;Wettmannstätten;1326;FPÖ;185
G60341;Wettmannstätten;1326;GRÜNE;50
G60341;Wettmannstätten;1326;NEOS;24
G60341;Wettmannstätten;1326;KPÖ;2
G60341;Wettmannstätten;1326;EUROPA;4
G60344;Deutschlandsberg;9380;ÖVP;1202
G60344;Deutschlandsberg;9380;SPÖ;997
G60344;Deutschlandsberg;9380;FPÖ;853
G60344;Deutschlandsberg;9380;GRÜNE;437
G60344;Deutschlandsberg;9380;NEOS;335
G60344;Deutschlandsberg;9380;KPÖ;49
G60344;Deutschlandsberg;9380;EUROPA;31
G60345;Eibiswald;5414;ÖVP;922
G60345;Eibiswald;5414;SPÖ;409
G60345;Eibiswald;5414;FPÖ;653
G60345;Eibiswald;5414;GRÜNE;134
G60345;Eibiswald;5414;NEOS;93
G60345;Eibiswald;5414;KPÖ;9
G60345;Eibiswald;5414;EUROPA;9
G60346;Groß Sankt Florian;3439;ÖVP;739
G60346;Groß Sankt Florian;3439;SPÖ;275
G60346;Groß Sankt Florian;3439;FPÖ;383
G60346;Groß Sankt Florian;3439;GRÜNE;101
G60346;Groß Sankt Florian;3439;NEOS;96
G60346;Groß Sankt Florian;3439;KPÖ;8
G60346;Groß Sankt Florian;3439;EUROPA;9
G60347;Sankt Martin im Sulmtal;2617;ÖVP;620
G60347;Sankt Martin im Sulmtal;2617;SPÖ;209
G60347;Sankt Martin im Sulmtal;2617;FPÖ;311
G60347;Sankt Martin im Sulmtal;2617;GRÜNE;56
G60347;Sankt Martin im Sulmtal;2617;NEOS;63
G60347;Sankt Martin im Sulmtal;2617;KPÖ;10
G60347;Sankt Martin im Sulmtal;2617;EUROPA;9
G60348;Sankt Stefan ob Stainz;3004;ÖVP;630
G60348;Sankt Stefan ob Stainz;3004;SPÖ;192
G60348;Sankt Stefan ob Stainz;3004;FPÖ;417
G60348;Sankt Stefan ob Stainz;3004;GRÜNE;138
G60348;Sankt Stefan ob Stainz;3004;NEOS;84
G60348;Sankt Stefan ob Stainz;3004;KPÖ;10
G60348;Sankt Stefan ob Stainz;3004;EUROPA;7
G60349;Schwanberg;3827;ÖVP;682
G60349;Schwanberg;3827;SPÖ;405
G60349;Schwanberg;3827;FPÖ;479
G60349;Schwanberg;3827;GRÜNE;136
G60349;Schwanberg;3827;NEOS;96
G60349;Schwanberg;3827;KPÖ;6
G60349;Schwanberg;3827;EUROPA;6
G60350;Stainz;7166;ÖVP;1358
G60350;Stainz;7166;SPÖ;467
G60350;Stainz;7166;FPÖ;867
G60350;Stainz;7166;GRÜNE;403
G60350;Stainz;7166;NEOS;248
G60350;Stainz;7166;KPÖ;22
G60350;Stainz;7166;EUROPA;28
G60351;Wies;3652;ÖVP;611
G60351;Wies;3652;SPÖ;302
G60351;Wies;3652;FPÖ;447
G60351;Wies;3652;GRÜNE;94
G60351;Wies;3652;NEOS;57
G60351;Wies;3652;KPÖ;7
G60351;Wies;3652;EUROPA;15
G60399;Wahlkarten - Deutschlandsberg;0;ÖVP;1698
G60399;Wahlkarten - Deutschlandsberg;0;SPÖ;1096
G60399;Wahlkarten - Deutschlandsberg;0;FPÖ;850
G60399;Wahlkarten - Deutschlandsberg;0;GRÜNE;608
G60399;Wahlkarten - Deutschlandsberg;0;NEOS;360
G60399;Wahlkarten - Deutschlandsberg;0;KPÖ;44
G60399;Wahlkarten - Deutschlandsberg;0;EUROPA;46
G60608;Feldkirchen bei Graz;4541;ÖVP;658
G60608;Feldkirchen bei Graz;4541;SPÖ;408
G60608;Feldkirchen bei Graz;4541;FPÖ;578
G60608;Feldkirchen bei Graz;4541;GRÜNE;188
G60608;Feldkirchen bei Graz;4541;NEOS;160
G60608;Feldkirchen bei Graz;4541;KPÖ;10
G60608;Feldkirchen bei Graz;4541;EUROPA;12
G60611;Gössendorf;3061;ÖVP;446
G60611;Gössendorf;3061;SPÖ;323
G60611;Gössendorf;3061;FPÖ;392
G60611;Gössendorf;3061;GRÜNE;156
G60611;Gössendorf;3061;NEOS;121
G60611;Gössendorf;3061;KPÖ;18
G60611;Gössendorf;3061;EUROPA;4
G60613;Gratkorn;6219;ÖVP;702
G60613;Gratkorn;6219;SPÖ;769
G60613;Gratkorn;6219;FPÖ;780
G60613;Gratkorn;6219;GRÜNE;286
G60613;Gratkorn;6219;NEOS;222
G60613;Gratkorn;6219;KPÖ;42
G60613;Gratkorn;6219;EUROPA;21
G60617;Hart bei Graz;4017;ÖVP;564
G60617;Hart bei Graz;4017;SPÖ;360
G60617;Hart bei Graz;4017;FPÖ;332
G60617;Hart bei Graz;4017;GRÜNE;396
G60617;Hart bei Graz;4017;NEOS;243
G60617;Hart bei Graz;4017;KPÖ;18
G60617;Hart bei Graz;4017;EUROPA;24
G60618;Haselsdorf-Tobelbad;1208;ÖVP;184
G60618;Haselsdorf-Tobelbad;1208;SPÖ;150
G60618;Haselsdorf-Tobelbad;1208;FPÖ;127
G60618;Haselsdorf-Tobelbad;1208;GRÜNE;48
G60618;Haselsdorf-Tobelbad;1208;NEOS;51
G60618;Haselsdorf-Tobelbad;1208;KPÖ;0
G60618;Haselsdorf-Tobelbad;1208;EUROPA;3
G60619;Hausmannstätten;2625;ÖVP;525
G60619;Hausmannstätten;2625;SPÖ;193
G60619;Hausmannstätten;2625;FPÖ;203
G60619;Hausmannstätten;2625;GRÜNE;216
G60619;Hausmannstätten;2625;NEOS;153
G60619;Hausmannstätten;2625;KPÖ;16
G60619;Hausmannstätten;2625;EUROPA;16
G60623;Kainbach bei Graz;2324;ÖVP;404
G60623;Kainbach bei Graz;2324;SPÖ;159
G60623;Kainbach bei Graz;2324;FPÖ;155
G60623;Kainbach bei Graz;2324;GRÜNE;195
G60623;Kainbach bei Graz;2324;NEOS;104
G60623;Kainbach bei Graz;2324;KPÖ;8
G60623;Kainbach bei Graz;2324;EUROPA;9
G60624;Kalsdorf bei Graz;5217;ÖVP;694
G60624;Kalsdorf bei Graz;5217;SPÖ;508
G60624;Kalsdorf bei Graz;5217;FPÖ;507
G60624;Kalsdorf bei Graz;5217;GRÜNE;221
G60624;Kalsdorf bei Graz;5217;NEOS;177
G60624;Kalsdorf bei Graz;5217;KPÖ;26
G60624;Kalsdorf bei Graz;5217;EUROPA;17
G60626;Kumberg;3098;ÖVP;530
G60626;Kumberg;3098;SPÖ;209
G60626;Kumberg;3098;FPÖ;254
G60626;Kumberg;3098;GRÜNE;318
G60626;Kumberg;3098;NEOS;141
G60626;Kumberg;3098;KPÖ;8
G60626;Kumberg;3098;EUROPA;9
G60628;Laßnitzhöhe;2200;ÖVP;439
G60628;Laßnitzhöhe;2200;SPÖ;187
G60628;Laßnitzhöhe;2200;FPÖ;138
G60628;Laßnitzhöhe;2200;GRÜNE;201
G60628;Laßnitzhöhe;2200;NEOS;103
G60628;Laßnitzhöhe;2200;KPÖ;4
G60628;Laßnitzhöhe;2200;EUROPA;12
G60629;Lieboch;4070;ÖVP;594
G60629;Lieboch;4070;SPÖ;370
G60629;Lieboch;4070;FPÖ;449
G60629;Lieboch;4070;GRÜNE;233
G60629;Lieboch;4070;NEOS;138
G60629;Lieboch;4070;KPÖ;12
G60629;Lieboch;4070;EUROPA;14
G60632;Peggau;1716;ÖVP;216
G60632;Peggau;1716;SPÖ;192
G60632;Peggau;1716;FPÖ;195
G60632;Peggau;1716;GRÜNE;70
G60632;Peggau;1716;NEOS;26
G60632;Peggau;1716;KPÖ;2
G60632;Peggau;1716;EUROPA;3
G60639;Sankt Bartholomä;1164;ÖVP;313
G60639;Sankt Bartholomä;1164;SPÖ;80
G60639;Sankt Bartholomä;1164;FPÖ;128
G60639;Sankt Bartholomä;1164;GRÜNE;60
G60639;Sankt Bartholomä;1164;NEOS;30
G60639;Sankt Bartholomä;1164;KPÖ;2
G60639;Sankt Bartholomä;1164;EUROPA;5
G60641;Sankt Oswald bei Plankenwarth;1041;ÖVP;210
G60641;Sankt Oswald bei Plankenwarth;1041;SPÖ;153
G60641;Sankt Oswald bei Plankenwarth;1041;FPÖ;86
G60641;Sankt Oswald bei Plankenwarth;1041;GRÜNE;59
G60641;Sankt Oswald bei Plankenwarth;1041;NEOS;29
G60641;Sankt Oswald bei Plankenwarth;1041;KPÖ;1
G60641;Sankt Oswald bei Plankenwarth;1041;EUROPA;7
G60642;Sankt Radegund bei Graz;1792;ÖVP;315
G60642;Sankt Radegund bei Graz;1792;SPÖ;154
G60642;Sankt Radegund bei Graz;1792;FPÖ;105
G60642;Sankt Radegund bei Graz;1792;GRÜNE;159
G60642;Sankt Radegund bei Graz;1792;NEOS;72
G60642;Sankt Radegund bei Graz;1792;KPÖ;8
G60642;Sankt Radegund bei Graz;1792;EUROPA;7
G60645;Semriach;2592;ÖVP;628
G60645;Semriach;2592;SPÖ;142
G60645;Semriach;2592;FPÖ;318
G60645;Semriach;2592;GRÜNE;107
G60645;Semriach;2592;NEOS;71
G60645;Semriach;2592;KPÖ;7
G60645;Semriach;2592;EUROPA;7
G60646;Stattegg;2379;ÖVP;440
G60646;Stattegg;2379;SPÖ;175
G60646;Stattegg;2379;FPÖ;174
G60646;Stattegg;2379;GRÜNE;298
G60646;Stattegg;2379;NEOS;144
G60646;Stattegg;2379;KPÖ;12
G60646;Stattegg;2379;EUROPA;19
G60647;Stiwoll;597;ÖVP;139
G60647;Stiwoll;597;SPÖ;67
G60647;Stiwoll;597;FPÖ;49
G60647;Stiwoll;597;GRÜNE;21
G60647;Stiwoll;597;NEOS;8
G60647;Stiwoll;597;KPÖ;4
G60647;Stiwoll;597;EUROPA;0
G60648;Thal;1785;ÖVP;387
G60648;Thal;1785;SPÖ;178
G60648;Thal;1785;FPÖ;142
G60648;Thal;1785;GRÜNE;157
G60648;Thal;1785;NEOS;77
G60648;Thal;1785;KPÖ;6
G60648;Thal;1785;EUROPA;9
G60651;Übelbach;1675;ÖVP;307
G60651;Übelbach;1675;SPÖ;200
G60651;Übelbach;1675;FPÖ;143
G60651;Übelbach;1675;GRÜNE;50
G60651;Übelbach;1675;NEOS;53
G60651;Übelbach;1675;KPÖ;6
G60651;Übelbach;1675;EUROPA;7
G60653;Vasoldsberg;3692;ÖVP;648
G60653;Vasoldsberg;3692;SPÖ;249
G60653;Vasoldsberg;3692;FPÖ;486
G60653;Vasoldsberg;3692;GRÜNE;233
G60653;Vasoldsberg;3692;NEOS;147
G60653;Vasoldsberg;3692;KPÖ;8
G60653;Vasoldsberg;3692;EUROPA;16
G60654;Weinitzen;2145;ÖVP;420
G60654;Weinitzen;2145;SPÖ;131
G60654;Weinitzen;2145;FPÖ;196
G60654;Weinitzen;2145;GRÜNE;156
G60654;Weinitzen;2145;NEOS;106
G60654;Weinitzen;2145;KPÖ;9
G60654;Weinitzen;2145;EUROPA;6
G60655;Werndorf;1755;ÖVP;265
G60655;Werndorf;1755;SPÖ;251
G60655;Werndorf;1755;FPÖ;203
G60655;Werndorf;1755;GRÜNE;65
G60655;Werndorf;1755;NEOS;45
G60655;Werndorf;1755;KPÖ;4
G60655;Werndorf;1755;EUROPA;9
G60656;Wundschuh;1231;ÖVP;370
G60656;Wundschuh;1231;SPÖ;91
G60656;Wundschuh;1231;FPÖ;126
G60656;Wundschuh;1231;GRÜNE;67
G60656;Wundschuh;1231;NEOS;29
G60656;Wundschuh;1231;KPÖ;6
G60656;Wundschuh;1231;EUROPA;0
G60659;Deutschfeistritz;3409;ÖVP;585
G60659;Deutschfeistritz;3409;SPÖ;347
G60659;Deutschfeistritz;3409;FPÖ;421
G60659;Deutschfeistritz;3409;GRÜNE;170
G60659;Deutschfeistritz;3409;NEOS;102
G60659;Deutschfeistritz;3409;KPÖ;16
G60659;Deutschfeistritz;3409;EUROPA;6
G60660;Dobl-Zwaring;2718;ÖVP;612
G60660;Dobl-Zwaring;2718;SPÖ;151
G60660;Dobl-Zwaring;2718;FPÖ;334
G60660;Dobl-Zwaring;2718;GRÜNE;126
G60660;Dobl-Zwaring;2718;NEOS;96
G60660;Dobl-Zwaring;2718;KPÖ;7
G60660;Dobl-Zwaring;2718;EUROPA;8
G60661;Eggersdorf bei Graz;5330;ÖVP;1091
G60661;Eggersdorf bei Graz;5330;SPÖ;349
G60661;Eggersdorf bei Graz;5330;FPÖ;570
G60661;Eggersdorf bei Graz;5330;GRÜNE;395
G60661;Eggersdorf bei Graz;5330;NEOS;195
G60661;Eggersdorf bei Graz;5330;KPÖ;20
G60661;Eggersdorf bei Graz;5330;EUROPA;35
G60662;Fernitz-Mellach;3878;ÖVP;692
G60662;Fernitz-Mellach;3878;SPÖ;317
G60662;Fernitz-Mellach;3878;FPÖ;428
G60662;Fernitz-Mellach;3878;GRÜNE;207
G60662;Fernitz-Mellach;3878;NEOS;180
G60662;Fernitz-Mellach;3878;KPÖ;17
G60662;Fernitz-Mellach;3878;EUROPA;12
G60663;Frohnleiten;5452;ÖVP;912
G60663;Frohnleiten;5452;SPÖ;681
G60663;Frohnleiten;5452;FPÖ;458
G60663;Frohnleiten;5452;GRÜNE;270
G60663;Frohnleiten;5452;NEOS;178
G60663;Frohnleiten;5452;KPÖ;19
G60663;Frohnleiten;5452;EUROPA;18
G60664;Gratwein-Straßengel;10350;ÖVP;1525
G60664;Gratwein-Straßengel;10350;SPÖ;1366
G60664;Gratwein-Straßengel;10350;FPÖ;1093
G60664;Gratwein-Straßengel;10350;GRÜNE;829
G60664;Gratwein-Straßengel;10350;NEOS;423
G60664;Gratwein-Straßengel;10350;KPÖ;63
G60664;Gratwein-Straßengel;10350;EUROPA;53
G60665;Hitzendorf;5774;ÖVP;1612
G60665;Hitzendorf;5774;SPÖ;433
G60665;Hitzendorf;5774;FPÖ;573
G60665;Hitzendorf;5774;GRÜNE;294
G60665;Hitzendorf;5774;NEOS;185
G60665;Hitzendorf;5774;KPÖ;15
G60665;Hitzendorf;5774;EUROPA;21
G60666;Nestelbach bei Graz;2196;ÖVP;411
G60666;Nestelbach bei Graz;2196;SPÖ;129
G60666;Nestelbach bei Graz;2196;FPÖ;237
G60666;Nestelbach bei Graz;2196;GRÜNE;119
G60666;Nestelbach bei Graz;2196;NEOS;89
G60666;Nestelbach bei Graz;2196;KPÖ;12
G60666;Nestelbach bei Graz;2196;EUROPA;2
G60667;Raaba-Grambach;3412;ÖVP;625
G60667;Raaba-Grambach;3412;SPÖ;325
G60667;Raaba-Grambach;3412;FPÖ;267
G60667;Raaba-Grambach;3412;GRÜNE;291
G60667;Raaba-Grambach;3412;NEOS;179
G60667;Raaba-Grambach;3412;KPÖ;19
G60667;Raaba-Grambach;3412;EUROPA;16
G60668;Sankt Marein bei Graz;3049;ÖVP;622
G60668;Sankt Marein bei Graz;3049;SPÖ;177
G60668;Sankt Marein bei Graz;3049;FPÖ;302
G60668;Sankt Marein bei Graz;3049;GRÜNE;193
G60668;Sankt Marein bei Graz;3049;NEOS;99
G60668;Sankt Marein bei Graz;3049;KPÖ;13
G60668;Sankt Marein bei Graz;3049;EUROPA;15
G60669;Seiersberg-Pirka;8403;ÖVP;1359
G60669;Seiersberg-Pirka;8403;SPÖ;956
G60669;Seiersberg-Pirka;8403;FPÖ;1050
G60669;Seiersberg-Pirka;8403;GRÜNE;555
G60669;Seiersberg-Pirka;8403;NEOS;464
G60669;Seiersberg-Pirka;8403;KPÖ;52
G60669;Seiersberg-Pirka;8403;EUROPA;33
G60670;Premstätten;4732;ÖVP;831
G60670;Premstätten;4732;SPÖ;366
G60670;Premstätten;4732;FPÖ;531
G60670;Premstätten;4732;GRÜNE;209
G60670;Premstätten;4732;NEOS;187
G60670;Premstätten;4732;KPÖ;28
G60670;Premstätten;4732;EUROPA;9
G60699;Wahlkarten - Graz-Umgebung;0;ÖVP;3549
G60699;Wahlkarten - Graz-Umgebung;0;SPÖ;2587
G60699;Wahlkarten - Graz-Umgebung;0;FPÖ;1815
G60699;Wahlkarten - Graz-Umgebung;0;GRÜNE;1990
G60699;Wahlkarten - Graz-Umgebung;0;NEOS;1185
G60699;Wahlkarten - Graz-Umgebung;0;KPÖ;112
G60699;Wahlkarten - Graz-Umgebung;0;EUROPA;143
G61001;Allerheiligen bei Wildon;1223;ÖVP;325
G61001;Allerheiligen bei Wildon;1223;SPÖ;80
G61001;Allerheiligen bei Wildon;1223;FPÖ;144
G61001;Allerheiligen bei Wildon;1223;GRÜNE;48
G61001;Allerheiligen bei Wildon;1223;NEOS;33
G61001;Allerheiligen bei Wildon;1223;KPÖ;4
G61001;Allerheiligen bei Wildon;1223;EUROPA;6
G61002;Arnfels;807;ÖVP;207
G61002;Arnfels;807;SPÖ;52
G61002;Arnfels;807;FPÖ;86
G61002;Arnfels;807;GRÜNE;26
G61002;Arnfels;807;NEOS;17
G61002;Arnfels;807;KPÖ;1
G61002;Arnfels;807;EUROPA;0
G61007;Empersdorf;1145;ÖVP;258
G61007;Empersdorf;1145;SPÖ;82
G61007;Empersdorf;1145;FPÖ;157
G61007;Empersdorf;1145;GRÜNE;43
G61007;Empersdorf;1145;NEOS;35
G61007;Empersdorf;1145;KPÖ;4
G61007;Empersdorf;1145;EUROPA;2
G61008;Gabersdorf;951;ÖVP;254
G61008;Gabersdorf;951;SPÖ;54
G61008;Gabersdorf;951;FPÖ;132
G61008;Gabersdorf;951;GRÜNE;20
G61008;Gabersdorf;951;NEOS;28
G61008;Gabersdorf;951;KPÖ;2
G61008;Gabersdorf;951;EUROPA;4
G61012;Gralla;1912;ÖVP;242
G61012;Gralla;1912;SPÖ;216
G61012;Gralla;1912;FPÖ;252
G61012;Gralla;1912;GRÜNE;60
G61012;Gralla;1912;NEOS;45
G61012;Gralla;1912;KPÖ;6
G61012;Gralla;1912;EUROPA;5
G61013;Großklein;1887;ÖVP;417
G61013;Großklein;1887;SPÖ;83
G61013;Großklein;1887;FPÖ;241
G61013;Großklein;1887;GRÜNE;93
G61013;Großklein;1887;NEOS;46
G61013;Großklein;1887;KPÖ;2
G61013;Großklein;1887;EUROPA;2
G61016;Heimschuh;1621;ÖVP;355
G61016;Heimschuh;1621;SPÖ;123
G61016;Heimschuh;1621;FPÖ;244
G61016;Heimschuh;1621;GRÜNE;47
G61016;Heimschuh;1621;NEOS;55
G61016;Heimschuh;1621;KPÖ;5
G61016;Heimschuh;1621;EUROPA;4
G61017;Hengsberg;1167;ÖVP;243
G61017;Hengsberg;1167;SPÖ;101
G61017;Hengsberg;1167;FPÖ;163
G61017;Hengsberg;1167;GRÜNE;42
G61017;Hengsberg;1167;NEOS;31
G61017;Hengsberg;1167;KPÖ;1
G61017;Hengsberg;1167;EUROPA;7
G61019;Kitzeck im Sausal;1028;ÖVP;221
G61019;Kitzeck im Sausal;1028;SPÖ;89
G61019;Kitzeck im Sausal;1028;FPÖ;124
G61019;Kitzeck im Sausal;1028;GRÜNE;46
G61019;Kitzeck im Sausal;1028;NEOS;23
G61019;Kitzeck im Sausal;1028;KPÖ;3
G61019;Kitzeck im Sausal;1028;EUROPA;3
G61020;Lang;1071;ÖVP;328
G61020;Lang;1071;SPÖ;76
G61020;Lang;1071;FPÖ;109
G61020;Lang;1071;GRÜNE;47
G61020;Lang;1071;NEOS;44
G61020;Lang;1071;KPÖ;5
G61020;Lang;1071;EUROPA;4
G61021;Lebring-Sankt Margarethen;1672;ÖVP;294
G61021;Lebring-Sankt Margarethen;1672;SPÖ;129
G61021;Lebring-Sankt Margarethen;1672;FPÖ;192
G61021;Lebring-Sankt Margarethen;1672;GRÜNE;73
G61021;Lebring-Sankt Margarethen;1672;NEOS;63
G61021;Lebring-Sankt Margarethen;1672;KPÖ;3
G61021;Lebring-Sankt Margarethen;1672;EUROPA;12
G61024;Oberhaag;1711;ÖVP;388
G61024;Oberhaag;1711;SPÖ;100
G61024;Oberhaag;1711;FPÖ;241
G61024;Oberhaag;1711;GRÜNE;27
G61024;Oberhaag;1711;NEOS;25
G61024;Oberhaag;1711;KPÖ;2
G61024;Oberhaag;1711;EUROPA;2
G61027;Ragnitz;1247;ÖVP;294
G61027;Ragnitz;1247;SPÖ;75
G61027;Ragnitz;1247;FPÖ;172
G61027;Ragnitz;1247;GRÜNE;30
G61027;Ragnitz;1247;NEOS;39
G61027;Ragnitz;1247;KPÖ;3
G61027;Ragnitz;1247;EUROPA;5
G61030;Sankt Andrä-Höch;1480;ÖVP;295
G61030;Sankt Andrä-Höch;1480;SPÖ;80
G61030;Sankt Andrä-Höch;1480;FPÖ;201
G61030;Sankt Andrä-Höch;1480;GRÜNE;44
G61030;Sankt Andrä-Höch;1480;NEOS;34
G61030;Sankt Andrä-Höch;1480;KPÖ;3
G61030;Sankt Andrä-Höch;1480;EUROPA;3
G61032;Sankt Johann im Saggautal;1689;ÖVP;342
G61032;Sankt Johann im Saggautal;1689;SPÖ;76
G61032;Sankt Johann im Saggautal;1689;FPÖ;235
G61032;Sankt Johann im Saggautal;1689;GRÜNE;34
G61032;Sankt Johann im Saggautal;1689;NEOS;33
G61032;Sankt Johann im Saggautal;1689;KPÖ;4
G61032;Sankt Johann im Saggautal;1689;EUROPA;5
G61033;Sankt Nikolai im Sausal;1914;ÖVP;353
G61033;Sankt Nikolai im Sausal;1914;SPÖ;131
G61033;Sankt Nikolai im Sausal;1914;FPÖ;202
G61033;Sankt Nikolai im Sausal;1914;GRÜNE;69
G61033;Sankt Nikolai im Sausal;1914;NEOS;39
G61033;Sankt Nikolai im Sausal;1914;KPÖ;2
G61033;Sankt Nikolai im Sausal;1914;EUROPA;3
G61043;Tillmitsch;2732;ÖVP;420
G61043;Tillmitsch;2732;SPÖ;240
G61043;Tillmitsch;2732;FPÖ;351
G61043;Tillmitsch;2732;GRÜNE;94
G61043;Tillmitsch;2732;NEOS;76
G61043;Tillmitsch;2732;KPÖ;10
G61043;Tillmitsch;2732;EUROPA;7
G61045;Wagna;4686;ÖVP;655
G61045;Wagna;4686;SPÖ;518
G61045;Wagna;4686;FPÖ;535
G61045;Wagna;4686;GRÜNE;176
G61045;Wagna;4686;NEOS;135
G61045;Wagna;4686;KPÖ;13
G61045;Wagna;4686;EUROPA;11
G61049;Ehrenhausen an der Weinstraße;2001;ÖVP;296
G61049;Ehrenhausen an der Weinstraße;2001;SPÖ;153
G61049;Ehrenhausen an der Weinstraße;2001;FPÖ;227
G61049;Ehrenhausen an der Weinstraße;2001;GRÜNE;60
G61049;Ehrenhausen an der Weinstraße;2001;NEOS;54
G61049;Ehrenhausen an der Weinstraße;2001;KPÖ;3
G61049;Ehrenhausen an der Weinstraße;2001;EUROPA;3
G61050;Gamlitz;2631;ÖVP;572
G61050;Gamlitz;2631;SPÖ;199
G61050;Gamlitz;2631;FPÖ;321
G61050;Gamlitz;2631;GRÜNE;52
G61050;Gamlitz;2631;NEOS;64
G61050;Gamlitz;2631;KPÖ;6
G61050;Gamlitz;2631;EUROPA;12
G61051;Gleinstätten;2374;ÖVP;527
G61051;Gleinstätten;2374;SPÖ;150
G61051;Gleinstätten;2374;FPÖ;277
G61051;Gleinstätten;2374;GRÜNE;69
G61051;Gleinstätten;2374;NEOS;59
G61051;Gleinstätten;2374;KPÖ;1
G61051;Gleinstätten;2374;EUROPA;5
G61052;Heiligenkreuz am Waasen;2239;ÖVP;454
G61052;Heiligenkreuz am Waasen;2239;SPÖ;154
G61052;Heiligenkreuz am Waasen;2239;FPÖ;284
G61052;Heiligenkreuz am Waasen;2239;GRÜNE;106
G61052;Heiligenkreuz am Waasen;2239;NEOS;60
G61052;Heiligenkreuz am Waasen;2239;KPÖ;12
G61052;Heiligenkreuz am Waasen;2239;EUROPA;10
G61053;Leibnitz;9424;ÖVP;1373
G61053;Leibnitz;9424;SPÖ;828
G61053;Leibnitz;9424;FPÖ;1038
G61053;Leibnitz;9424;GRÜNE;449
G61053;Leibnitz;9424;NEOS;308
G61053;Leibnitz;9424;KPÖ;38
G61053;Leibnitz;9424;EUROPA;36
G61054;Leutschach an der Weinstraße;3057;ÖVP;604
G61054;Leutschach an der Weinstraße;3057;SPÖ;114
G61054;Leutschach an der Weinstraße;3057;FPÖ;376
G61054;Leutschach an der Weinstraße;3057;GRÜNE;81
G61054;Leutschach an der Weinstraße;3057;NEOS;59
G61054;Leutschach an der Weinstraße;3057;KPÖ;10
G61054;Leutschach an der Weinstraße;3057;EUROPA;5
G61055;Sankt Georgen an der Stiefing;1225;ÖVP;337
G61055;Sankt Georgen an der Stiefing;1225;SPÖ;87
G61055;Sankt Georgen an der Stiefing;1225;FPÖ;110
G61055;Sankt Georgen an der Stiefing;1225;GRÜNE;67
G61055;Sankt Georgen an der Stiefing;1225;NEOS;43
G61055;Sankt Georgen an der Stiefing;1225;KPÖ;6
G61055;Sankt Georgen an der Stiefing;1225;EUROPA;4
G61056;Sankt Veit in der Südsteiermark;3344;ÖVP;828
G61056;Sankt Veit in der Südsteiermark;3344;SPÖ;172
G61056;Sankt Veit in der Südsteiermark;3344;FPÖ;348
G61056;Sankt Veit in der Südsteiermark;3344;GRÜNE;79
G61056;Sankt Veit in der Südsteiermark;3344;NEOS;79
G61056;Sankt Veit in der Südsteiermark;3344;KPÖ;4
G61056;Sankt Veit in der Südsteiermark;3344;EUROPA;12
G61057;Schwarzautal;1904;ÖVP;519
G61057;Schwarzautal;1904;SPÖ;57
G61057;Schwarzautal;1904;FPÖ;269
G61057;Schwarzautal;1904;GRÜNE;50
G61057;Schwarzautal;1904;NEOS;50
G61057;Schwarzautal;1904;KPÖ;4
G61057;Schwarzautal;1904;EUROPA;5
G61058;Straß in Steiermark;3666;ÖVP;591
G61058;Straß in Steiermark;3666;SPÖ;308
G61058;Straß in Steiermark;3666;FPÖ;475
G61058;Straß in Steiermark;3666;GRÜNE;97
G61058;Straß in Steiermark;3666;NEOS;95
G61058;Straß in Steiermark;3666;KPÖ;9
G61058;Straß in Steiermark;3666;EUROPA;10
G61059;Wildon;4217;ÖVP;708
G61059;Wildon;4217;SPÖ;385
G61059;Wildon;4217;FPÖ;433
G61059;Wildon;4217;GRÜNE;165
G61059;Wildon;4217;NEOS;125
G61059;Wildon;4217;KPÖ;14
G61059;Wildon;4217;EUROPA;18
G61099;Wahlkarten - Leibnitz;0;ÖVP;1774
G61099;Wahlkarten - Leibnitz;0;SPÖ;1024
G61099;Wahlkarten - Leibnitz;0;FPÖ;957
G61099;Wahlkarten - Leibnitz;0;GRÜNE;703
G61099;Wahlkarten - Leibnitz;0;NEOS;371
G61099;Wahlkarten - Leibnitz;0;KPÖ;46
G61099;Wahlkarten - Leibnitz;0;EUROPA;44
G61101;Eisenerz;3497;ÖVP;401
G61101;Eisenerz;3497;SPÖ;689
G61101;Eisenerz;3497;FPÖ;243
G61101;Eisenerz;3497;GRÜNE;94
G61101;Eisenerz;3497;NEOS;69
G61101;Eisenerz;3497;KPÖ;28
G61101;Eisenerz;3497;EUROPA;8
G61105;Kalwang;827;ÖVP;186
G61105;Kalwang;827;SPÖ;78
G61105;Kalwang;827;FPÖ;95
G61105;Kalwang;827;GRÜNE;14
G61105;Kalwang;827;NEOS;36
G61105;Kalwang;827;KPÖ;0
G61105;Kalwang;827;EUROPA;0
G61106;Kammern im Liesingtal;1324;ÖVP;255
G61106;Kammern im Liesingtal;1324;SPÖ;163
G61106;Kammern im Liesingtal;1324;FPÖ;146
G61106;Kammern im Liesingtal;1324;GRÜNE;37
G61106;Kammern im Liesingtal;1324;NEOS;46
G61106;Kammern im Liesingtal;1324;KPÖ;2
G61106;Kammern im Liesingtal;1324;EUROPA;0
G61107;Kraubath an der Mur;1117;ÖVP;192
G61107;Kraubath an der Mur;1117;SPÖ;109
G61107;Kraubath an der Mur;1117;FPÖ;117
G61107;Kraubath an der Mur;1117;GRÜNE;39
G61107;Kraubath an der Mur;1117;NEOS;38
G61107;Kraubath an der Mur;1117;KPÖ;3
G61107;Kraubath an der Mur;1117;EUROPA;4
G61108;Leoben;18495;ÖVP;1971
G61108;Leoben;18495;SPÖ;2339
G61108;Leoben;18495;FPÖ;1766
G61108;Leoben;18495;GRÜNE;712
G61108;Leoben;18495;NEOS;641
G61108;Leoben;18495;KPÖ;138
G61108;Leoben;18495;EUROPA;59
G61109;Mautern in Steiermark;1494;ÖVP;367
G61109;Mautern in Steiermark;1494;SPÖ;142
G61109;Mautern in Steiermark;1494;FPÖ;140
G61109;Mautern in Steiermark;1494;GRÜNE;37
G61109;Mautern in Steiermark;1494;NEOS;55
G61109;Mautern in Steiermark;1494;KPÖ;3
G61109;Mautern in Steiermark;1494;EUROPA;1
G61110;Niklasdorf;1932;ÖVP;223
G61110;Niklasdorf;1932;SPÖ;344
G61110;Niklasdorf;1932;FPÖ;226
G61110;Niklasdorf;1932;GRÜNE;73
G61110;Niklasdorf;1932;NEOS;52
G61110;Niklasdorf;1932;KPÖ;11
G61110;Niklasdorf;1932;EUROPA;11
G61111;Proleb;1313;ÖVP;215
G61111;Proleb;1313;SPÖ;208
G61111;Proleb;1313;FPÖ;111
G61111;Proleb;1313;GRÜNE;58
G61111;Proleb;1313;NEOS;45
G61111;Proleb;1313;KPÖ;1
G61111;Proleb;1313;EUROPA;4
G61112;Radmer;488;ÖVP;78
G61112;Radmer;488;SPÖ;97
G61112;Radmer;488;FPÖ;35
G61112;Radmer;488;GRÜNE;7
G61112;Radmer;488;NEOS;8
G61112;Radmer;488;KPÖ;0
G61112;Radmer;488;EUROPA;1
G61113;Sankt Michael in Obersteiermark;2452;ÖVP;313
G61113;Sankt Michael in Obersteiermark;2452;SPÖ;410
G61113;Sankt Michael in Obersteiermark;2452;FPÖ;284
G61113;Sankt Michael in Obersteiermark;2452;GRÜNE;83
G61113;Sankt Michael in Obersteiermark;2452;NEOS;52
G61113;Sankt Michael in Obersteiermark;2452;KPÖ;9
G61113;Sankt Michael in Obersteiermark;2452;EUROPA;7
G61114;Sankt Peter-Freienstein;1934;ÖVP;264
G61114;Sankt Peter-Freienstein;1934;SPÖ;243
G61114;Sankt Peter-Freienstein;1934;FPÖ;239
G61114;Sankt Peter-Freienstein;1934;GRÜNE;34
G61114;Sankt Peter-Freienstein;1934;NEOS;39
G61114;Sankt Peter-Freienstein;1934;KPÖ;9
G61114;Sankt Peter-Freienstein;1934;EUROPA;3
G61115;Sankt Stefan ob Leoben;1612;ÖVP;282
G61115;Sankt Stefan ob Leoben;1612;SPÖ;246
G61115;Sankt Stefan ob Leoben;1612;FPÖ;208
G61115;Sankt Stefan ob Leoben;1612;GRÜNE;47
G61115;Sankt Stefan ob Leoben;1612;NEOS;28
G61115;Sankt Stefan ob Leoben;1612;KPÖ;5
G61115;Sankt Stefan ob Leoben;1612;EUROPA;10
G61116;Traboch;1160;ÖVP;227
G61116;Traboch;1160;SPÖ;149
G61116;Traboch;1160;FPÖ;165
G61116;Traboch;1160;GRÜNE;36
G61116;Traboch;1160;NEOS;20
G61116;Traboch;1160;KPÖ;3
G61116;Traboch;1160;EUROPA;5
G61118;Vordernberg;802;ÖVP;43
G61118;Vordernberg;802;SPÖ;206
G61118;Vordernberg;802;FPÖ;90
G61118;Vordernberg;802;GRÜNE;13
G61118;Vordernberg;802;NEOS;14
G61118;Vordernberg;802;KPÖ;3
G61118;Vordernberg;802;EUROPA;5
G61119;Wald am Schoberpaß;463;ÖVP;98
G61119;Wald am Schoberpaß;463;SPÖ;66
G61119;Wald am Schoberpaß;463;FPÖ;45
G61119;Wald am Schoberpaß;463;GRÜNE;5
G61119;Wald am Schoberpaß;463;NEOS;14
G61119;Wald am Schoberpaß;463;KPÖ;0
G61119;Wald am Schoberpaß;463;EUROPA;1
G61120;Trofaiach;9357;ÖVP;1232
G61120;Trofaiach;9357;SPÖ;1412
G61120;Trofaiach;9357;FPÖ;982
G61120;Trofaiach;9357;GRÜNE;356
G61120;Trofaiach;9357;NEOS;302
G61120;Trofaiach;9357;KPÖ;79
G61120;Trofaiach;9357;EUROPA;32
G61199;Wahlkarten - Leoben;0;ÖVP;1102
G61199;Wahlkarten - Leoben;0;SPÖ;1439
G61199;Wahlkarten - Leoben;0;FPÖ;740
G61199;Wahlkarten - Leoben;0;GRÜNE;562
G61199;Wahlkarten - Leoben;0;NEOS;414
G61199;Wahlkarten - Leoben;0;KPÖ;61
G61199;Wahlkarten - Leoben;0;EUROPA;56
G61203;Aigen im Ennstal;2181;ÖVP;430
G61203;Aigen im Ennstal;2181;SPÖ;157
G61203;Aigen im Ennstal;2181;FPÖ;256
G61203;Aigen im Ennstal;2181;GRÜNE;64
G61203;Aigen im Ennstal;2181;NEOS;61
G61203;Aigen im Ennstal;2181;KPÖ;8
G61203;Aigen im Ennstal;2181;EUROPA;7
G61204;Altaussee;1541;ÖVP;254
G61204;Altaussee;1541;SPÖ;214
G61204;Altaussee;1541;FPÖ;61
G61204;Altaussee;1541;GRÜNE;86
G61204;Altaussee;1541;NEOS;67
G61204;Altaussee;1541;KPÖ;13
G61204;Altaussee;1541;EUROPA;3
G61205;Altenmarkt bei Sankt Gallen;659;ÖVP;104
G61205;Altenmarkt bei Sankt Gallen;659;SPÖ;139
G61205;Altenmarkt bei Sankt Gallen;659;FPÖ;40
G61205;Altenmarkt bei Sankt Gallen;659;GRÜNE;23
G61205;Altenmarkt bei Sankt Gallen;659;NEOS;15
G61205;Altenmarkt bei Sankt Gallen;659;KPÖ;3
G61205;Altenmarkt bei Sankt Gallen;659;EUROPA;3
G61206;Ardning;1034;ÖVP;163
G61206;Ardning;1034;SPÖ;149
G61206;Ardning;1034;FPÖ;129
G61206;Ardning;1034;GRÜNE;39
G61206;Ardning;1034;NEOS;31
G61206;Ardning;1034;KPÖ;5
G61206;Ardning;1034;EUROPA;1
G61207;Bad Aussee;3653;ÖVP;526
G61207;Bad Aussee;3653;SPÖ;491
G61207;Bad Aussee;3653;FPÖ;177
G61207;Bad Aussee;3653;GRÜNE;219
G61207;Bad Aussee;3653;NEOS;136
G61207;Bad Aussee;3653;KPÖ;19
G61207;Bad Aussee;3653;EUROPA;14
G61213;Gröbming;2240;ÖVP;348
G61213;Gröbming;2240;SPÖ;167
G61213;Gröbming;2240;FPÖ;210
G61213;Gröbming;2240;GRÜNE;83
G61213;Gröbming;2240;NEOS;65
G61213;Gröbming;2240;KPÖ;2
G61213;Gröbming;2240;EUROPA;1
G61215;Grundlsee;1022;ÖVP;198
G61215;Grundlsee;1022;SPÖ;112
G61215;Grundlsee;1022;FPÖ;38
G61215;Grundlsee;1022;GRÜNE;46
G61215;Grundlsee;1022;NEOS;38
G61215;Grundlsee;1022;KPÖ;1
G61215;Grundlsee;1022;EUROPA;2
G61217;Haus;1912;ÖVP;392
G61217;Haus;1912;SPÖ;103
G61217;Haus;1912;FPÖ;121
G61217;Haus;1912;GRÜNE;63
G61217;Haus;1912;NEOS;56
G61217;Haus;1912;KPÖ;2
G61217;Haus;1912;EUROPA;4
G61222;Lassing;1459;ÖVP;287
G61222;Lassing;1459;SPÖ;89
G61222;Lassing;1459;FPÖ;170
G61222;Lassing;1459;GRÜNE;43
G61222;Lassing;1459;NEOS;48
G61222;Lassing;1459;KPÖ;2
G61222;Lassing;1459;EUROPA;2
G61236;Ramsau am Dachstein;2151;ÖVP;438
G61236;Ramsau am Dachstein;2151;SPÖ;72
G61236;Ramsau am Dachstein;2151;FPÖ;207
G61236;Ramsau am Dachstein;2151;GRÜNE;88
G61236;Ramsau am Dachstein;2151;NEOS;100
G61236;Ramsau am Dachstein;2151;KPÖ;2
G61236;Ramsau am Dachstein;2151;EUROPA;15
G61243;Selzthal;1251;ÖVP;121
G61243;Selzthal;1251;SPÖ;310
G61243;Selzthal;1251;FPÖ;72
G61243;Selzthal;1251;GRÜNE;49
G61243;Selzthal;1251;NEOS;26
G61243;Selzthal;1251;KPÖ;5
G61243;Selzthal;1251;EUROPA;2
G61247;Trieben;2655;ÖVP;267
G61247;Trieben;2655;SPÖ;445
G61247;Trieben;2655;FPÖ;280
G61247;Trieben;2655;GRÜNE;72
G61247;Trieben;2655;NEOS;54
G61247;Trieben;2655;KPÖ;17
G61247;Trieben;2655;EUROPA;8
G61251;Wildalpen;419;ÖVP;74
G61251;Wildalpen;419;SPÖ;113
G61251;Wildalpen;419;FPÖ;35
G61251;Wildalpen;419;GRÜNE;6
G61251;Wildalpen;419;NEOS;8
G61251;Wildalpen;419;KPÖ;2
G61251;Wildalpen;419;EUROPA;2
G61252;Wörschach;917;ÖVP;198
G61252;Wörschach;917;SPÖ;95
G61252;Wörschach;917;FPÖ;82
G61252;Wörschach;917;GRÜNE;52
G61252;Wörschach;917;NEOS;30
G61252;Wörschach;917;KPÖ;1
G61252;Wörschach;917;EUROPA;4
G61253;Admont;4060;ÖVP;545
G61253;Admont;4060;SPÖ;477
G61253;Admont;4060;FPÖ;284
G61253;Admont;4060;GRÜNE;159
G61253;Admont;4060;NEOS;95
G61253;Admont;4060;KPÖ;9
G61253;Admont;4060;EUROPA;7
G61254;Aich;1004;ÖVP;279
G61254;Aich;1004;SPÖ;65
G61254;Aich;1004;FPÖ;100
G61254;Aich;1004;GRÜNE;31
G61254;Aich;1004;NEOS;19
G61254;Aich;1004;KPÖ;0
G61254;Aich;1004;EUROPA;3
G61255;Bad Mitterndorf;3868;ÖVP;574
G61255;Bad Mitterndorf;3868;SPÖ;273
G61255;Bad Mitterndorf;3868;FPÖ;345
G61255;Bad Mitterndorf;3868;GRÜNE;138
G61255;Bad Mitterndorf;3868;NEOS;114
G61255;Bad Mitterndorf;3868;KPÖ;9
G61255;Bad Mitterndorf;3868;EUROPA;11
G61256;Gaishorn am See;1093;ÖVP;192
G61256;Gaishorn am See;1093;SPÖ;138
G61256;Gaishorn am See;1093;FPÖ;95
G61256;Gaishorn am See;1093;GRÜNE;41
G61256;Gaishorn am See;1093;NEOS;29
G61256;Gaishorn am See;1093;KPÖ;4
G61256;Gaishorn am See;1093;EUROPA;2
G61257;Irdning-Donnersbachtal;3381;ÖVP;626
G61257;Irdning-Donnersbachtal;3381;SPÖ;194
G61257;Irdning-Donnersbachtal;3381;FPÖ;315
G61257;Irdning-Donnersbachtal;3381;GRÜNE;126
G61257;Irdning-Donnersbachtal;3381;NEOS;87
G61257;Irdning-Donnersbachtal;3381;KPÖ;3
G61257;Irdning-Donnersbachtal;3381;EUROPA;7
G61258;Landl;2353;ÖVP;352
G61258;Landl;2353;SPÖ;448
G61258;Landl;2353;FPÖ;167
G61258;Landl;2353;GRÜNE;66
G61258;Landl;2353;NEOS;45
G61258;Landl;2353;KPÖ;6
G61258;Landl;2353;EUROPA;4
G61259;Liezen;5943;ÖVP;853
G61259;Liezen;5943;SPÖ;677
G61259;Liezen;5943;FPÖ;456
G61259;Liezen;5943;GRÜNE;260
G61259;Liezen;5943;NEOS;180
G61259;Liezen;5943;KPÖ;18
G61259;Liezen;5943;EUROPA;17
G61260;Michaelerberg-Pruggern;874;ÖVP;203
G61260;Michaelerberg-Pruggern;874;SPÖ;72
G61260;Michaelerberg-Pruggern;874;FPÖ;75
G61260;Michaelerberg-Pruggern;874;GRÜNE;18
G61260;Michaelerberg-Pruggern;874;NEOS;26
G61260;Michaelerberg-Pruggern;874;KPÖ;1
G61260;Michaelerberg-Pruggern;874;EUROPA;3
G61261;Mitterberg-Sankt Martin;1542;ÖVP;299
G61261;Mitterberg-Sankt Martin;1542;SPÖ;96
G61261;Mitterberg-Sankt Martin;1542;FPÖ;116
G61261;Mitterberg-Sankt Martin;1542;GRÜNE;39
G61261;Mitterberg-Sankt Martin;1542;NEOS;48
G61261;Mitterberg-Sankt Martin;1542;KPÖ;2
G61261;Mitterberg-Sankt Martin;1542;EUROPA;1
G61262;Öblarn;1552;ÖVP;278
G61262;Öblarn;1552;SPÖ;144
G61262;Öblarn;1552;FPÖ;132
G61262;Öblarn;1552;GRÜNE;46
G61262;Öblarn;1552;NEOS;49
G61262;Öblarn;1552;KPÖ;1
G61262;Öblarn;1552;EUROPA;2
G61263;Rottenmann;4013;ÖVP;479
G61263;Rottenmann;4013;SPÖ;489
G61263;Rottenmann;4013;FPÖ;419
G61263;Rottenmann;4013;GRÜNE;164
G61263;Rottenmann;4013;NEOS;115
G61263;Rottenmann;4013;KPÖ;36
G61263;Rottenmann;4013;EUROPA;13
G61264;Sankt Gallen;1426;ÖVP;267
G61264;Sankt Gallen;1426;SPÖ;194
G61264;Sankt Gallen;1426;FPÖ;94
G61264;Sankt Gallen;1426;GRÜNE;44
G61264;Sankt Gallen;1426;NEOS;44
G61264;Sankt Gallen;1426;KPÖ;0
G61264;Sankt Gallen;1426;EUROPA;5
G61265;Schladming;5084;ÖVP;839
G61265;Schladming;5084;SPÖ;264
G61265;Schladming;5084;FPÖ;436
G61265;Schladming;5084;GRÜNE;183
G61265;Schladming;5084;NEOS;159
G61265;Schladming;5084;KPÖ;10
G61265;Schladming;5084;EUROPA;13
G61266;Sölk;1267;ÖVP;233
G61266;Sölk;1267;SPÖ;77
G61266;Sölk;1267;FPÖ;91
G61266;Sölk;1267;GRÜNE;17
G61266;Sölk;1267;NEOS;24
G61266;Sölk;1267;KPÖ;3
G61266;Sölk;1267;EUROPA;7
G61267;Stainach-Pürgg;2154;ÖVP;386
G61267;Stainach-Pürgg;2154;SPÖ;191
G61267;Stainach-Pürgg;2154;FPÖ;136
G61267;Stainach-Pürgg;2154;GRÜNE;75
G61267;Stainach-Pürgg;2154;NEOS;67
G61267;Stainach-Pürgg;2154;KPÖ;8
G61267;Stainach-Pürgg;2154;EUROPA;9
G61299;Wahlkarten - Liezen;0;ÖVP;1826
G61299;Wahlkarten - Liezen;0;SPÖ;1357
G61299;Wahlkarten - Liezen;0;FPÖ;742
G61299;Wahlkarten - Liezen;0;GRÜNE;855
G61299;Wahlkarten - Liezen;0;NEOS;471
G61299;Wahlkarten - Liezen;0;KPÖ;38
G61299;Wahlkarten - Liezen;0;EUROPA;45
G61410;Mühlen;757;ÖVP;160
G61410;Mühlen;757;SPÖ;135
G61410;Mühlen;757;FPÖ;96
G61410;Mühlen;757;GRÜNE;25
G61410;Mühlen;757;NEOS;28
G61410;Mühlen;757;KPÖ;1
G61410;Mühlen;757;EUROPA;5
G61413;Niederwölz;480;ÖVP;120
G61413;Niederwölz;480;SPÖ;39
G61413;Niederwölz;480;FPÖ;33
G61413;Niederwölz;480;GRÜNE;7
G61413;Niederwölz;480;NEOS;16
G61413;Niederwölz;480;KPÖ;0
G61413;Niederwölz;480;EUROPA;2
G61425;St. Peter am Kammersberg;1702;ÖVP;367
G61425;St. Peter am Kammersberg;1702;SPÖ;167
G61425;St. Peter am Kammersberg;1702;FPÖ;153
G61425;St. Peter am Kammersberg;1702;GRÜNE;26
G61425;St. Peter am Kammersberg;1702;NEOS;43
G61425;St. Peter am Kammersberg;1702;KPÖ;2
G61425;St. Peter am Kammersberg;1702;EUROPA;3
G61428;Schöder;791;ÖVP;180
G61428;Schöder;791;SPÖ;55
G61428;Schöder;791;FPÖ;68
G61428;Schöder;791;GRÜNE;20
G61428;Schöder;791;NEOS;17
G61428;Schöder;791;KPÖ;0
G61428;Schöder;791;EUROPA;3
G61437;Krakau;1217;ÖVP;324
G61437;Krakau;1217;SPÖ;97
G61437;Krakau;1217;FPÖ;99
G61437;Krakau;1217;GRÜNE;17
G61437;Krakau;1217;NEOS;27
G61437;Krakau;1217;KPÖ;2
G61437;Krakau;1217;EUROPA;2
G61438;Murau;2991;ÖVP;666
G61438;Murau;2991;SPÖ;192
G61438;Murau;2991;FPÖ;247
G61438;Murau;2991;GRÜNE;143
G61438;Murau;2991;NEOS;99
G61438;Murau;2991;KPÖ;8
G61438;Murau;2991;EUROPA;10
G61439;Neumarkt in der Steiermark;4161;ÖVP;701
G61439;Neumarkt in der Steiermark;4161;SPÖ;299
G61439;Neumarkt in der Steiermark;4161;FPÖ;409
G61439;Neumarkt in der Steiermark;4161;GRÜNE;123
G61439;Neumarkt in der Steiermark;4161;NEOS;111
G61439;Neumarkt in der Steiermark;4161;KPÖ;15
G61439;Neumarkt in der Steiermark;4161;EUROPA;9
G61440;Oberwölz;2492;ÖVP;678
G61440;Oberwölz;2492;SPÖ;148
G61440;Oberwölz;2492;FPÖ;204
G61440;Oberwölz;2492;GRÜNE;58
G61440;Oberwölz;2492;NEOS;40
G61440;Oberwölz;2492;KPÖ;8
G61440;Oberwölz;2492;EUROPA;8
G61441;Ranten;990;ÖVP;286
G61441;Ranten;990;SPÖ;65
G61441;Ranten;990;FPÖ;93
G61441;Ranten;990;GRÜNE;22
G61441;Ranten;990;NEOS;27
G61441;Ranten;990;KPÖ;0
G61441;Ranten;990;EUROPA;2
G61442;Sankt Georgen am Kreischberg;1422;ÖVP;371
G61442;Sankt Georgen am Kreischberg;1422;SPÖ;80
G61442;Sankt Georgen am Kreischberg;1422;FPÖ;127
G61442;Sankt Georgen am Kreischberg;1422;GRÜNE;29
G61442;Sankt Georgen am Kreischberg;1422;NEOS;32
G61442;Sankt Georgen am Kreischberg;1422;KPÖ;2
G61442;Sankt Georgen am Kreischberg;1422;EUROPA;5
G61443;Sankt Lambrecht;1510;ÖVP;264
G61443;Sankt Lambrecht;1510;SPÖ;137
G61443;Sankt Lambrecht;1510;FPÖ;129
G61443;Sankt Lambrecht;1510;GRÜNE;60
G61443;Sankt Lambrecht;1510;NEOS;30
G61443;Sankt Lambrecht;1510;KPÖ;2
G61443;Sankt Lambrecht;1510;EUROPA;8
G61444;Scheifling;1741;ÖVP;277
G61444;Scheifling;1741;SPÖ;133
G61444;Scheifling;1741;FPÖ;205
G61444;Scheifling;1741;GRÜNE;53
G61444;Scheifling;1741;NEOS;48
G61444;Scheifling;1741;KPÖ;1
G61444;Scheifling;1741;EUROPA;2
G61445;Stadl-Predlitz;1399;ÖVP;266
G61445;Stadl-Predlitz;1399;SPÖ;170
G61445;Stadl-Predlitz;1399;FPÖ;139
G61445;Stadl-Predlitz;1399;GRÜNE;14
G61445;Stadl-Predlitz;1399;NEOS;31
G61445;Stadl-Predlitz;1399;KPÖ;1
G61445;Stadl-Predlitz;1399;EUROPA;5
G61446;Teufenbach-Katsch;1539;ÖVP;260
G61446;Teufenbach-Katsch;1539;SPÖ;135
G61446;Teufenbach-Katsch;1539;FPÖ;165
G61446;Teufenbach-Katsch;1539;GRÜNE;32
G61446;Teufenbach-Katsch;1539;NEOS;62
G61446;Teufenbach-Katsch;1539;KPÖ;8
G61446;Teufenbach-Katsch;1539;EUROPA;7
G61499;Wahlkarten - Murau;0;ÖVP;947
G61499;Wahlkarten - Murau;0;SPÖ;460
G61499;Wahlkarten - Murau;0;FPÖ;363
G61499;Wahlkarten - Murau;0;GRÜNE;248
G61499;Wahlkarten - Murau;0;NEOS;225
G61499;Wahlkarten - Murau;0;KPÖ;19
G61499;Wahlkarten - Murau;0;EUROPA;12
G61611;Krottendorf-Gaisfeld;2069;ÖVP;414
G61611;Krottendorf-Gaisfeld;2069;SPÖ;181
G61611;Krottendorf-Gaisfeld;2069;FPÖ;196
G61611;Krottendorf-Gaisfeld;2069;GRÜNE;74
G61611;Krottendorf-Gaisfeld;2069;NEOS;74
G61611;Krottendorf-Gaisfeld;2069;KPÖ;9
G61611;Krottendorf-Gaisfeld;2069;EUROPA;8
G61612;Ligist;2703;ÖVP;519
G61612;Ligist;2703;SPÖ;230
G61612;Ligist;2703;FPÖ;306
G61612;Ligist;2703;GRÜNE;139
G61612;Ligist;2703;NEOS;80
G61612;Ligist;2703;KPÖ;3
G61612;Ligist;2703;EUROPA;14
G61615;Mooskirchen;1802;ÖVP;386
G61615;Mooskirchen;1802;SPÖ;102
G61615;Mooskirchen;1802;FPÖ;221
G61615;Mooskirchen;1802;GRÜNE;79
G61615;Mooskirchen;1802;NEOS;45
G61615;Mooskirchen;1802;KPÖ;10
G61615;Mooskirchen;1802;EUROPA;6
G61618;Rosental an der Kainach;1417;ÖVP;132
G61618;Rosental an der Kainach;1417;SPÖ;264
G61618;Rosental an der Kainach;1417;FPÖ;193
G61618;Rosental an der Kainach;1417;GRÜNE;26
G61618;Rosental an der Kainach;1417;NEOS;35
G61618;Rosental an der Kainach;1417;KPÖ;12
G61618;Rosental an der Kainach;1417;EUROPA;4
G61621;Sankt Martin am Wöllmißberg;683;ÖVP;147
G61621;Sankt Martin am Wöllmißberg;683;SPÖ;70
G61621;Sankt Martin am Wöllmißberg;683;FPÖ;86
G61621;Sankt Martin am Wöllmißberg;683;GRÜNE;17
G61621;Sankt Martin am Wöllmißberg;683;NEOS;8
G61621;Sankt Martin am Wöllmißberg;683;KPÖ;2
G61621;Sankt Martin am Wöllmißberg;683;EUROPA;1
G61624;Stallhofen;2564;ÖVP;535
G61624;Stallhofen;2564;SPÖ;132
G61624;Stallhofen;2564;FPÖ;337
G61624;Stallhofen;2564;GRÜNE;79
G61624;Stallhofen;2564;NEOS;53
G61624;Stallhofen;2564;KPÖ;13
G61624;Stallhofen;2564;EUROPA;9
G61625;Voitsberg;7785;ÖVP;929
G61625;Voitsberg;7785;SPÖ;1100
G61625;Voitsberg;7785;FPÖ;1035
G61625;Voitsberg;7785;GRÜNE;321
G61625;Voitsberg;7785;NEOS;238
G61625;Voitsberg;7785;KPÖ;44
G61625;Voitsberg;7785;EUROPA;20
G61626;Bärnbach;4633;ÖVP;509
G61626;Bärnbach;4633;SPÖ;647
G61626;Bärnbach;4633;FPÖ;493
G61626;Bärnbach;4633;GRÜNE;146
G61626;Bärnbach;4633;NEOS;127
G61626;Bärnbach;4633;KPÖ;26
G61626;Bärnbach;4633;EUROPA;20
G61627;Edelschrott;1471;ÖVP;318
G61627;Edelschrott;1471;SPÖ;82
G61627;Edelschrott;1471;FPÖ;150
G61627;Edelschrott;1471;GRÜNE;30
G61627;Edelschrott;1471;NEOS;22
G61627;Edelschrott;1471;KPÖ;8
G61627;Edelschrott;1471;EUROPA;2
G61628;Geistthal-Södingberg;1292;ÖVP;252
G61628;Geistthal-Södingberg;1292;SPÖ;105
G61628;Geistthal-Södingberg;1292;FPÖ;130
G61628;Geistthal-Södingberg;1292;GRÜNE;34
G61628;Geistthal-Södingberg;1292;NEOS;22
G61628;Geistthal-Södingberg;1292;KPÖ;2
G61628;Geistthal-Södingberg;1292;EUROPA;4
G61629;Hirschegg-Pack;883;ÖVP;234
G61629;Hirschegg-Pack;883;SPÖ;47
G61629;Hirschegg-Pack;883;FPÖ;106
G61629;Hirschegg-Pack;883;GRÜNE;14
G61629;Hirschegg-Pack;883;NEOS;19
G61629;Hirschegg-Pack;883;KPÖ;2
G61629;Hirschegg-Pack;883;EUROPA;3
G61630;Kainach bei Voitsberg;1352;ÖVP;255
G61630;Kainach bei Voitsberg;1352;SPÖ;151
G61630;Kainach bei Voitsberg;1352;FPÖ;172
G61630;Kainach bei Voitsberg;1352;GRÜNE;49
G61630;Kainach bei Voitsberg;1352;NEOS;21
G61630;Kainach bei Voitsberg;1352;KPÖ;6
G61630;Kainach bei Voitsberg;1352;EUROPA;3
G61631;Köflach;8276;ÖVP;994
G61631;Köflach;8276;SPÖ;1156
G61631;Köflach;8276;FPÖ;1162
G61631;Köflach;8276;GRÜNE;292
G61631;Köflach;8276;NEOS;233
G61631;Köflach;8276;KPÖ;50
G61631;Köflach;8276;EUROPA;33
G61632;Maria Lankowitz;2389;ÖVP;361
G61632;Maria Lankowitz;2389;SPÖ;315
G61632;Maria Lankowitz;2389;FPÖ;282
G61632;Maria Lankowitz;2389;GRÜNE;77
G61632;Maria Lankowitz;2389;NEOS;63
G61632;Maria Lankowitz;2389;KPÖ;4
G61632;Maria Lankowitz;2389;EUROPA;6
G61633;Söding-Sankt Johann;3327;ÖVP;641
G61633;Söding-Sankt Johann;3327;SPÖ;257
G61633;Söding-Sankt Johann;3327;FPÖ;327
G61633;Söding-Sankt Johann;3327;GRÜNE;136
G61633;Söding-Sankt Johann;3327;NEOS;110
G61633;Söding-Sankt Johann;3327;KPÖ;13
G61633;Söding-Sankt Johann;3327;EUROPA;10
G61699;Wahlkarten - Voitsberg;0;ÖVP;913
G61699;Wahlkarten - Voitsberg;0;SPÖ;840
G61699;Wahlkarten - Voitsberg;0;FPÖ;532
G61699;Wahlkarten - Voitsberg;0;GRÜNE;363
G61699;Wahlkarten - Voitsberg;0;NEOS;210
G61699;Wahlkarten - Voitsberg;0;KPÖ;33
G61699;Wahlkarten - Voitsberg;0;EUROPA;21
G61701;Albersdorf-Prebuch;1652;ÖVP;294
G61701;Albersdorf-Prebuch;1652;SPÖ;155
G61701;Albersdorf-Prebuch;1652;FPÖ;212
G61701;Albersdorf-Prebuch;1652;GRÜNE;124
G61701;Albersdorf-Prebuch;1652;NEOS;57
G61701;Albersdorf-Prebuch;1652;KPÖ;10
G61701;Albersdorf-Prebuch;1652;EUROPA;9
G61708;Fischbach;1278;ÖVP;325
G61708;Fischbach;1278;SPÖ;100
G61708;Fischbach;1278;FPÖ;149
G61708;Fischbach;1278;GRÜNE;33
G61708;Fischbach;1278;NEOS;32
G61708;Fischbach;1278;KPÖ;2
G61708;Fischbach;1278;EUROPA;3
G61710;Floing;976;ÖVP;214
G61710;Floing;976;SPÖ;86
G61710;Floing;976;FPÖ;83
G61710;Floing;976;GRÜNE;33
G61710;Floing;976;NEOS;20
G61710;Floing;976;KPÖ;2
G61710;Floing;976;EUROPA;2
G61711;Gasen;732;ÖVP;307
G61711;Gasen;732;SPÖ;90
G61711;Gasen;732;FPÖ;47
G61711;Gasen;732;GRÜNE;29
G61711;Gasen;732;NEOS;18
G61711;Gasen;732;KPÖ;2
G61711;Gasen;732;EUROPA;3
G61716;Markt Hartmannsdorf;2384;ÖVP;573
G61716;Markt Hartmannsdorf;2384;SPÖ;111
G61716;Markt Hartmannsdorf;2384;FPÖ;272
G61716;Markt Hartmannsdorf;2384;GRÜNE;194
G61716;Markt Hartmannsdorf;2384;NEOS;88
G61716;Markt Hartmannsdorf;2384;KPÖ;7
G61716;Markt Hartmannsdorf;2384;EUROPA;7
G61719;Hofstätten an der Raab;1799;ÖVP;387
G61719;Hofstätten an der Raab;1799;SPÖ;107
G61719;Hofstätten an der Raab;1799;FPÖ;188
G61719;Hofstätten an der Raab;1799;GRÜNE;109
G61719;Hofstätten an der Raab;1799;NEOS;70
G61719;Hofstätten an der Raab;1799;KPÖ;5
G61719;Hofstätten an der Raab;1799;EUROPA;7
G61727;Ludersdorf-Wilfersdorf;1910;ÖVP;312
G61727;Ludersdorf-Wilfersdorf;1910;SPÖ;157
G61727;Ludersdorf-Wilfersdorf;1910;FPÖ;206
G61727;Ludersdorf-Wilfersdorf;1910;GRÜNE;153
G61727;Ludersdorf-Wilfersdorf;1910;NEOS;73
G61727;Ludersdorf-Wilfersdorf;1910;KPÖ;6
G61727;Ludersdorf-Wilfersdorf;1910;EUROPA;18
G61728;Miesenbach bei Birkfeld;584;ÖVP;184
G61728;Miesenbach bei Birkfeld;584;SPÖ;59
G61728;Miesenbach bei Birkfeld;584;FPÖ;91
G61728;Miesenbach bei Birkfeld;584;GRÜNE;14
G61728;Miesenbach bei Birkfeld;584;NEOS;17
G61728;Miesenbach bei Birkfeld;584;KPÖ;1
G61728;Miesenbach bei Birkfeld;584;EUROPA;0
G61729;Mitterdorf an der Raab;1720;ÖVP;395
G61729;Mitterdorf an der Raab;1720;SPÖ;174
G61729;Mitterdorf an der Raab;1720;FPÖ;168
G61729;Mitterdorf an der Raab;1720;GRÜNE;100
G61729;Mitterdorf an der Raab;1720;NEOS;63
G61729;Mitterdorf an der Raab;1720;KPÖ;4
G61729;Mitterdorf an der Raab;1720;EUROPA;8
G61730;Mortantsch;1713;ÖVP;385
G61730;Mortantsch;1713;SPÖ;206
G61730;Mortantsch;1713;FPÖ;164
G61730;Mortantsch;1713;GRÜNE;109
G61730;Mortantsch;1713;NEOS;61
G61730;Mortantsch;1713;KPÖ;6
G61730;Mortantsch;1713;EUROPA;6
G61731;Naas;1148;ÖVP;287
G61731;Naas;1148;SPÖ;100
G61731;Naas;1148;FPÖ;132
G61731;Naas;1148;GRÜNE;33
G61731;Naas;1148;NEOS;33
G61731;Naas;1148;KPÖ;2
G61731;Naas;1148;EUROPA;3
G61740;Puch bei Weiz;1718;ÖVP;415
G61740;Puch bei Weiz;1718;SPÖ;121
G61740;Puch bei Weiz;1718;FPÖ;156
G61740;Puch bei Weiz;1718;GRÜNE;68
G61740;Puch bei Weiz;1718;NEOS;44
G61740;Puch bei Weiz;1718;KPÖ;4
G61740;Puch bei Weiz;1718;EUROPA;4
G61741;Ratten;943;ÖVP;217
G61741;Ratten;943;SPÖ;120
G61741;Ratten;943;FPÖ;71
G61741;Ratten;943;GRÜNE;20
G61741;Ratten;943;NEOS;15
G61741;Ratten;943;KPÖ;1
G61741;Ratten;943;EUROPA;1
G61743;Rettenegg;599;ÖVP;174
G61743;Rettenegg;599;SPÖ;59
G61743;Rettenegg;599;FPÖ;62
G61743;Rettenegg;599;GRÜNE;17
G61743;Rettenegg;599;NEOS;9
G61743;Rettenegg;599;KPÖ;0
G61743;Rettenegg;599;EUROPA;0
G61744;St. Kathrein am Hauenstein;525;ÖVP;173
G61744;St. Kathrein am Hauenstein;525;SPÖ;62
G61744;St. Kathrein am Hauenstein;525;FPÖ;68
G61744;St. Kathrein am Hauenstein;525;GRÜNE;10
G61744;St. Kathrein am Hauenstein;525;NEOS;15
G61744;St. Kathrein am Hauenstein;525;KPÖ;0
G61744;St. Kathrein am Hauenstein;525;EUROPA;0
G61745;Sankt Kathrein am Offenegg;917;ÖVP;289
G61745;Sankt Kathrein am Offenegg;917;SPÖ;73
G61745;Sankt Kathrein am Offenegg;917;FPÖ;85
G61745;Sankt Kathrein am Offenegg;917;GRÜNE;36
G61745;Sankt Kathrein am Offenegg;917;NEOS;18
G61745;Sankt Kathrein am Offenegg;917;KPÖ;3
G61745;Sankt Kathrein am Offenegg;917;EUROPA;0
G61746;St. Margarethen an der Raab;3306;ÖVP;705
G61746;St. Margarethen an der Raab;3306;SPÖ;225
G61746;St. Margarethen an der Raab;3306;FPÖ;368
G61746;St. Margarethen an der Raab;3306;GRÜNE;210
G61746;St. Margarethen an der Raab;3306;NEOS;99
G61746;St. Margarethen an der Raab;3306;KPÖ;9
G61746;St. Margarethen an der Raab;3306;EUROPA;9
G61748;Sinabelkirchen;3343;ÖVP;637
G61748;Sinabelkirchen;3343;SPÖ;205
G61748;Sinabelkirchen;3343;FPÖ;552
G61748;Sinabelkirchen;3343;GRÜNE;155
G61748;Sinabelkirchen;3343;NEOS;68
G61748;Sinabelkirchen;3343;KPÖ;11
G61748;Sinabelkirchen;3343;EUROPA;6
G61750;Strallegg;1561;ÖVP;490
G61750;Strallegg;1561;SPÖ;138
G61750;Strallegg;1561;FPÖ;181
G61750;Strallegg;1561;GRÜNE;22
G61750;Strallegg;1561;NEOS;34
G61750;Strallegg;1561;KPÖ;6
G61750;Strallegg;1561;EUROPA;2
G61751;Thannhausen;1980;ÖVP;464
G61751;Thannhausen;1980;SPÖ;198
G61751;Thannhausen;1980;FPÖ;171
G61751;Thannhausen;1980;GRÜNE;110
G61751;Thannhausen;1980;NEOS;77
G61751;Thannhausen;1980;KPÖ;6
G61751;Thannhausen;1980;EUROPA;9
G61756;Anger;3383;ÖVP;835
G61756;Anger;3383;SPÖ;340
G61756;Anger;3383;FPÖ;315
G61756;Anger;3383;GRÜNE;144
G61756;Anger;3383;NEOS;94
G61756;Anger;3383;KPÖ;7
G61756;Anger;3383;EUROPA;5
G61757;Birkfeld;4191;ÖVP;984
G61757;Birkfeld;4191;SPÖ;257
G61757;Birkfeld;4191;FPÖ;500
G61757;Birkfeld;4191;GRÜNE;149
G61757;Birkfeld;4191;NEOS;100
G61757;Birkfeld;4191;KPÖ;6
G61757;Birkfeld;4191;EUROPA;4
G61758;Fladnitz an der Teichalm;1473;ÖVP;481
G61758;Fladnitz an der Teichalm;1473;SPÖ;73
G61758;Fladnitz an der Teichalm;1473;FPÖ;216
G61758;Fladnitz an der Teichalm;1473;GRÜNE;58
G61758;Fladnitz an der Teichalm;1473;NEOS;35
G61758;Fladnitz an der Teichalm;1473;KPÖ;2
G61758;Fladnitz an der Teichalm;1473;EUROPA;6
G61759;Gersdorf an der Feistritz;1397;ÖVP;461
G61759;Gersdorf an der Feistritz;1397;SPÖ;57
G61759;Gersdorf an der Feistritz;1397;FPÖ;192
G61759;Gersdorf an der Feistritz;1397;GRÜNE;64
G61759;Gersdorf an der Feistritz;1397;NEOS;32
G61759;Gersdorf an der Feistritz;1397;KPÖ;2
G61759;Gersdorf an der Feistritz;1397;EUROPA;4
G61760;Gleisdorf;8400;ÖVP;1376
G61760;Gleisdorf;8400;SPÖ;575
G61760;Gleisdorf;8400;FPÖ;718
G61760;Gleisdorf;8400;GRÜNE;593
G61760;Gleisdorf;8400;NEOS;336
G61760;Gleisdorf;8400;KPÖ;43
G61760;Gleisdorf;8400;EUROPA;31
G61761;Gutenberg-Stenzengreith;1462;ÖVP;257
G61761;Gutenberg-Stenzengreith;1462;SPÖ;149
G61761;Gutenberg-Stenzengreith;1462;FPÖ;134
G61761;Gutenberg-Stenzengreith;1462;GRÜNE;107
G61761;Gutenberg-Stenzengreith;1462;NEOS;29
G61761;Gutenberg-Stenzengreith;1462;KPÖ;3
G61761;Gutenberg-Stenzengreith;1462;EUROPA;4
G61762;Ilztal;1783;ÖVP;460
G61762;Ilztal;1783;SPÖ;87
G61762;Ilztal;1783;FPÖ;196
G61762;Ilztal;1783;GRÜNE;93
G61762;Ilztal;1783;NEOS;45
G61762;Ilztal;1783;KPÖ;8
G61762;Ilztal;1783;EUROPA;6
G61763;Passail;3500;ÖVP;891
G61763;Passail;3500;SPÖ;354
G61763;Passail;3500;FPÖ;381
G61763;Passail;3500;GRÜNE;118
G61763;Passail;3500;NEOS;102
G61763;Passail;3500;KPÖ;12
G61763;Passail;3500;EUROPA;20
G61764;Pischelsdorf am Kulm;3008;ÖVP;575
G61764;Pischelsdorf am Kulm;3008;SPÖ;186
G61764;Pischelsdorf am Kulm;3008;FPÖ;369
G61764;Pischelsdorf am Kulm;3008;GRÜNE;175
G61764;Pischelsdorf am Kulm;3008;NEOS;84
G61764;Pischelsdorf am Kulm;3008;KPÖ;14
G61764;Pischelsdorf am Kulm;3008;EUROPA;12
G61765;Sankt Ruprecht an der Raab;4215;ÖVP;788
G61765;Sankt Ruprecht an der Raab;4215;SPÖ;247
G61765;Sankt Ruprecht an der Raab;4215;FPÖ;573
G61765;Sankt Ruprecht an der Raab;4215;GRÜNE;255
G61765;Sankt Ruprecht an der Raab;4215;NEOS;133
G61765;Sankt Ruprecht an der Raab;4215;KPÖ;8
G61765;Sankt Ruprecht an der Raab;4215;EUROPA;8
G61766;Weiz;8965;ÖVP;1177
G61766;Weiz;8965;SPÖ;1367
G61766;Weiz;8965;FPÖ;699
G61766;Weiz;8965;GRÜNE;558
G61766;Weiz;8965;NEOS;338
G61766;Weiz;8965;KPÖ;57
G61766;Weiz;8965;EUROPA;36
G61799;Wahlkarten - Weiz;0;ÖVP;1702
G61799;Wahlkarten - Weiz;0;SPÖ;1209
G61799;Wahlkarten - Weiz;0;FPÖ;802
G61799;Wahlkarten - Weiz;0;GRÜNE;860
G61799;Wahlkarten - Weiz;0;NEOS;431
G61799;Wahlkarten - Weiz;0;KPÖ;52
G61799;Wahlkarten - Weiz;0;EUROPA;60
G62007;Fohnsdorf;6416;ÖVP;692
G62007;Fohnsdorf;6416;SPÖ;893
G62007;Fohnsdorf;6416;FPÖ;681
G62007;Fohnsdorf;6416;GRÜNE;202
G62007;Fohnsdorf;6416;NEOS;126
G62007;Fohnsdorf;6416;KPÖ;41
G62007;Fohnsdorf;6416;EUROPA;20
G62008;Gaal;1111;ÖVP;352
G62008;Gaal;1111;SPÖ;82
G62008;Gaal;1111;FPÖ;81
G62008;Gaal;1111;GRÜNE;31
G62008;Gaal;1111;NEOS;31
G62008;Gaal;1111;KPÖ;0
G62008;Gaal;1111;EUROPA;3
G62010;Hohentauern;348;ÖVP;64
G62010;Hohentauern;348;SPÖ;64
G62010;Hohentauern;348;FPÖ;26
G62010;Hohentauern;348;GRÜNE;8
G62010;Hohentauern;348;NEOS;10
G62010;Hohentauern;348;KPÖ;0
G62010;Hohentauern;348;EUROPA;1
G62014;Kobenz;1560;ÖVP;331
G62014;Kobenz;1560;SPÖ;148
G62014;Kobenz;1560;FPÖ;141
G62014;Kobenz;1560;GRÜNE;68
G62014;Kobenz;1560;NEOS;68
G62014;Kobenz;1560;KPÖ;8
G62014;Kobenz;1560;EUROPA;5
G62021;Pusterwald;381;ÖVP;133
G62021;Pusterwald;381;SPÖ;39
G62021;Pusterwald;381;FPÖ;31
G62021;Pusterwald;381;GRÜNE;4
G62021;Pusterwald;381;NEOS;6
G62021;Pusterwald;381;KPÖ;0
G62021;Pusterwald;381;EUROPA;0
G62026;Sankt Georgen ob Judenburg;710;ÖVP;146
G62026;Sankt Georgen ob Judenburg;710;SPÖ;76
G62026;Sankt Georgen ob Judenburg;710;FPÖ;53
G62026;Sankt Georgen ob Judenburg;710;GRÜNE;27
G62026;Sankt Georgen ob Judenburg;710;NEOS;16
G62026;Sankt Georgen ob Judenburg;710;KPÖ;5
G62026;Sankt Georgen ob Judenburg;710;EUROPA;4
G62032;Sankt Peter ob Judenburg;907;ÖVP;236
G62032;Sankt Peter ob Judenburg;907;SPÖ;93
G62032;Sankt Peter ob Judenburg;907;FPÖ;83
G62032;Sankt Peter ob Judenburg;907;GRÜNE;30
G62032;Sankt Peter ob Judenburg;907;NEOS;26
G62032;Sankt Peter ob Judenburg;907;KPÖ;2
G62032;Sankt Peter ob Judenburg;907;EUROPA;3
G62034;Seckau;1059;ÖVP;349
G62034;Seckau;1059;SPÖ;90
G62034;Seckau;1059;FPÖ;73
G62034;Seckau;1059;GRÜNE;39
G62034;Seckau;1059;NEOS;31
G62034;Seckau;1059;KPÖ;4
G62034;Seckau;1059;EUROPA;3
G62036;Unzmarkt-Frauenburg;1119;ÖVP;236
G62036;Unzmarkt-Frauenburg;1119;SPÖ;133
G62036;Unzmarkt-Frauenburg;1119;FPÖ;144
G62036;Unzmarkt-Frauenburg;1119;GRÜNE;36
G62036;Unzmarkt-Frauenburg;1119;NEOS;44
G62036;Unzmarkt-Frauenburg;1119;KPÖ;4
G62036;Unzmarkt-Frauenburg;1119;EUROPA;2
G62038;Zeltweg;5534;ÖVP;542
G62038;Zeltweg;5534;SPÖ;815
G62038;Zeltweg;5534;FPÖ;563
G62038;Zeltweg;5534;GRÜNE;161
G62038;Zeltweg;5534;NEOS;118
G62038;Zeltweg;5534;KPÖ;43
G62038;Zeltweg;5534;EUROPA;18
G62039;Lobmingtal;1516;ÖVP;313
G62039;Lobmingtal;1516;SPÖ;150
G62039;Lobmingtal;1516;FPÖ;167
G62039;Lobmingtal;1516;GRÜNE;49
G62039;Lobmingtal;1516;NEOS;40
G62039;Lobmingtal;1516;KPÖ;5
G62039;Lobmingtal;1516;EUROPA;1
G62040;Judenburg;8082;ÖVP;882
G62040;Judenburg;8082;SPÖ;1095
G62040;Judenburg;8082;FPÖ;755
G62040;Judenburg;8082;GRÜNE;240
G62040;Judenburg;8082;NEOS;178
G62040;Judenburg;8082;KPÖ;38
G62040;Judenburg;8082;EUROPA;17
G62041;Knittelfeld;9071;ÖVP;851
G62041;Knittelfeld;9071;SPÖ;1453
G62041;Knittelfeld;9071;FPÖ;885
G62041;Knittelfeld;9071;GRÜNE;288
G62041;Knittelfeld;9071;NEOS;196
G62041;Knittelfeld;9071;KPÖ;77
G62041;Knittelfeld;9071;EUROPA;17
G62042;Obdach;3161;ÖVP;631
G62042;Obdach;3161;SPÖ;264
G62042;Obdach;3161;FPÖ;212
G62042;Obdach;3161;GRÜNE;65
G62042;Obdach;3161;NEOS;67
G62042;Obdach;3161;KPÖ;7
G62042;Obdach;3161;EUROPA;5
G62043;Pöls-Oberkurzheim;2524;ÖVP;341
G62043;Pöls-Oberkurzheim;2524;SPÖ;379
G62043;Pöls-Oberkurzheim;2524;FPÖ;255
G62043;Pöls-Oberkurzheim;2524;GRÜNE;69
G62043;Pöls-Oberkurzheim;2524;NEOS;57
G62043;Pöls-Oberkurzheim;2524;KPÖ;6
G62043;Pöls-Oberkurzheim;2524;EUROPA;5
G62044;Pölstal;2221;ÖVP;486
G62044;Pölstal;2221;SPÖ;221
G62044;Pölstal;2221;FPÖ;231
G62044;Pölstal;2221;GRÜNE;50
G62044;Pölstal;2221;NEOS;67
G62044;Pölstal;2221;KPÖ;5
G62044;Pölstal;2221;EUROPA;6
G62045;Sankt Marein-Feistritz;1611;ÖVP;339
G62045;Sankt Marein-Feistritz;1611;SPÖ;186
G62045;Sankt Marein-Feistritz;1611;FPÖ;191
G62045;Sankt Marein-Feistritz;1611;GRÜNE;85
G62045;Sankt Marein-Feistritz;1611;NEOS;58
G62045;Sankt Marein-Feistritz;1611;KPÖ;6
G62045;Sankt Marein-Feistritz;1611;EUROPA;9
G62046;Sankt Margarethen bei Knittelfeld;2251;ÖVP;504
G62046;Sankt Margarethen bei Knittelfeld;2251;SPÖ;301
G62046;Sankt Margarethen bei Knittelfeld;2251;FPÖ;205
G62046;Sankt Margarethen bei Knittelfeld;2251;GRÜNE;85
G62046;Sankt Margarethen bei Knittelfeld;2251;NEOS;76
G62046;Sankt Margarethen bei Knittelfeld;2251;KPÖ;12
G62046;Sankt Margarethen bei Knittelfeld;2251;EUROPA;3
G62047;Spielberg;4429;ÖVP;642
G62047;Spielberg;4429;SPÖ;705
G62047;Spielberg;4429;FPÖ;441
G62047;Spielberg;4429;GRÜNE;159
G62047;Spielberg;4429;NEOS;138
G62047;Spielberg;4429;KPÖ;28
G62047;Spielberg;4429;EUROPA;15
G62048;Weißkirchen in Steiermark;4039;ÖVP;906
G62048;Weißkirchen in Steiermark;4039;SPÖ;420
G62048;Weißkirchen in Steiermark;4039;FPÖ;335
G62048;Weißkirchen in Steiermark;4039;GRÜNE;161
G62048;Weißkirchen in Steiermark;4039;NEOS;165
G62048;Weißkirchen in Steiermark;4039;KPÖ;8
G62048;Weißkirchen in Steiermark;4039;EUROPA;10
G62099;Wahlkarten - Murtal;0;ÖVP;1623
G62099;Wahlkarten - Murtal;0;SPÖ;1785
G62099;Wahlkarten - Murtal;0;FPÖ;826
G62099;Wahlkarten - Murtal;0;GRÜNE;570
G62099;Wahlkarten - Murtal;0;NEOS;362
G62099;Wahlkarten - Murtal;0;KPÖ;78
G62099;Wahlkarten - Murtal;0;EUROPA;48
G62105;Breitenau am Hochlantsch;1408;ÖVP;276
G62105;Breitenau am Hochlantsch;1408;SPÖ;251
G62105;Breitenau am Hochlantsch;1408;FPÖ;108
G62105;Breitenau am Hochlantsch;1408;GRÜNE;20
G62105;Breitenau am Hochlantsch;1408;NEOS;19
G62105;Breitenau am Hochlantsch;1408;KPÖ;2
G62105;Breitenau am Hochlantsch;1408;EUROPA;4
G62115;Krieglach;4453;ÖVP;690
G62115;Krieglach;4453;SPÖ;503
G62115;Krieglach;4453;FPÖ;421
G62115;Krieglach;4453;GRÜNE;173
G62115;Krieglach;4453;NEOS;146
G62115;Krieglach;4453;KPÖ;9
G62115;Krieglach;4453;EUROPA;13
G62116;Langenwang;3289;ÖVP;660
G62116;Langenwang;3289;SPÖ;312
G62116;Langenwang;3289;FPÖ;334
G62116;Langenwang;3289;GRÜNE;114
G62116;Langenwang;3289;NEOS;92
G62116;Langenwang;3289;KPÖ;10
G62116;Langenwang;3289;EUROPA;7
G62125;Pernegg an der Mur;1940;ÖVP;343
G62125;Pernegg an der Mur;1940;SPÖ;285
G62125;Pernegg an der Mur;1940;FPÖ;209
G62125;Pernegg an der Mur;1940;GRÜNE;99
G62125;Pernegg an der Mur;1940;NEOS;67
G62125;Pernegg an der Mur;1940;KPÖ;7
G62125;Pernegg an der Mur;1940;EUROPA;9
G62128;Sankt Lorenzen im Mürztal;2925;ÖVP;404
G62128;Sankt Lorenzen im Mürztal;2925;SPÖ;338
G62128;Sankt Lorenzen im Mürztal;2925;FPÖ;294
G62128;Sankt Lorenzen im Mürztal;2925;GRÜNE;137
G62128;Sankt Lorenzen im Mürztal;2925;NEOS;119
G62128;Sankt Lorenzen im Mürztal;2925;KPÖ;7
G62128;Sankt Lorenzen im Mürztal;2925;EUROPA;15
G62131;Spital am Semmering;1257;ÖVP;241
G62131;Spital am Semmering;1257;SPÖ;182
G62131;Spital am Semmering;1257;FPÖ;177
G62131;Spital am Semmering;1257;GRÜNE;38
G62131;Spital am Semmering;1257;NEOS;27
G62131;Spital am Semmering;1257;KPÖ;6
G62131;Spital am Semmering;1257;EUROPA;8
G62132;Stanz im Mürztal;1532;ÖVP;254
G62132;Stanz im Mürztal;1532;SPÖ;230
G62132;Stanz im Mürztal;1532;FPÖ;114
G62132;Stanz im Mürztal;1532;GRÜNE;43
G62132;Stanz im Mürztal;1532;NEOS;35
G62132;Stanz im Mürztal;1532;KPÖ;4
G62132;Stanz im Mürztal;1532;EUROPA;4
G62135;Turnau;1312;ÖVP;224
G62135;Turnau;1312;SPÖ;238
G62135;Turnau;1312;FPÖ;139
G62135;Turnau;1312;GRÜNE;36
G62135;Turnau;1312;NEOS;33
G62135;Turnau;1312;KPÖ;3
G62135;Turnau;1312;EUROPA;5
G62138;Aflenz;2062;ÖVP;389
G62138;Aflenz;2062;SPÖ;237
G62138;Aflenz;2062;FPÖ;159
G62138;Aflenz;2062;GRÜNE;139
G62138;Aflenz;2062;NEOS;60
G62138;Aflenz;2062;KPÖ;6
G62138;Aflenz;2062;EUROPA;9
G62139;Bruck an der Mur;12685;ÖVP;1687
G62139;Bruck an der Mur;12685;SPÖ;1992
G62139;Bruck an der Mur;12685;FPÖ;1190
G62139;Bruck an der Mur;12685;GRÜNE;619
G62139;Bruck an der Mur;12685;NEOS;431
G62139;Bruck an der Mur;12685;KPÖ;66
G62139;Bruck an der Mur;12685;EUROPA;46
G62140;Kapfenberg;16543;ÖVP;1590
G62140;Kapfenberg;16543;SPÖ;2475
G62140;Kapfenberg;16543;FPÖ;1611
G62140;Kapfenberg;16543;GRÜNE;533
G62140;Kapfenberg;16543;NEOS;410
G62140;Kapfenberg;16543;KPÖ;83
G62140;Kapfenberg;16543;EUROPA;67
G62141;Kindberg;6829;ÖVP;971
G62141;Kindberg;6829;SPÖ;1111
G62141;Kindberg;6829;FPÖ;552
G62141;Kindberg;6829;GRÜNE;238
G62141;Kindberg;6829;NEOS;202
G62141;Kindberg;6829;KPÖ;41
G62141;Kindberg;6829;EUROPA;29
G62142;Mariazell;3095;ÖVP;620
G62142;Mariazell;3095;SPÖ;466
G62142;Mariazell;3095;FPÖ;257
G62142;Mariazell;3095;GRÜNE;71
G62142;Mariazell;3095;NEOS;81
G62142;Mariazell;3095;KPÖ;12
G62142;Mariazell;3095;EUROPA;15
G62143;Mürzzuschlag;6733;ÖVP;689
G62143;Mürzzuschlag;6733;SPÖ;1030
G62143;Mürzzuschlag;6733;FPÖ;572
G62143;Mürzzuschlag;6733;GRÜNE;273
G62143;Mürzzuschlag;6733;NEOS;170
G62143;Mürzzuschlag;6733;KPÖ;46
G62143;Mürzzuschlag;6733;EUROPA;26
G62144;Neuberg an der Mürz;2071;ÖVP;369
G62144;Neuberg an der Mürz;2071;SPÖ;254
G62144;Neuberg an der Mürz;2071;FPÖ;216
G62144;Neuberg an der Mürz;2071;GRÜNE;63
G62144;Neuberg an der Mürz;2071;NEOS;58
G62144;Neuberg an der Mürz;2071;KPÖ;6
G62144;Neuberg an der Mürz;2071;EUROPA;4
G62145;Sankt Barbara im Mürztal;5574;ÖVP;637
G62145;Sankt Barbara im Mürztal;5574;SPÖ;915
G62145;Sankt Barbara im Mürztal;5574;FPÖ;541
G62145;Sankt Barbara im Mürztal;5574;GRÜNE;160
G62145;Sankt Barbara im Mürztal;5574;NEOS;136
G62145;Sankt Barbara im Mürztal;5574;KPÖ;21
G62145;Sankt Barbara im Mürztal;5574;EUROPA;16
G62146;Sankt Marein im Mürztal;2104;ÖVP;277
G62146;Sankt Marein im Mürztal;2104;SPÖ;245
G62146;Sankt Marein im Mürztal;2104;FPÖ;249
G62146;Sankt Marein im Mürztal;2104;GRÜNE;77
G62146;Sankt Marein im Mürztal;2104;NEOS;82
G62146;Sankt Marein im Mürztal;2104;KPÖ;9
G62146;Sankt Marein im Mürztal;2104;EUROPA;4
G62147;Thörl;1942;ÖVP;250
G62147;Thörl;1942;SPÖ;334
G62147;Thörl;1942;FPÖ;135
G62147;Thörl;1942;GRÜNE;57
G62147;Thörl;1942;NEOS;41
G62147;Thörl;1942;KPÖ;11
G62147;Thörl;1942;EUROPA;8
G62148;Tragöß-Sankt Katharein;1588;ÖVP;310
G62148;Tragöß-Sankt Katharein;1588;SPÖ;188
G62148;Tragöß-Sankt Katharein;1588;FPÖ;150
G62148;Tragöß-Sankt Katharein;1588;GRÜNE;36
G62148;Tragöß-Sankt Katharein;1588;NEOS;45
G62148;Tragöß-Sankt Katharein;1588;KPÖ;5
G62148;Tragöß-Sankt Katharein;1588;EUROPA;7
G62199;Wahlkarten - Bruck-Mürzzuschlag;0;ÖVP;2033
G62199;Wahlkarten - Bruck-Mürzzuschlag;0;SPÖ;3075
G62199;Wahlkarten - Bruck-Mürzzuschlag;0;FPÖ;1186
G62199;Wahlkarten - Bruck-Mürzzuschlag;0;GRÜNE;923
G62199;Wahlkarten - Bruck-Mürzzuschlag;0;NEOS;563
G62199;Wahlkarten - Bruck-Mürzzuschlag;0;KPÖ;82
G62199;Wahlkarten - Bruck-Mürzzuschlag;0;EUROPA;70
G62202;Bad Blumau;1309;ÖVP;361
G62202;Bad Blumau;1309;SPÖ;58
G62202;Bad Blumau;1309;FPÖ;198
G62202;Bad Blumau;1309;GRÜNE;60
G62202;Bad Blumau;1309;NEOS;36
G62202;Bad Blumau;1309;KPÖ;4
G62202;Bad Blumau;1309;EUROPA;6
G62205;Buch-St. Magdalena;1818;ÖVP;452
G62205;Buch-St. Magdalena;1818;SPÖ;92
G62205;Buch-St. Magdalena;1818;FPÖ;277
G62205;Buch-St. Magdalena;1818;GRÜNE;78
G62205;Buch-St. Magdalena;1818;NEOS;35
G62205;Buch-St. Magdalena;1818;KPÖ;7
G62205;Buch-St. Magdalena;1818;EUROPA;3
G62206;Burgau;851;ÖVP;180
G62206;Burgau;851;SPÖ;89
G62206;Burgau;851;FPÖ;86
G62206;Burgau;851;GRÜNE;40
G62206;Burgau;851;NEOS;21
G62206;Burgau;851;KPÖ;4
G62206;Burgau;851;EUROPA;4
G62209;Ebersdorf;1048;ÖVP;242
G62209;Ebersdorf;1048;SPÖ;40
G62209;Ebersdorf;1048;FPÖ;163
G62209;Ebersdorf;1048;GRÜNE;43
G62209;Ebersdorf;1048;NEOS;16
G62209;Ebersdorf;1048;KPÖ;3
G62209;Ebersdorf;1048;EUROPA;1
G62211;Friedberg;2149;ÖVP;436
G62211;Friedberg;2149;SPÖ;270
G62211;Friedberg;2149;FPÖ;227
G62211;Friedberg;2149;GRÜNE;77
G62211;Friedberg;2149;NEOS;47
G62211;Friedberg;2149;KPÖ;2
G62211;Friedberg;2149;EUROPA;9
G62214;Greinbach;1486;ÖVP;374
G62214;Greinbach;1486;SPÖ;66
G62214;Greinbach;1486;FPÖ;248
G62214;Greinbach;1486;GRÜNE;42
G62214;Greinbach;1486;NEOS;29
G62214;Greinbach;1486;KPÖ;1
G62214;Greinbach;1486;EUROPA;3
G62216;Großsteinbach;1053;ÖVP;328
G62216;Großsteinbach;1053;SPÖ;38
G62216;Großsteinbach;1053;FPÖ;149
G62216;Großsteinbach;1053;GRÜNE;60
G62216;Großsteinbach;1053;NEOS;34
G62216;Großsteinbach;1053;KPÖ;3
G62216;Großsteinbach;1053;EUROPA;2
G62219;Hartberg;5270;ÖVP;1155
G62219;Hartberg;5270;SPÖ;295
G62219;Hartberg;5270;FPÖ;474
G62219;Hartberg;5270;GRÜNE;391
G62219;Hartberg;5270;NEOS;161
G62219;Hartberg;5270;KPÖ;10
G62219;Hartberg;5270;EUROPA;19
G62220;Hartberg Umgebung;1764;ÖVP;605
G62220;Hartberg Umgebung;1764;SPÖ;51
G62220;Hartberg Umgebung;1764;FPÖ;220
G62220;Hartberg Umgebung;1764;GRÜNE;92
G62220;Hartberg Umgebung;1764;NEOS;54
G62220;Hartberg Umgebung;1764;KPÖ;1
G62220;Hartberg Umgebung;1764;EUROPA;4
G62226;Lafnitz;1136;ÖVP;261
G62226;Lafnitz;1136;SPÖ;176
G62226;Lafnitz;1136;FPÖ;177
G62226;Lafnitz;1136;GRÜNE;40
G62226;Lafnitz;1136;NEOS;29
G62226;Lafnitz;1136;KPÖ;2
G62226;Lafnitz;1136;EUROPA;3
G62232;Ottendorf an der Rittschein;1322;ÖVP;299
G62232;Ottendorf an der Rittschein;1322;SPÖ;63
G62232;Ottendorf an der Rittschein;1322;FPÖ;136
G62232;Ottendorf an der Rittschein;1322;GRÜNE;43
G62232;Ottendorf an der Rittschein;1322;NEOS;29
G62232;Ottendorf an der Rittschein;1322;KPÖ;0
G62232;Ottendorf an der Rittschein;1322;EUROPA;4
G62233;Pinggau;2552;ÖVP;621
G62233;Pinggau;2552;SPÖ;149
G62233;Pinggau;2552;FPÖ;268
G62233;Pinggau;2552;GRÜNE;80
G62233;Pinggau;2552;NEOS;67
G62233;Pinggau;2552;KPÖ;5
G62233;Pinggau;2552;EUROPA;2
G62235;Pöllauberg;1731;ÖVP;561
G62235;Pöllauberg;1731;SPÖ;88
G62235;Pöllauberg;1731;FPÖ;210
G62235;Pöllauberg;1731;GRÜNE;47
G62235;Pöllauberg;1731;NEOS;41
G62235;Pöllauberg;1731;KPÖ;1
G62235;Pöllauberg;1731;EUROPA;5
G62242;Sankt Jakob im Walde;868;ÖVP;271
G62242;Sankt Jakob im Walde;868;SPÖ;49
G62242;Sankt Jakob im Walde;868;FPÖ;97
G62242;Sankt Jakob im Walde;868;GRÜNE;20
G62242;Sankt Jakob im Walde;868;NEOS;21
G62242;Sankt Jakob im Walde;868;KPÖ;3
G62242;Sankt Jakob im Walde;868;EUROPA;2
G62244;Sankt Johann in der Haide;1804;ÖVP;370
G62244;Sankt Johann in der Haide;1804;SPÖ;161
G62244;Sankt Johann in der Haide;1804;FPÖ;261
G62244;Sankt Johann in der Haide;1804;GRÜNE;88
G62244;Sankt Johann in der Haide;1804;NEOS;40
G62244;Sankt Johann in der Haide;1804;KPÖ;3
G62244;Sankt Johann in der Haide;1804;EUROPA;7
G62245;Sankt Lorenzen am Wechsel;1261;ÖVP;357
G62245;Sankt Lorenzen am Wechsel;1261;SPÖ;80
G62245;Sankt Lorenzen am Wechsel;1261;FPÖ;134
G62245;Sankt Lorenzen am Wechsel;1261;GRÜNE;44
G62245;Sankt Lorenzen am Wechsel;1261;NEOS;41
G62245;Sankt Lorenzen am Wechsel;1261;KPÖ;1
G62245;Sankt Lorenzen am Wechsel;1261;EUROPA;1
G62247;Schäffern;1101;ÖVP;424
G62247;Schäffern;1101;SPÖ;62
G62247;Schäffern;1101;FPÖ;138
G62247;Schäffern;1101;GRÜNE;23
G62247;Schäffern;1101;NEOS;21
G62247;Schäffern;1101;KPÖ;4
G62247;Schäffern;1101;EUROPA;2
G62252;Söchau;1211;ÖVP;275
G62252;Söchau;1211;SPÖ;73
G62252;Söchau;1211;FPÖ;136
G62252;Söchau;1211;GRÜNE;62
G62252;Söchau;1211;NEOS;35
G62252;Söchau;1211;KPÖ;3
G62252;Söchau;1211;EUROPA;3
G62256;Stubenberg;1846;ÖVP;383
G62256;Stubenberg;1846;SPÖ;99
G62256;Stubenberg;1846;FPÖ;172
G62256;Stubenberg;1846;GRÜNE;67
G62256;Stubenberg;1846;NEOS;54
G62256;Stubenberg;1846;KPÖ;7
G62256;Stubenberg;1846;EUROPA;6
G62262;Wenigzell;1135;ÖVP;437
G62262;Wenigzell;1135;SPÖ;49
G62262;Wenigzell;1135;FPÖ;103
G62262;Wenigzell;1135;GRÜNE;36
G62262;Wenigzell;1135;NEOS;32
G62262;Wenigzell;1135;KPÖ;0
G62262;Wenigzell;1135;EUROPA;5
G62264;Bad Waltersdorf;3132;ÖVP;810
G62264;Bad Waltersdorf;3132;SPÖ;176
G62264;Bad Waltersdorf;3132;FPÖ;416
G62264;Bad Waltersdorf;3132;GRÜNE;138
G62264;Bad Waltersdorf;3132;NEOS;94
G62264;Bad Waltersdorf;3132;KPÖ;7
G62264;Bad Waltersdorf;3132;EUROPA;14
G62265;Dechantskirchen;1704;ÖVP;456
G62265;Dechantskirchen;1704;SPÖ;205
G62265;Dechantskirchen;1704;FPÖ;196
G62265;Dechantskirchen;1704;GRÜNE;64
G62265;Dechantskirchen;1704;NEOS;55
G62265;Dechantskirchen;1704;KPÖ;10
G62265;Dechantskirchen;1704;EUROPA;6
G62266;Feistritztal;2000;ÖVP;422
G62266;Feistritztal;2000;SPÖ;162
G62266;Feistritztal;2000;FPÖ;281
G62266;Feistritztal;2000;GRÜNE;95
G62266;Feistritztal;2000;NEOS;52
G62266;Feistritztal;2000;KPÖ;8
G62266;Feistritztal;2000;EUROPA;7
G62267;Fürstenfeld;6942;ÖVP;1424
G62267;Fürstenfeld;6942;SPÖ;501
G62267;Fürstenfeld;6942;FPÖ;637
G62267;Fürstenfeld;6942;GRÜNE;351
G62267;Fürstenfeld;6942;NEOS;195
G62267;Fürstenfeld;6942;KPÖ;32
G62267;Fürstenfeld;6942;EUROPA;14
G62268;Grafendorf bei Hartberg;2574;ÖVP;732
G62268;Grafendorf bei Hartberg;2574;SPÖ;153
G62268;Grafendorf bei Hartberg;2574;FPÖ;320
G62268;Grafendorf bei Hartberg;2574;GRÜNE;91
G62268;Grafendorf bei Hartberg;2574;NEOS;72
G62268;Grafendorf bei Hartberg;2574;KPÖ;6
G62268;Grafendorf bei Hartberg;2574;EUROPA;5
G62269;Großwilfersdorf;1682;ÖVP;474
G62269;Großwilfersdorf;1682;SPÖ;71
G62269;Großwilfersdorf;1682;FPÖ;165
G62269;Großwilfersdorf;1682;GRÜNE;100
G62269;Großwilfersdorf;1682;NEOS;48
G62269;Großwilfersdorf;1682;KPÖ;4
G62269;Großwilfersdorf;1682;EUROPA;3
G62270;Hartl;1774;ÖVP;506
G62270;Hartl;1774;SPÖ;83
G62270;Hartl;1774;FPÖ;300
G62270;Hartl;1774;GRÜNE;43
G62270;Hartl;1774;NEOS;26
G62270;Hartl;1774;KPÖ;2
G62270;Hartl;1774;EUROPA;5
G62271;Ilz;3045;ÖVP;681
G62271;Ilz;3045;SPÖ;135
G62271;Ilz;3045;FPÖ;419
G62271;Ilz;3045;GRÜNE;179
G62271;Ilz;3045;NEOS;95
G62271;Ilz;3045;KPÖ;10
G62271;Ilz;3045;EUROPA;11
G62272;Kaindorf;2406;ÖVP;621
G62272;Kaindorf;2406;SPÖ;140
G62272;Kaindorf;2406;FPÖ;285
G62272;Kaindorf;2406;GRÜNE;101
G62272;Kaindorf;2406;NEOS;60
G62272;Kaindorf;2406;KPÖ;8
G62272;Kaindorf;2406;EUROPA;7
G62273;Loipersdorf bei Fürstenfeld;1549;ÖVP;398
G62273;Loipersdorf bei Fürstenfeld;1549;SPÖ;42
G62273;Loipersdorf bei Fürstenfeld;1549;FPÖ;248
G62273;Loipersdorf bei Fürstenfeld;1549;GRÜNE;48
G62273;Loipersdorf bei Fürstenfeld;1549;NEOS;24
G62273;Loipersdorf bei Fürstenfeld;1549;KPÖ;5
G62273;Loipersdorf bei Fürstenfeld;1549;EUROPA;3
G62274;Neudau;1044;ÖVP;167
G62274;Neudau;1044;SPÖ;187
G62274;Neudau;1044;FPÖ;104
G62274;Neudau;1044;GRÜNE;39
G62274;Neudau;1044;NEOS;17
G62274;Neudau;1044;KPÖ;3
G62274;Neudau;1044;EUROPA;1
G62275;Pöllau;5123;ÖVP;1215
G62275;Pöllau;5123;SPÖ;453
G62275;Pöllau;5123;FPÖ;531
G62275;Pöllau;5123;GRÜNE;206
G62275;Pöllau;5123;NEOS;136
G62275;Pöllau;5123;KPÖ;7
G62275;Pöllau;5123;EUROPA;5
G62276;Rohr bei Hartberg;1218;ÖVP;288
G62276;Rohr bei Hartberg;1218;SPÖ;131
G62276;Rohr bei Hartberg;1218;FPÖ;155
G62276;Rohr bei Hartberg;1218;GRÜNE;51
G62276;Rohr bei Hartberg;1218;NEOS;28
G62276;Rohr bei Hartberg;1218;KPÖ;1
G62276;Rohr bei Hartberg;1218;EUROPA;4
G62277;Rohrbach an der Lafnitz;2258;ÖVP;441
G62277;Rohrbach an der Lafnitz;2258;SPÖ;306
G62277;Rohrbach an der Lafnitz;2258;FPÖ;295
G62277;Rohrbach an der Lafnitz;2258;GRÜNE;67
G62277;Rohrbach an der Lafnitz;2258;NEOS;56
G62277;Rohrbach an der Lafnitz;2258;KPÖ;3
G62277;Rohrbach an der Lafnitz;2258;EUROPA;3
G62278;Vorau;3943;ÖVP;1170
G62278;Vorau;3943;SPÖ;210
G62278;Vorau;3943;FPÖ;494
G62278;Vorau;3943;GRÜNE;123
G62278;Vorau;3943;NEOS;97
G62278;Vorau;3943;KPÖ;5
G62278;Vorau;3943;EUROPA;10
G62279;Waldbach-Mönichwald;1253;ÖVP;382
G62279;Waldbach-Mönichwald;1253;SPÖ;92
G62279;Waldbach-Mönichwald;1253;FPÖ;159
G62279;Waldbach-Mönichwald;1253;GRÜNE;35
G62279;Waldbach-Mönichwald;1253;NEOS;41
G62279;Waldbach-Mönichwald;1253;KPÖ;1
G62279;Waldbach-Mönichwald;1253;EUROPA;1
G62299;Wahlkarten - Hartberg-Fürstenfeld;0;ÖVP;1866
G62299;Wahlkarten - Hartberg-Fürstenfeld;0;SPÖ;920
G62299;Wahlkarten - Hartberg-Fürstenfeld;0;FPÖ;788
G62299;Wahlkarten - Hartberg-Fürstenfeld;0;GRÜNE;797
G62299;Wahlkarten - Hartberg-Fürstenfeld;0;NEOS;335
G62299;Wahlkarten - Hartberg-Fürstenfeld;0;KPÖ;25
G62299;Wahlkarten - Hartberg-Fürstenfeld;0;EUROPA;38
G62311;Edelsbach bei Feldbach;1104;ÖVP;348
G62311;Edelsbach bei Feldbach;1104;SPÖ;94
G62311;Edelsbach bei Feldbach;1104;FPÖ;147
G62311;Edelsbach bei Feldbach;1104;GRÜNE;36
G62311;Edelsbach bei Feldbach;1104;NEOS;34
G62311;Edelsbach bei Feldbach;1104;KPÖ;4
G62311;Edelsbach bei Feldbach;1104;EUROPA;3
G62314;Eichkögl;1058;ÖVP;246
G62314;Eichkögl;1058;SPÖ;51
G62314;Eichkögl;1058;FPÖ;160
G62314;Eichkögl;1058;GRÜNE;45
G62314;Eichkögl;1058;NEOS;23
G62314;Eichkögl;1058;KPÖ;3
G62314;Eichkögl;1058;EUROPA;4
G62326;Halbenrain;1480;ÖVP;339
G62326;Halbenrain;1480;SPÖ;51
G62326;Halbenrain;1480;FPÖ;157
G62326;Halbenrain;1480;GRÜNE;34
G62326;Halbenrain;1480;NEOS;31
G62326;Halbenrain;1480;KPÖ;2
G62326;Halbenrain;1480;EUROPA;5
G62330;Jagerberg;1376;ÖVP;387
G62330;Jagerberg;1376;SPÖ;62
G62330;Jagerberg;1376;FPÖ;206
G62330;Jagerberg;1376;GRÜNE;24
G62330;Jagerberg;1376;NEOS;20
G62330;Jagerberg;1376;KPÖ;1
G62330;Jagerberg;1376;EUROPA;3
G62332;Kapfenstein;1284;ÖVP;317
G62332;Kapfenstein;1284;SPÖ;53
G62332;Kapfenstein;1284;FPÖ;155
G62332;Kapfenstein;1284;GRÜNE;41
G62332;Kapfenstein;1284;NEOS;22
G62332;Kapfenstein;1284;KPÖ;3
G62332;Kapfenstein;1284;EUROPA;3
G62335;Klöch;1021;ÖVP;320
G62335;Klöch;1021;SPÖ;56
G62335;Klöch;1021;FPÖ;72
G62335;Klöch;1021;GRÜNE;25
G62335;Klöch;1021;NEOS;19
G62335;Klöch;1021;KPÖ;1
G62335;Klöch;1021;EUROPA;1
G62343;Mettersdorf am Saßbach;1056;ÖVP;287
G62343;Mettersdorf am Saßbach;1056;SPÖ;73
G62343;Mettersdorf am Saßbach;1056;FPÖ;108
G62343;Mettersdorf am Saßbach;1056;GRÜNE;33
G62343;Mettersdorf am Saßbach;1056;NEOS;24
G62343;Mettersdorf am Saßbach;1056;KPÖ;0
G62343;Mettersdorf am Saßbach;1056;EUROPA;1
G62347;Murfeld;1375;ÖVP;304
G62347;Murfeld;1375;SPÖ;92
G62347;Murfeld;1375;FPÖ;162
G62347;Murfeld;1375;GRÜNE;38
G62347;Murfeld;1375;NEOS;45
G62347;Murfeld;1375;KPÖ;1
G62347;Murfeld;1375;EUROPA;4
G62368;Tieschen;1045;ÖVP;214
G62368;Tieschen;1045;SPÖ;82
G62368;Tieschen;1045;FPÖ;111
G62368;Tieschen;1045;GRÜNE;26
G62368;Tieschen;1045;NEOS;30
G62368;Tieschen;1045;KPÖ;2
G62368;Tieschen;1045;EUROPA;2
G62372;Unterlamm;1051;ÖVP;273
G62372;Unterlamm;1051;SPÖ;33
G62372;Unterlamm;1051;FPÖ;152
G62372;Unterlamm;1051;GRÜNE;12
G62372;Unterlamm;1051;NEOS;15
G62372;Unterlamm;1051;KPÖ;4
G62372;Unterlamm;1051;EUROPA;2
G62375;Bad Gleichenberg;4286;ÖVP;760
G62375;Bad Gleichenberg;4286;SPÖ;270
G62375;Bad Gleichenberg;4286;FPÖ;426
G62375;Bad Gleichenberg;4286;GRÜNE;150
G62375;Bad Gleichenberg;4286;NEOS;89
G62375;Bad Gleichenberg;4286;KPÖ;7
G62375;Bad Gleichenberg;4286;EUROPA;11
G62376;Bad Radkersburg;2512;ÖVP;525
G62376;Bad Radkersburg;2512;SPÖ;177
G62376;Bad Radkersburg;2512;FPÖ;188
G62376;Bad Radkersburg;2512;GRÜNE;112
G62376;Bad Radkersburg;2512;NEOS;72
G62376;Bad Radkersburg;2512;KPÖ;8
G62376;Bad Radkersburg;2512;EUROPA;2
G62377;Deutsch Goritz;1532;ÖVP;400
G62377;Deutsch Goritz;1532;SPÖ;90
G62377;Deutsch Goritz;1532;FPÖ;149
G62377;Deutsch Goritz;1532;GRÜNE;52
G62377;Deutsch Goritz;1532;NEOS;48
G62377;Deutsch Goritz;1532;KPÖ;6
G62377;Deutsch Goritz;1532;EUROPA;7
G62378;Fehring;6040;ÖVP;1242
G62378;Fehring;6040;SPÖ;421
G62378;Fehring;6040;FPÖ;678
G62378;Fehring;6040;GRÜNE;249
G62378;Fehring;6040;NEOS;158
G62378;Fehring;6040;KPÖ;21
G62378;Fehring;6040;EUROPA;19
G62379;Feldbach;10277;ÖVP;2190
G62379;Feldbach;10277;SPÖ;733
G62379;Feldbach;10277;FPÖ;1273
G62379;Feldbach;10277;GRÜNE;422
G62379;Feldbach;10277;NEOS;281
G62379;Feldbach;10277;KPÖ;34
G62379;Feldbach;10277;EUROPA;30
G62380;Gnas;5030;ÖVP;1468
G62380;Gnas;5030;SPÖ;165
G62380;Gnas;5030;FPÖ;658
G62380;Gnas;5030;GRÜNE;143
G62380;Gnas;5030;NEOS;130
G62380;Gnas;5030;KPÖ;5
G62380;Gnas;5030;EUROPA;20
G62381;Kirchbach-Zerlach;2702;ÖVP;675
G62381;Kirchbach-Zerlach;2702;SPÖ;116
G62381;Kirchbach-Zerlach;2702;FPÖ;358
G62381;Kirchbach-Zerlach;2702;GRÜNE;103
G62381;Kirchbach-Zerlach;2702;NEOS;89
G62381;Kirchbach-Zerlach;2702;KPÖ;6
G62381;Kirchbach-Zerlach;2702;EUROPA;8
G62382;Kirchberg an der Raab;3684;ÖVP;756
G62382;Kirchberg an der Raab;3684;SPÖ;255
G62382;Kirchberg an der Raab;3684;FPÖ;489
G62382;Kirchberg an der Raab;3684;GRÜNE;130
G62382;Kirchberg an der Raab;3684;NEOS;90
G62382;Kirchberg an der Raab;3684;KPÖ;10
G62382;Kirchberg an der Raab;3684;EUROPA;8
G62383;Mureck;2853;ÖVP;593
G62383;Mureck;2853;SPÖ;231
G62383;Mureck;2853;FPÖ;298
G62383;Mureck;2853;GRÜNE;101
G62383;Mureck;2853;NEOS;70
G62383;Mureck;2853;KPÖ;5
G62383;Mureck;2853;EUROPA;6
G62384;Paldau;2615;ÖVP;589
G62384;Paldau;2615;SPÖ;169
G62384;Paldau;2615;FPÖ;297
G62384;Paldau;2615;GRÜNE;66
G62384;Paldau;2615;NEOS;54
G62384;Paldau;2615;KPÖ;4
G62384;Paldau;2615;EUROPA;8
G62385;Pirching am Traubenberg;2112;ÖVP;567
G62385;Pirching am Traubenberg;2112;SPÖ;77
G62385;Pirching am Traubenberg;2112;FPÖ;253
G62385;Pirching am Traubenberg;2112;GRÜNE;87
G62385;Pirching am Traubenberg;2112;NEOS;55
G62385;Pirching am Traubenberg;2112;KPÖ;3
G62385;Pirching am Traubenberg;2112;EUROPA;5
G62386;Riegersburg;4135;ÖVP;990
G62386;Riegersburg;4135;SPÖ;243
G62386;Riegersburg;4135;FPÖ;391
G62386;Riegersburg;4135;GRÜNE;153
G62386;Riegersburg;4135;NEOS;115
G62386;Riegersburg;4135;KPÖ;17
G62386;Riegersburg;4135;EUROPA;9
G62387;Sankt Anna am Aigen;2034;ÖVP;498
G62387;Sankt Anna am Aigen;2034;SPÖ;66
G62387;Sankt Anna am Aigen;2034;FPÖ;193
G62387;Sankt Anna am Aigen;2034;GRÜNE;39
G62387;Sankt Anna am Aigen;2034;NEOS;37
G62387;Sankt Anna am Aigen;2034;KPÖ;5
G62387;Sankt Anna am Aigen;2034;EUROPA;4
G62388;Sankt Peter am Ottersbach;2466;ÖVP;578
G62388;Sankt Peter am Ottersbach;2466;SPÖ;88
G62388;Sankt Peter am Ottersbach;2466;FPÖ;243
G62388;Sankt Peter am Ottersbach;2466;GRÜNE;63
G62388;Sankt Peter am Ottersbach;2466;NEOS;43
G62388;Sankt Peter am Ottersbach;2466;KPÖ;4
G62388;Sankt Peter am Ottersbach;2466;EUROPA;3
G62389;Sankt Stefan im Rosental;3278;ÖVP;786
G62389;Sankt Stefan im Rosental;3278;SPÖ;180
G62389;Sankt Stefan im Rosental;3278;FPÖ;451
G62389;Sankt Stefan im Rosental;3278;GRÜNE;125
G62389;Sankt Stefan im Rosental;3278;NEOS;105
G62389;Sankt Stefan im Rosental;3278;KPÖ;10
G62389;Sankt Stefan im Rosental;3278;EUROPA;5
G62390;Straden;3017;ÖVP;778
G62390;Straden;3017;SPÖ;131
G62390;Straden;3017;FPÖ;337
G62390;Straden;3017;GRÜNE;113
G62390;Straden;3017;NEOS;84
G62390;Straden;3017;KPÖ;3
G62390;Straden;3017;EUROPA;5
G62399;Wahlkarten - Südoststeiermark;0;ÖVP;2203
G62399;Wahlkarten - Südoststeiermark;0;SPÖ;835
G62399;Wahlkarten - Südoststeiermark;0;FPÖ;903
G62399;Wahlkarten - Südoststeiermark;0;GRÜNE;671
G62399;Wahlkarten - Südoststeiermark;0;NEOS;382
G62399;Wahlkarten - Südoststeiermark;0;KPÖ;52
G62399;Wahlkarten - Südoststeiermark;0;EUROPA;27
G7A099;Wahlkarten - Innsbruck;0;ÖVP;0
G7A099;Wahlkarten - Innsbruck;0;SPÖ;0
G7A099;Wahlkarten - Innsbruck;0;FPÖ;0
G7A099;Wahlkarten - Innsbruck;0;GRÜNE;0
G7A099;Wahlkarten - Innsbruck;0;NEOS;0
G7A099;Wahlkarten - Innsbruck;0;KPÖ;0
G7A099;Wahlkarten - Innsbruck;0;EUROPA;0
G7B099;Wahlkarten - Innsbruck-Land;0;ÖVP;0
G7B099;Wahlkarten - Innsbruck-Land;0;SPÖ;0
G7B099;Wahlkarten - Innsbruck-Land;0;FPÖ;0
G7B099;Wahlkarten - Innsbruck-Land;0;GRÜNE;0
G7B099;Wahlkarten - Innsbruck-Land;0;NEOS;0
G7B099;Wahlkarten - Innsbruck-Land;0;KPÖ;0
G7B099;Wahlkarten - Innsbruck-Land;0;EUROPA;0
G7C099;Wahlkarten - Unterland;0;ÖVP;0
G7C099;Wahlkarten - Unterland;0;SPÖ;0
G7C099;Wahlkarten - Unterland;0;FPÖ;0
G7C099;Wahlkarten - Unterland;0;GRÜNE;0
G7C099;Wahlkarten - Unterland;0;NEOS;0
G7C099;Wahlkarten - Unterland;0;KPÖ;0
G7C099;Wahlkarten - Unterland;0;EUROPA;0
G7D099;Wahlkarten - Oberland;0;ÖVP;0
G7D099;Wahlkarten - Oberland;0;SPÖ;0
G7D099;Wahlkarten - Oberland;0;FPÖ;0
G7D099;Wahlkarten - Oberland;0;GRÜNE;0
G7D099;Wahlkarten - Oberland;0;NEOS;0
G7D099;Wahlkarten - Oberland;0;KPÖ;0
G7D099;Wahlkarten - Oberland;0;EUROPA;0
G7E099;Wahlkarten - Osttirol;0;ÖVP;0
G7E099;Wahlkarten - Osttirol;0;SPÖ;0
G7E099;Wahlkarten - Osttirol;0;FPÖ;0
G7E099;Wahlkarten - Osttirol;0;GRÜNE;0
G7E099;Wahlkarten - Osttirol;0;NEOS;0
G7E099;Wahlkarten - Osttirol;0;KPÖ;0
G7E099;Wahlkarten - Osttirol;0;EUROPA;0
G70101;Innsbruck;86810;ÖVP;11074
G70101;Innsbruck;86810;SPÖ;7829
G70101;Innsbruck;86810;FPÖ;6220
G70101;Innsbruck;86810;GRÜNE;9560
G70101;Innsbruck;86810;NEOS;4216
G70101;Innsbruck;86810;KPÖ;397
G70101;Innsbruck;86810;EUROPA;633
G70199;Wahlkarten - Innsbruck Stadt;0;ÖVP;2775
G70199;Wahlkarten - Innsbruck Stadt;0;SPÖ;2166
G70199;Wahlkarten - Innsbruck Stadt;0;FPÖ;990
G70199;Wahlkarten - Innsbruck Stadt;0;GRÜNE;3801
G70199;Wahlkarten - Innsbruck Stadt;0;NEOS;1449
G70199;Wahlkarten - Innsbruck Stadt;0;KPÖ;112
G70199;Wahlkarten - Innsbruck Stadt;0;EUROPA;175
G70201;Arzl im Pitztal;2370;ÖVP;500
G70201;Arzl im Pitztal;2370;SPÖ;136
G70201;Arzl im Pitztal;2370;FPÖ;147
G70201;Arzl im Pitztal;2370;GRÜNE;109
G70201;Arzl im Pitztal;2370;NEOS;78
G70201;Arzl im Pitztal;2370;KPÖ;5
G70201;Arzl im Pitztal;2370;EUROPA;14
G70202;Haiming;3528;ÖVP;528
G70202;Haiming;3528;SPÖ;232
G70202;Haiming;3528;FPÖ;300
G70202;Haiming;3528;GRÜNE;270
G70202;Haiming;3528;NEOS;114
G70202;Haiming;3528;KPÖ;4
G70202;Haiming;3528;EUROPA;8
G70203;Imst;7465;ÖVP;1266
G70203;Imst;7465;SPÖ;521
G70203;Imst;7465;FPÖ;521
G70203;Imst;7465;GRÜNE;455
G70203;Imst;7465;NEOS;282
G70203;Imst;7465;KPÖ;20
G70203;Imst;7465;EUROPA;33
G70204;Imsterberg;633;ÖVP;149
G70204;Imsterberg;633;SPÖ;39
G70204;Imsterberg;633;FPÖ;48
G70204;Imsterberg;633;GRÜNE;21
G70204;Imsterberg;633;NEOS;23
G70204;Imsterberg;633;KPÖ;1
G70204;Imsterberg;633;EUROPA;0
G70205;Jerzens;706;ÖVP;178
G70205;Jerzens;706;SPÖ;19
G70205;Jerzens;706;FPÖ;47
G70205;Jerzens;706;GRÜNE;13
G70205;Jerzens;706;NEOS;8
G70205;Jerzens;706;KPÖ;2
G70205;Jerzens;706;EUROPA;0
G70206;Karres;507;ÖVP;127
G70206;Karres;507;SPÖ;29
G70206;Karres;507;FPÖ;69
G70206;Karres;507;GRÜNE;9
G70206;Karres;507;NEOS;11
G70206;Karres;507;KPÖ;0
G70206;Karres;507;EUROPA;0
G70207;Karrösten;566;ÖVP;121
G70207;Karrösten;566;SPÖ;55
G70207;Karrösten;566;FPÖ;27
G70207;Karrösten;566;GRÜNE;18
G70207;Karrösten;566;NEOS;20
G70207;Karrösten;566;KPÖ;1
G70207;Karrösten;566;EUROPA;3
G70208;Längenfeld;3438;ÖVP;780
G70208;Längenfeld;3438;SPÖ;88
G70208;Längenfeld;3438;FPÖ;160
G70208;Längenfeld;3438;GRÜNE;101
G70208;Längenfeld;3438;NEOS;93
G70208;Längenfeld;3438;KPÖ;6
G70208;Längenfeld;3438;EUROPA;14
G70209;Mieming;2823;ÖVP;564
G70209;Mieming;2823;SPÖ;134
G70209;Mieming;2823;FPÖ;171
G70209;Mieming;2823;GRÜNE;187
G70209;Mieming;2823;NEOS;154
G70209;Mieming;2823;KPÖ;6
G70209;Mieming;2823;EUROPA;13
G70210;Mils bei Imst;470;ÖVP;113
G70210;Mils bei Imst;470;SPÖ;18
G70210;Mils bei Imst;470;FPÖ;30
G70210;Mils bei Imst;470;GRÜNE;30
G70210;Mils bei Imst;470;NEOS;40
G70210;Mils bei Imst;470;KPÖ;1
G70210;Mils bei Imst;470;EUROPA;0
G70211;Mötz;919;ÖVP;146
G70211;Mötz;919;SPÖ;55
G70211;Mötz;919;FPÖ;57
G70211;Mötz;919;GRÜNE;55
G70211;Mötz;919;NEOS;34
G70211;Mötz;919;KPÖ;3
G70211;Mötz;919;EUROPA;3
G70212;Nassereith;1667;ÖVP;304
G70212;Nassereith;1667;SPÖ;63
G70212;Nassereith;1667;FPÖ;115
G70212;Nassereith;1667;GRÜNE;60
G70212;Nassereith;1667;NEOS;61
G70212;Nassereith;1667;KPÖ;5
G70212;Nassereith;1667;EUROPA;12
G70213;Obsteig;967;ÖVP;173
G70213;Obsteig;967;SPÖ;34
G70213;Obsteig;967;FPÖ;58
G70213;Obsteig;967;GRÜNE;80
G70213;Obsteig;967;NEOS;48
G70213;Obsteig;967;KPÖ;3
G70213;Obsteig;967;EUROPA;5
G70214;Oetz;1765;ÖVP;412
G70214;Oetz;1765;SPÖ;58
G70214;Oetz;1765;FPÖ;86
G70214;Oetz;1765;GRÜNE;113
G70214;Oetz;1765;NEOS;81
G70214;Oetz;1765;KPÖ;2
G70214;Oetz;1765;EUROPA;4
G70215;Rietz;1815;ÖVP;256
G70215;Rietz;1815;SPÖ;115
G70215;Rietz;1815;FPÖ;154
G70215;Rietz;1815;GRÜNE;78
G70215;Rietz;1815;NEOS;71
G70215;Rietz;1815;KPÖ;4
G70215;Rietz;1815;EUROPA;5
G70216;Roppen;1349;ÖVP;254
G70216;Roppen;1349;SPÖ;118
G70216;Roppen;1349;FPÖ;70
G70216;Roppen;1349;GRÜNE;67
G70216;Roppen;1349;NEOS;31
G70216;Roppen;1349;KPÖ;4
G70216;Roppen;1349;EUROPA;0
G70217;St. Leonhard im Pitztal;1087;ÖVP;298
G70217;St. Leonhard im Pitztal;1087;SPÖ;19
G70217;St. Leonhard im Pitztal;1087;FPÖ;77
G70217;St. Leonhard im Pitztal;1087;GRÜNE;8
G70217;St. Leonhard im Pitztal;1087;NEOS;18
G70217;St. Leonhard im Pitztal;1087;KPÖ;1
G70217;St. Leonhard im Pitztal;1087;EUROPA;0
G70218;Sautens;1136;ÖVP;237
G70218;Sautens;1136;SPÖ;35
G70218;Sautens;1136;FPÖ;43
G70218;Sautens;1136;GRÜNE;45
G70218;Sautens;1136;NEOS;30
G70218;Sautens;1136;KPÖ;0
G70218;Sautens;1136;EUROPA;2
G70219;Silz;1981;ÖVP;335
G70219;Silz;1981;SPÖ;160
G70219;Silz;1981;FPÖ;122
G70219;Silz;1981;GRÜNE;140
G70219;Silz;1981;NEOS;85
G70219;Silz;1981;KPÖ;10
G70219;Silz;1981;EUROPA;5
G70220;Sölden;2179;ÖVP;576
G70220;Sölden;2179;SPÖ;24
G70220;Sölden;2179;FPÖ;88
G70220;Sölden;2179;GRÜNE;53
G70220;Sölden;2179;NEOS;49
G70220;Sölden;2179;KPÖ;1
G70220;Sölden;2179;EUROPA;3
G70221;Stams;1111;ÖVP;214
G70221;Stams;1111;SPÖ;64
G70221;Stams;1111;FPÖ;85
G70221;Stams;1111;GRÜNE;74
G70221;Stams;1111;NEOS;38
G70221;Stams;1111;KPÖ;0
G70221;Stams;1111;EUROPA;0
G70222;Tarrenz;2094;ÖVP;357
G70222;Tarrenz;2094;SPÖ;97
G70222;Tarrenz;2094;FPÖ;187
G70222;Tarrenz;2094;GRÜNE;92
G70222;Tarrenz;2094;NEOS;64
G70222;Tarrenz;2094;KPÖ;4
G70222;Tarrenz;2094;EUROPA;6
G70223;Umhausen;2393;ÖVP;545
G70223;Umhausen;2393;SPÖ;59
G70223;Umhausen;2393;FPÖ;182
G70223;Umhausen;2393;GRÜNE;73
G70223;Umhausen;2393;NEOS;63
G70223;Umhausen;2393;KPÖ;4
G70223;Umhausen;2393;EUROPA;2
G70224;Wenns;1601;ÖVP;318
G70224;Wenns;1601;SPÖ;52
G70224;Wenns;1601;FPÖ;90
G70224;Wenns;1601;GRÜNE;45
G70224;Wenns;1601;NEOS;44
G70224;Wenns;1601;KPÖ;5
G70224;Wenns;1601;EUROPA;6
G70299;Wahlkarten - Imst;0;ÖVP;1033
G70299;Wahlkarten - Imst;0;SPÖ;478
G70299;Wahlkarten - Imst;0;FPÖ;369
G70299;Wahlkarten - Imst;0;GRÜNE;535
G70299;Wahlkarten - Imst;0;NEOS;288
G70299;Wahlkarten - Imst;0;KPÖ;20
G70299;Wahlkarten - Imst;0;EUROPA;38
G70301;Absam;5712;ÖVP;1067
G70301;Absam;5712;SPÖ;495
G70301;Absam;5712;FPÖ;364
G70301;Absam;5712;GRÜNE;563
G70301;Absam;5712;NEOS;315
G70301;Absam;5712;KPÖ;21
G70301;Absam;5712;EUROPA;32
G70302;Aldrans;1985;ÖVP;463
G70302;Aldrans;1985;SPÖ;100
G70302;Aldrans;1985;FPÖ;120
G70302;Aldrans;1985;GRÜNE;226
G70302;Aldrans;1985;NEOS;135
G70302;Aldrans;1985;KPÖ;4
G70302;Aldrans;1985;EUROPA;9
G70303;Ampass;1310;ÖVP;272
G70303;Ampass;1310;SPÖ;80
G70303;Ampass;1310;FPÖ;130
G70303;Ampass;1310;GRÜNE;110
G70303;Ampass;1310;NEOS;79
G70303;Ampass;1310;KPÖ;4
G70303;Ampass;1310;EUROPA;11
G70304;Axams;4653;ÖVP;781
G70304;Axams;4653;SPÖ;387
G70304;Axams;4653;FPÖ;324
G70304;Axams;4653;GRÜNE;380
G70304;Axams;4653;NEOS;205
G70304;Axams;4653;KPÖ;19
G70304;Axams;4653;EUROPA;19
G70305;Baumkirchen;954;ÖVP;217
G70305;Baumkirchen;954;SPÖ;61
G70305;Baumkirchen;954;FPÖ;70
G70305;Baumkirchen;954;GRÜNE;76
G70305;Baumkirchen;954;NEOS;49
G70305;Baumkirchen;954;KPÖ;2
G70305;Baumkirchen;954;EUROPA;8
G70306;Birgitz;1113;ÖVP;254
G70306;Birgitz;1113;SPÖ;56
G70306;Birgitz;1113;FPÖ;84
G70306;Birgitz;1113;GRÜNE;108
G70306;Birgitz;1113;NEOS;65
G70306;Birgitz;1113;KPÖ;2
G70306;Birgitz;1113;EUROPA;8
G70307;Ellbögen;910;ÖVP;272
G70307;Ellbögen;910;SPÖ;62
G70307;Ellbögen;910;FPÖ;81
G70307;Ellbögen;910;GRÜNE;56
G70307;Ellbögen;910;NEOS;37
G70307;Ellbögen;910;KPÖ;1
G70307;Ellbögen;910;EUROPA;5
G70308;Flaurling;984;ÖVP;214
G70308;Flaurling;984;SPÖ;95
G70308;Flaurling;984;FPÖ;58
G70308;Flaurling;984;GRÜNE;80
G70308;Flaurling;984;NEOS;44
G70308;Flaurling;984;KPÖ;6
G70308;Flaurling;984;EUROPA;6
G70309;Fritzens;1684;ÖVP;311
G70309;Fritzens;1684;SPÖ;149
G70309;Fritzens;1684;FPÖ;131
G70309;Fritzens;1684;GRÜNE;122
G70309;Fritzens;1684;NEOS;92
G70309;Fritzens;1684;KPÖ;7
G70309;Fritzens;1684;EUROPA;13
G70310;Fulpmes;3096;ÖVP;580
G70310;Fulpmes;3096;SPÖ;192
G70310;Fulpmes;3096;FPÖ;223
G70310;Fulpmes;3096;GRÜNE;153
G70310;Fulpmes;3096;NEOS;114
G70310;Fulpmes;3096;KPÖ;4
G70310;Fulpmes;3096;EUROPA;11
G70311;Gnadenwald;631;ÖVP;160
G70311;Gnadenwald;631;SPÖ;34
G70311;Gnadenwald;631;FPÖ;42
G70311;Gnadenwald;631;GRÜNE;54
G70311;Gnadenwald;631;NEOS;38
G70311;Gnadenwald;631;KPÖ;0
G70311;Gnadenwald;631;EUROPA;4
G70312;Götzens;3104;ÖVP;594
G70312;Götzens;3104;SPÖ;223
G70312;Götzens;3104;FPÖ;228
G70312;Götzens;3104;GRÜNE;243
G70312;Götzens;3104;NEOS;146
G70312;Götzens;3104;KPÖ;5
G70312;Götzens;3104;EUROPA;16
G70313;Gries am Brenner;993;ÖVP;217
G70313;Gries am Brenner;993;SPÖ;72
G70313;Gries am Brenner;993;FPÖ;117
G70313;Gries am Brenner;993;GRÜNE;37
G70313;Gries am Brenner;993;NEOS;23
G70313;Gries am Brenner;993;KPÖ;0
G70313;Gries am Brenner;993;EUROPA;3
G70314;Gries im Sellrain;490;ÖVP;129
G70314;Gries im Sellrain;490;SPÖ;48
G70314;Gries im Sellrain;490;FPÖ;22
G70314;Gries im Sellrain;490;GRÜNE;17
G70314;Gries im Sellrain;490;NEOS;16
G70314;Gries im Sellrain;490;KPÖ;0
G70314;Gries im Sellrain;490;EUROPA;4
G70315;Grinzens;1100;ÖVP;202
G70315;Grinzens;1100;SPÖ;97
G70315;Grinzens;1100;FPÖ;89
G70315;Grinzens;1100;GRÜNE;74
G70315;Grinzens;1100;NEOS;42
G70315;Grinzens;1100;KPÖ;3
G70315;Grinzens;1100;EUROPA;9
G70317;Gschnitz;340;ÖVP;95
G70317;Gschnitz;340;SPÖ;15
G70317;Gschnitz;340;FPÖ;32
G70317;Gschnitz;340;GRÜNE;6
G70317;Gschnitz;340;NEOS;5
G70317;Gschnitz;340;KPÖ;2
G70317;Gschnitz;340;EUROPA;0
G70318;Hatting;1083;ÖVP;199
G70318;Hatting;1083;SPÖ;100
G70318;Hatting;1083;FPÖ;94
G70318;Hatting;1083;GRÜNE;79
G70318;Hatting;1083;NEOS;57
G70318;Hatting;1083;KPÖ;2
G70318;Hatting;1083;EUROPA;7
G70319;Inzing;2963;ÖVP;592
G70319;Inzing;2963;SPÖ;285
G70319;Inzing;2963;FPÖ;221
G70319;Inzing;2963;GRÜNE;290
G70319;Inzing;2963;NEOS;148
G70319;Inzing;2963;KPÖ;14
G70319;Inzing;2963;EUROPA;17
G70320;Kematen in Tirol;2211;ÖVP;398
G70320;Kematen in Tirol;2211;SPÖ;162
G70320;Kematen in Tirol;2211;FPÖ;149
G70320;Kematen in Tirol;2211;GRÜNE;205
G70320;Kematen in Tirol;2211;NEOS;106
G70320;Kematen in Tirol;2211;KPÖ;5
G70320;Kematen in Tirol;2211;EUROPA;15
G70322;Kolsass;1275;ÖVP;299
G70322;Kolsass;1275;SPÖ;91
G70322;Kolsass;1275;FPÖ;104
G70322;Kolsass;1275;GRÜNE;112
G70322;Kolsass;1275;NEOS;45
G70322;Kolsass;1275;KPÖ;0
G70322;Kolsass;1275;EUROPA;10
G70323;Kolsassberg;633;ÖVP;179
G70323;Kolsassberg;633;SPÖ;21
G70323;Kolsassberg;633;FPÖ;63
G70323;Kolsassberg;633;GRÜNE;25
G70323;Kolsassberg;633;NEOS;16
G70323;Kolsassberg;633;KPÖ;2
G70323;Kolsassberg;633;EUROPA;0
G70325;Lans;818;ÖVP;207
G70325;Lans;818;SPÖ;28
G70325;Lans;818;FPÖ;46
G70325;Lans;818;GRÜNE;78
G70325;Lans;818;NEOS;53
G70325;Lans;818;KPÖ;3
G70325;Lans;818;EUROPA;8
G70326;Leutasch;1616;ÖVP;354
G70326;Leutasch;1616;SPÖ;51
G70326;Leutasch;1616;FPÖ;88
G70326;Leutasch;1616;GRÜNE;82
G70326;Leutasch;1616;NEOS;67
G70326;Leutasch;1616;KPÖ;2
G70326;Leutasch;1616;EUROPA;2
G70327;Matrei am Brenner;724;ÖVP;147
G70327;Matrei am Brenner;724;SPÖ;77
G70327;Matrei am Brenner;724;FPÖ;46
G70327;Matrei am Brenner;724;GRÜNE;38
G70327;Matrei am Brenner;724;NEOS;32
G70327;Matrei am Brenner;724;KPÖ;0
G70327;Matrei am Brenner;724;EUROPA;2
G70328;Mieders;1330;ÖVP;272
G70328;Mieders;1330;SPÖ;69
G70328;Mieders;1330;FPÖ;98
G70328;Mieders;1330;GRÜNE;87
G70328;Mieders;1330;NEOS;51
G70328;Mieders;1330;KPÖ;4
G70328;Mieders;1330;EUROPA;7
G70329;Mils;3403;ÖVP;782
G70329;Mils;3403;SPÖ;227
G70329;Mils;3403;FPÖ;257
G70329;Mils;3403;GRÜNE;334
G70329;Mils;3403;NEOS;207
G70329;Mils;3403;KPÖ;14
G70329;Mils;3403;EUROPA;27
G70330;Mühlbachl;1057;ÖVP;250
G70330;Mühlbachl;1057;SPÖ;98
G70330;Mühlbachl;1057;FPÖ;67
G70330;Mühlbachl;1057;GRÜNE;30
G70330;Mühlbachl;1057;NEOS;30
G70330;Mühlbachl;1057;KPÖ;2
G70330;Mühlbachl;1057;EUROPA;2
G70331;Mutters;1614;ÖVP;336
G70331;Mutters;1614;SPÖ;75
G70331;Mutters;1614;FPÖ;94
G70331;Mutters;1614;GRÜNE;160
G70331;Mutters;1614;NEOS;75
G70331;Mutters;1614;KPÖ;1
G70331;Mutters;1614;EUROPA;6
G70332;Natters;1607;ÖVP;374
G70332;Natters;1607;SPÖ;95
G70332;Natters;1607;FPÖ;125
G70332;Natters;1607;GRÜNE;168
G70332;Natters;1607;NEOS;85
G70332;Natters;1607;KPÖ;5
G70332;Natters;1607;EUROPA;7
G70333;Navis;1617;ÖVP;386
G70333;Navis;1617;SPÖ;60
G70333;Navis;1617;FPÖ;114
G70333;Navis;1617;GRÜNE;41
G70333;Navis;1617;NEOS;36
G70333;Navis;1617;KPÖ;1
G70333;Navis;1617;EUROPA;3
G70334;Neustift im Stubaital;3466;ÖVP;778
G70334;Neustift im Stubaital;3466;SPÖ;118
G70334;Neustift im Stubaital;3466;FPÖ;297
G70334;Neustift im Stubaital;3466;GRÜNE;130
G70334;Neustift im Stubaital;3466;NEOS;82
G70334;Neustift im Stubaital;3466;KPÖ;6
G70334;Neustift im Stubaital;3466;EUROPA;14
G70335;Oberhofen im Inntal;1374;ÖVP;227
G70335;Oberhofen im Inntal;1374;SPÖ;97
G70335;Oberhofen im Inntal;1374;FPÖ;137
G70335;Oberhofen im Inntal;1374;GRÜNE;112
G70335;Oberhofen im Inntal;1374;NEOS;69
G70335;Oberhofen im Inntal;1374;KPÖ;3
G70335;Oberhofen im Inntal;1374;EUROPA;12
G70336;Obernberg am Brenner;287;ÖVP;84
G70336;Obernberg am Brenner;287;SPÖ;16
G70336;Obernberg am Brenner;287;FPÖ;42
G70336;Obernberg am Brenner;287;GRÜNE;5
G70336;Obernberg am Brenner;287;NEOS;8
G70336;Obernberg am Brenner;287;KPÖ;1
G70336;Obernberg am Brenner;287;EUROPA;1
G70337;Oberperfuss;2412;ÖVP;505
G70337;Oberperfuss;2412;SPÖ;212
G70337;Oberperfuss;2412;FPÖ;131
G70337;Oberperfuss;2412;GRÜNE;195
G70337;Oberperfuss;2412;NEOS;93
G70337;Oberperfuss;2412;KPÖ;8
G70337;Oberperfuss;2412;EUROPA;5
G70338;Patsch;812;ÖVP;179
G70338;Patsch;812;SPÖ;59
G70338;Patsch;812;FPÖ;54
G70338;Patsch;812;GRÜNE;69
G70338;Patsch;812;NEOS;44
G70338;Patsch;812;KPÖ;0
G70338;Patsch;812;EUROPA;0
G70339;Pettnau;840;ÖVP;191
G70339;Pettnau;840;SPÖ;64
G70339;Pettnau;840;FPÖ;65
G70339;Pettnau;840;GRÜNE;42
G70339;Pettnau;840;NEOS;27
G70339;Pettnau;840;KPÖ;1
G70339;Pettnau;840;EUROPA;5
G70340;Pfaffenhofen;830;ÖVP;115
G70340;Pfaffenhofen;830;SPÖ;67
G70340;Pfaffenhofen;830;FPÖ;48
G70340;Pfaffenhofen;830;GRÜNE;69
G70340;Pfaffenhofen;830;NEOS;21
G70340;Pfaffenhofen;830;KPÖ;0
G70340;Pfaffenhofen;830;EUROPA;5
G70341;Pfons;998;ÖVP;258
G70341;Pfons;998;SPÖ;69
G70341;Pfons;998;FPÖ;71
G70341;Pfons;998;GRÜNE;60
G70341;Pfons;998;NEOS;36
G70341;Pfons;998;KPÖ;4
G70341;Pfons;998;EUROPA;7
G70342;Polling in Tirol;861;ÖVP;147
G70342;Polling in Tirol;861;SPÖ;77
G70342;Polling in Tirol;861;FPÖ;88
G70342;Polling in Tirol;861;GRÜNE;37
G70342;Polling in Tirol;861;NEOS;24
G70342;Polling in Tirol;861;KPÖ;1
G70342;Polling in Tirol;861;EUROPA;5
G70343;Ranggen;829;ÖVP;211
G70343;Ranggen;829;SPÖ;57
G70343;Ranggen;829;FPÖ;64
G70343;Ranggen;829;GRÜNE;82
G70343;Ranggen;829;NEOS;33
G70343;Ranggen;829;KPÖ;3
G70343;Ranggen;829;EUROPA;2
G70344;Reith bei Seefeld;884;ÖVP;165
G70344;Reith bei Seefeld;884;SPÖ;40
G70344;Reith bei Seefeld;884;FPÖ;68
G70344;Reith bei Seefeld;884;GRÜNE;72
G70344;Reith bei Seefeld;884;NEOS;52
G70344;Reith bei Seefeld;884;KPÖ;1
G70344;Reith bei Seefeld;884;EUROPA;5
G70345;Rinn;1441;ÖVP;308
G70345;Rinn;1441;SPÖ;94
G70345;Rinn;1441;FPÖ;119
G70345;Rinn;1441;GRÜNE;128
G70345;Rinn;1441;NEOS;78
G70345;Rinn;1441;KPÖ;3
G70345;Rinn;1441;EUROPA;6
G70346;Rum;6803;ÖVP;1098
G70346;Rum;6803;SPÖ;736
G70346;Rum;6803;FPÖ;643
G70346;Rum;6803;GRÜNE;558
G70346;Rum;6803;NEOS;281
G70346;Rum;6803;KPÖ;29
G70346;Rum;6803;EUROPA;38
G70347;St. Sigmund im Sellrain;140;ÖVP;49
G70347;St. Sigmund im Sellrain;140;SPÖ;8
G70347;St. Sigmund im Sellrain;140;FPÖ;11
G70347;St. Sigmund im Sellrain;140;GRÜNE;2
G70347;St. Sigmund im Sellrain;140;NEOS;2
G70347;St. Sigmund im Sellrain;140;KPÖ;0
G70347;St. Sigmund im Sellrain;140;EUROPA;1
G70348;Scharnitz;962;ÖVP;172
G70348;Scharnitz;962;SPÖ;72
G70348;Scharnitz;962;FPÖ;66
G70348;Scharnitz;962;GRÜNE;34
G70348;Scharnitz;962;NEOS;28
G70348;Scharnitz;962;KPÖ;0
G70348;Scharnitz;962;EUROPA;4
G70349;Schmirn;713;ÖVP;297
G70349;Schmirn;713;SPÖ;30
G70349;Schmirn;713;FPÖ;47
G70349;Schmirn;713;GRÜNE;18
G70349;Schmirn;713;NEOS;12
G70349;Schmirn;713;KPÖ;2
G70349;Schmirn;713;EUROPA;4
G70350;Schönberg im Stubaital;722;ÖVP;180
G70350;Schönberg im Stubaital;722;SPÖ;43
G70350;Schönberg im Stubaital;722;FPÖ;37
G70350;Schönberg im Stubaital;722;GRÜNE;49
G70350;Schönberg im Stubaital;722;NEOS;20
G70350;Schönberg im Stubaital;722;KPÖ;3
G70350;Schönberg im Stubaital;722;EUROPA;2
G70351;Seefeld in Tirol;2050;ÖVP;483
G70351;Seefeld in Tirol;2050;SPÖ;80
G70351;Seefeld in Tirol;2050;FPÖ;124
G70351;Seefeld in Tirol;2050;GRÜNE;129
G70351;Seefeld in Tirol;2050;NEOS;88
G70351;Seefeld in Tirol;2050;KPÖ;5
G70351;Seefeld in Tirol;2050;EUROPA;7
G70352;Sellrain;1090;ÖVP;180
G70352;Sellrain;1090;SPÖ;135
G70352;Sellrain;1090;FPÖ;47
G70352;Sellrain;1090;GRÜNE;23
G70352;Sellrain;1090;NEOS;20
G70352;Sellrain;1090;KPÖ;3
G70352;Sellrain;1090;EUROPA;3
G70353;Sistrans;1744;ÖVP;417
G70353;Sistrans;1744;SPÖ;98
G70353;Sistrans;1744;FPÖ;105
G70353;Sistrans;1744;GRÜNE;213
G70353;Sistrans;1744;NEOS;128
G70353;Sistrans;1744;KPÖ;4
G70353;Sistrans;1744;EUROPA;6
G70354;Hall in Tirol;9527;ÖVP;1383
G70354;Hall in Tirol;9527;SPÖ;905
G70354;Hall in Tirol;9527;FPÖ;733
G70354;Hall in Tirol;9527;GRÜNE;935
G70354;Hall in Tirol;9527;NEOS;461
G70354;Hall in Tirol;9527;KPÖ;49
G70354;Hall in Tirol;9527;EUROPA;69
G70355;Steinach am Brenner;2696;ÖVP;574
G70355;Steinach am Brenner;2696;SPÖ;189
G70355;Steinach am Brenner;2696;FPÖ;186
G70355;Steinach am Brenner;2696;GRÜNE;132
G70355;Steinach am Brenner;2696;NEOS;104
G70355;Steinach am Brenner;2696;KPÖ;5
G70355;Steinach am Brenner;2696;EUROPA;11
G70356;Telfes im Stubai;1221;ÖVP;297
G70356;Telfes im Stubai;1221;SPÖ;72
G70356;Telfes im Stubai;1221;FPÖ;80
G70356;Telfes im Stubai;1221;GRÜNE;71
G70356;Telfes im Stubai;1221;NEOS;59
G70356;Telfes im Stubai;1221;KPÖ;4
G70356;Telfes im Stubai;1221;EUROPA;12
G70357;Telfs;10931;ÖVP;1352
G70357;Telfs;10931;SPÖ;821
G70357;Telfs;10931;FPÖ;733
G70357;Telfs;10931;GRÜNE;758
G70357;Telfs;10931;NEOS;384
G70357;Telfs;10931;KPÖ;24
G70357;Telfs;10931;EUROPA;44
G70358;Thaur;2992;ÖVP;675
G70358;Thaur;2992;SPÖ;242
G70358;Thaur;2992;FPÖ;240
G70358;Thaur;2992;GRÜNE;219
G70358;Thaur;2992;NEOS;142
G70358;Thaur;2992;KPÖ;3
G70358;Thaur;2992;EUROPA;17
G70359;Trins;1048;ÖVP;258
G70359;Trins;1048;SPÖ;63
G70359;Trins;1048;FPÖ;75
G70359;Trins;1048;GRÜNE;68
G70359;Trins;1048;NEOS;40
G70359;Trins;1048;KPÖ;1
G70359;Trins;1048;EUROPA;5
G70360;Tulfes;1210;ÖVP;281
G70360;Tulfes;1210;SPÖ;54
G70360;Tulfes;1210;FPÖ;120
G70360;Tulfes;1210;GRÜNE;67
G70360;Tulfes;1210;NEOS;51
G70360;Tulfes;1210;KPÖ;4
G70360;Tulfes;1210;EUROPA;3
G70361;Unterperfuss;181;ÖVP;38
G70361;Unterperfuss;181;SPÖ;8
G70361;Unterperfuss;181;FPÖ;12
G70361;Unterperfuss;181;GRÜNE;3
G70361;Unterperfuss;181;NEOS;4
G70361;Unterperfuss;181;KPÖ;0
G70361;Unterperfuss;181;EUROPA;0
G70362;Vals;445;ÖVP;131
G70362;Vals;445;SPÖ;21
G70362;Vals;445;FPÖ;39
G70362;Vals;445;GRÜNE;22
G70362;Vals;445;NEOS;9
G70362;Vals;445;KPÖ;3
G70362;Vals;445;EUROPA;1
G70364;Völs;5117;ÖVP;939
G70364;Völs;5117;SPÖ;460
G70364;Völs;5117;FPÖ;416
G70364;Völs;5117;GRÜNE;490
G70364;Völs;5117;NEOS;225
G70364;Völs;5117;KPÖ;20
G70364;Völs;5117;EUROPA;34
G70365;Volders;3398;ÖVP;638
G70365;Volders;3398;SPÖ;208
G70365;Volders;3398;FPÖ;362
G70365;Volders;3398;GRÜNE;195
G70365;Volders;3398;NEOS;130
G70365;Volders;3398;KPÖ;8
G70365;Volders;3398;EUROPA;12
G70366;Wattenberg;588;ÖVP;152
G70366;Wattenberg;588;SPÖ;11
G70366;Wattenberg;588;FPÖ;80
G70366;Wattenberg;588;GRÜNE;23
G70366;Wattenberg;588;NEOS;16
G70366;Wattenberg;588;KPÖ;0
G70366;Wattenberg;588;EUROPA;4
G70367;Wattens;5995;ÖVP;996
G70367;Wattens;5995;SPÖ;430
G70367;Wattens;5995;FPÖ;523
G70367;Wattens;5995;GRÜNE;381
G70367;Wattens;5995;NEOS;200
G70367;Wattens;5995;KPÖ;12
G70367;Wattens;5995;EUROPA;26
G70368;Wildermieming;707;ÖVP;183
G70368;Wildermieming;707;SPÖ;38
G70368;Wildermieming;707;FPÖ;56
G70368;Wildermieming;707;GRÜNE;57
G70368;Wildermieming;707;NEOS;40
G70368;Wildermieming;707;KPÖ;2
G70368;Wildermieming;707;EUROPA;3
G70369;Zirl;6001;ÖVP;823
G70369;Zirl;6001;SPÖ;498
G70369;Zirl;6001;FPÖ;394
G70369;Zirl;6001;GRÜNE;515
G70369;Zirl;6001;NEOS;325
G70369;Zirl;6001;KPÖ;16
G70369;Zirl;6001;EUROPA;27
G70399;Wahlkarten - Innsbruck-Land;0;ÖVP;3963
G70399;Wahlkarten - Innsbruck-Land;0;SPÖ;2261
G70399;Wahlkarten - Innsbruck-Land;0;FPÖ;1455
G70399;Wahlkarten - Innsbruck-Land;0;GRÜNE;2901
G70399;Wahlkarten - Innsbruck-Land;0;NEOS;1352
G70399;Wahlkarten - Innsbruck-Land;0;KPÖ;77
G70399;Wahlkarten - Innsbruck-Land;0;EUROPA;133
G70401;Aurach bei Kitzbühel;832;ÖVP;223
G70401;Aurach bei Kitzbühel;832;SPÖ;29
G70401;Aurach bei Kitzbühel;832;FPÖ;52
G70401;Aurach bei Kitzbühel;832;GRÜNE;23
G70401;Aurach bei Kitzbühel;832;NEOS;14
G70401;Aurach bei Kitzbühel;832;KPÖ;1
G70401;Aurach bei Kitzbühel;832;EUROPA;1
G70402;Brixen im Thale;2010;ÖVP;524
G70402;Brixen im Thale;2010;SPÖ;118
G70402;Brixen im Thale;2010;FPÖ;98
G70402;Brixen im Thale;2010;GRÜNE;97
G70402;Brixen im Thale;2010;NEOS;50
G70402;Brixen im Thale;2010;KPÖ;4
G70402;Brixen im Thale;2010;EUROPA;3
G70403;Fieberbrunn;3290;ÖVP;708
G70403;Fieberbrunn;3290;SPÖ;277
G70403;Fieberbrunn;3290;FPÖ;167
G70403;Fieberbrunn;3290;GRÜNE;191
G70403;Fieberbrunn;3290;NEOS;133
G70403;Fieberbrunn;3290;KPÖ;4
G70403;Fieberbrunn;3290;EUROPA;10
G70404;Going am Wilden Kaiser;1296;ÖVP;279
G70404;Going am Wilden Kaiser;1296;SPÖ;54
G70404;Going am Wilden Kaiser;1296;FPÖ;97
G70404;Going am Wilden Kaiser;1296;GRÜNE;63
G70404;Going am Wilden Kaiser;1296;NEOS;29
G70404;Going am Wilden Kaiser;1296;KPÖ;0
G70404;Going am Wilden Kaiser;1296;EUROPA;8
G70405;Hochfilzen;922;ÖVP;222
G70405;Hochfilzen;922;SPÖ;133
G70405;Hochfilzen;922;FPÖ;62
G70405;Hochfilzen;922;GRÜNE;29
G70405;Hochfilzen;922;NEOS;27
G70405;Hochfilzen;922;KPÖ;0
G70405;Hochfilzen;922;EUROPA;1
G70406;Hopfgarten im Brixental;4211;ÖVP;1093
G70406;Hopfgarten im Brixental;4211;SPÖ;212
G70406;Hopfgarten im Brixental;4211;FPÖ;296
G70406;Hopfgarten im Brixental;4211;GRÜNE;201
G70406;Hopfgarten im Brixental;4211;NEOS;155
G70406;Hopfgarten im Brixental;4211;KPÖ;11
G70406;Hopfgarten im Brixental;4211;EUROPA;18
G70407;Itter;903;ÖVP;259
G70407;Itter;903;SPÖ;52
G70407;Itter;903;FPÖ;77
G70407;Itter;903;GRÜNE;39
G70407;Itter;903;NEOS;28
G70407;Itter;903;KPÖ;2
G70407;Itter;903;EUROPA;3
G70408;Jochberg;1169;ÖVP;269
G70408;Jochberg;1169;SPÖ;79
G70408;Jochberg;1169;FPÖ;119
G70408;Jochberg;1169;GRÜNE;38
G70408;Jochberg;1169;NEOS;36
G70408;Jochberg;1169;KPÖ;2
G70408;Jochberg;1169;EUROPA;4
G70409;Kirchberg in Tirol;3677;ÖVP;815
G70409;Kirchberg in Tirol;3677;SPÖ;212
G70409;Kirchberg in Tirol;3677;FPÖ;222
G70409;Kirchberg in Tirol;3677;GRÜNE;138
G70409;Kirchberg in Tirol;3677;NEOS;117
G70409;Kirchberg in Tirol;3677;KPÖ;8
G70409;Kirchberg in Tirol;3677;EUROPA;5
G70410;Kirchdorf in Tirol;2855;ÖVP;615
G70410;Kirchdorf in Tirol;2855;SPÖ;132
G70410;Kirchdorf in Tirol;2855;FPÖ;232
G70410;Kirchdorf in Tirol;2855;GRÜNE;127
G70410;Kirchdorf in Tirol;2855;NEOS;86
G70410;Kirchdorf in Tirol;2855;KPÖ;5
G70410;Kirchdorf in Tirol;2855;EUROPA;12
G70411;Kitzbühel;5807;ÖVP;1164
G70411;Kitzbühel;5807;SPÖ;302
G70411;Kitzbühel;5807;FPÖ;343
G70411;Kitzbühel;5807;GRÜNE;315
G70411;Kitzbühel;5807;NEOS;222
G70411;Kitzbühel;5807;KPÖ;11
G70411;Kitzbühel;5807;EUROPA;21
G70412;Kössen;2994;ÖVP;736
G70412;Kössen;2994;SPÖ;110
G70412;Kössen;2994;FPÖ;231
G70412;Kössen;2994;GRÜNE;127
G70412;Kössen;2994;NEOS;73
G70412;Kössen;2994;KPÖ;7
G70412;Kössen;2994;EUROPA;9
G70413;Oberndorf in Tirol;1640;ÖVP;378
G70413;Oberndorf in Tirol;1640;SPÖ;138
G70413;Oberndorf in Tirol;1640;FPÖ;95
G70413;Oberndorf in Tirol;1640;GRÜNE;101
G70413;Oberndorf in Tirol;1640;NEOS;45
G70413;Oberndorf in Tirol;1640;KPÖ;2
G70413;Oberndorf in Tirol;1640;EUROPA;4
G70414;Reith bei Kitzbühel;1128;ÖVP;307
G70414;Reith bei Kitzbühel;1128;SPÖ;39
G70414;Reith bei Kitzbühel;1128;FPÖ;65
G70414;Reith bei Kitzbühel;1128;GRÜNE;65
G70414;Reith bei Kitzbühel;1128;NEOS;45
G70414;Reith bei Kitzbühel;1128;KPÖ;1
G70414;Reith bei Kitzbühel;1128;EUROPA;8
G70415;St. Jakob in Haus;566;ÖVP;157
G70415;St. Jakob in Haus;566;SPÖ;39
G70415;St. Jakob in Haus;566;FPÖ;26
G70415;St. Jakob in Haus;566;GRÜNE;35
G70415;St. Jakob in Haus;566;NEOS;21
G70415;St. Jakob in Haus;566;KPÖ;2
G70415;St. Jakob in Haus;566;EUROPA;1
G70416;St. Johann in Tirol;6533;ÖVP;1312
G70416;St. Johann in Tirol;6533;SPÖ;399
G70416;St. Johann in Tirol;6533;FPÖ;480
G70416;St. Johann in Tirol;6533;GRÜNE;456
G70416;St. Johann in Tirol;6533;NEOS;224
G70416;St. Johann in Tirol;6533;KPÖ;8
G70416;St. Johann in Tirol;6533;EUROPA;20
G70417;St. Ulrich am Pillersee;1224;ÖVP;310
G70417;St. Ulrich am Pillersee;1224;SPÖ;52
G70417;St. Ulrich am Pillersee;1224;FPÖ;90
G70417;St. Ulrich am Pillersee;1224;GRÜNE;62
G70417;St. Ulrich am Pillersee;1224;NEOS;54
G70417;St. Ulrich am Pillersee;1224;KPÖ;0
G70417;St. Ulrich am Pillersee;1224;EUROPA;1
G70418;Schwendt;576;ÖVP;183
G70418;Schwendt;576;SPÖ;16
G70418;Schwendt;576;FPÖ;57
G70418;Schwendt;576;GRÜNE;26
G70418;Schwendt;576;NEOS;6
G70418;Schwendt;576;KPÖ;0
G70418;Schwendt;576;EUROPA;1
G70419;Waidring;1525;ÖVP;370
G70419;Waidring;1525;SPÖ;97
G70419;Waidring;1525;FPÖ;120
G70419;Waidring;1525;GRÜNE;94
G70419;Waidring;1525;NEOS;33
G70419;Waidring;1525;KPÖ;2
G70419;Waidring;1525;EUROPA;9
G70420;Westendorf;2757;ÖVP;670
G70420;Westendorf;2757;SPÖ;170
G70420;Westendorf;2757;FPÖ;126
G70420;Westendorf;2757;GRÜNE;127
G70420;Westendorf;2757;NEOS;75
G70420;Westendorf;2757;KPÖ;0
G70420;Westendorf;2757;EUROPA;7
G70499;Wahlkarten - Kitzbühel;0;ÖVP;1421
G70499;Wahlkarten - Kitzbühel;0;SPÖ;534
G70499;Wahlkarten - Kitzbühel;0;FPÖ;440
G70499;Wahlkarten - Kitzbühel;0;GRÜNE;753
G70499;Wahlkarten - Kitzbühel;0;NEOS;361
G70499;Wahlkarten - Kitzbühel;0;KPÖ;20
G70499;Wahlkarten - Kitzbühel;0;EUROPA;37
G70501;Alpbach;1916;ÖVP;639
G70501;Alpbach;1916;SPÖ;36
G70501;Alpbach;1916;FPÖ;167
G70501;Alpbach;1916;GRÜNE;62
G70501;Alpbach;1916;NEOS;55
G70501;Alpbach;1916;KPÖ;4
G70501;Alpbach;1916;EUROPA;5
G70502;Angath;748;ÖVP;160
G70502;Angath;748;SPÖ;39
G70502;Angath;748;FPÖ;68
G70502;Angath;748;GRÜNE;44
G70502;Angath;748;NEOS;22
G70502;Angath;748;KPÖ;2
G70502;Angath;748;EUROPA;1
G70503;Bad Häring;2009;ÖVP;350
G70503;Bad Häring;2009;SPÖ;276
G70503;Bad Häring;2009;FPÖ;142
G70503;Bad Häring;2009;GRÜNE;173
G70503;Bad Häring;2009;NEOS;68
G70503;Bad Häring;2009;KPÖ;3
G70503;Bad Häring;2009;EUROPA;6
G70504;Brandenberg;1219;ÖVP;321
G70504;Brandenberg;1219;SPÖ;78
G70504;Brandenberg;1219;FPÖ;72
G70504;Brandenberg;1219;GRÜNE;21
G70504;Brandenberg;1219;NEOS;24
G70504;Brandenberg;1219;KPÖ;1
G70504;Brandenberg;1219;EUROPA;6
G70505;Breitenbach am Inn;2682;ÖVP;714
G70505;Breitenbach am Inn;2682;SPÖ;160
G70505;Breitenbach am Inn;2682;FPÖ;279
G70505;Breitenbach am Inn;2682;GRÜNE;134
G70505;Breitenbach am Inn;2682;NEOS;96
G70505;Breitenbach am Inn;2682;KPÖ;8
G70505;Breitenbach am Inn;2682;EUROPA;17
G70506;Brixlegg;2252;ÖVP;499
G70506;Brixlegg;2252;SPÖ;152
G70506;Brixlegg;2252;FPÖ;221
G70506;Brixlegg;2252;GRÜNE;147
G70506;Brixlegg;2252;NEOS;71
G70506;Brixlegg;2252;KPÖ;5
G70506;Brixlegg;2252;EUROPA;8
G70508;Ebbs;4072;ÖVP;1000
G70508;Ebbs;4072;SPÖ;198
G70508;Ebbs;4072;FPÖ;360
G70508;Ebbs;4072;GRÜNE;218
G70508;Ebbs;4072;NEOS;135
G70508;Ebbs;4072;KPÖ;5
G70508;Ebbs;4072;EUROPA;14
G70509;Ellmau;1869;ÖVP;421
G70509;Ellmau;1869;SPÖ;62
G70509;Ellmau;1869;FPÖ;149
G70509;Ellmau;1869;GRÜNE;97
G70509;Ellmau;1869;NEOS;50
G70509;Ellmau;1869;KPÖ;3
G70509;Ellmau;1869;EUROPA;3
G70510;Erl;1068;ÖVP;332
G70510;Erl;1068;SPÖ;48
G70510;Erl;1068;FPÖ;69
G70510;Erl;1068;GRÜNE;68
G70510;Erl;1068;NEOS;25
G70510;Erl;1068;KPÖ;3
G70510;Erl;1068;EUROPA;2
G70511;Kirchbichl;4303;ÖVP;734
G70511;Kirchbichl;4303;SPÖ;525
G70511;Kirchbichl;4303;FPÖ;402
G70511;Kirchbichl;4303;GRÜNE;258
G70511;Kirchbichl;4303;NEOS;167
G70511;Kirchbichl;4303;KPÖ;9
G70511;Kirchbichl;4303;EUROPA;18
G70512;Kramsach;3822;ÖVP;703
G70512;Kramsach;3822;SPÖ;253
G70512;Kramsach;3822;FPÖ;354
G70512;Kramsach;3822;GRÜNE;347
G70512;Kramsach;3822;NEOS;174
G70512;Kramsach;3822;KPÖ;7
G70512;Kramsach;3822;EUROPA;25
G70513;Kufstein;12066;ÖVP;1842
G70513;Kufstein;12066;SPÖ;919
G70513;Kufstein;12066;FPÖ;936
G70513;Kufstein;12066;GRÜNE;936
G70513;Kufstein;12066;NEOS;492
G70513;Kufstein;12066;KPÖ;29
G70513;Kufstein;12066;EUROPA;52
G70514;Kundl;3315;ÖVP;560
G70514;Kundl;3315;SPÖ;255
G70514;Kundl;3315;FPÖ;238
G70514;Kundl;3315;GRÜNE;169
G70514;Kundl;3315;NEOS;116
G70514;Kundl;3315;KPÖ;13
G70514;Kundl;3315;EUROPA;14
G70515;Langkampfen;3060;ÖVP;600
G70515;Langkampfen;3060;SPÖ;265
G70515;Langkampfen;3060;FPÖ;292
G70515;Langkampfen;3060;GRÜNE;178
G70515;Langkampfen;3060;NEOS;94
G70515;Langkampfen;3060;KPÖ;6
G70515;Langkampfen;3060;EUROPA;15
G70516;Mariastein;298;ÖVP;60
G70516;Mariastein;298;SPÖ;17
G70516;Mariastein;298;FPÖ;23
G70516;Mariastein;298;GRÜNE;24
G70516;Mariastein;298;NEOS;16
G70516;Mariastein;298;KPÖ;0
G70516;Mariastein;298;EUROPA;1
G70517;Münster;2616;ÖVP;485
G70517;Münster;2616;SPÖ;204
G70517;Münster;2616;FPÖ;275
G70517;Münster;2616;GRÜNE;143
G70517;Münster;2616;NEOS;110
G70517;Münster;2616;KPÖ;7
G70517;Münster;2616;EUROPA;5
G70518;Niederndorf;2032;ÖVP;540
G70518;Niederndorf;2032;SPÖ;91
G70518;Niederndorf;2032;FPÖ;207
G70518;Niederndorf;2032;GRÜNE;108
G70518;Niederndorf;2032;NEOS;62
G70518;Niederndorf;2032;KPÖ;3
G70518;Niederndorf;2032;EUROPA;6
G70519;Niederndorferberg;488;ÖVP;132
G70519;Niederndorferberg;488;SPÖ;10
G70519;Niederndorferberg;488;FPÖ;45
G70519;Niederndorferberg;488;GRÜNE;18
G70519;Niederndorferberg;488;NEOS;11
G70519;Niederndorferberg;488;KPÖ;0
G70519;Niederndorferberg;488;EUROPA;2
G70520;Radfeld;1765;ÖVP;296
G70520;Radfeld;1765;SPÖ;114
G70520;Radfeld;1765;FPÖ;197
G70520;Radfeld;1765;GRÜNE;82
G70520;Radfeld;1765;NEOS;58
G70520;Radfeld;1765;KPÖ;2
G70520;Radfeld;1765;EUROPA;9
G70521;Rattenberg;259;ÖVP;47
G70521;Rattenberg;259;SPÖ;23
G70521;Rattenberg;259;FPÖ;26
G70521;Rattenberg;259;GRÜNE;20
G70521;Rattenberg;259;NEOS;6
G70521;Rattenberg;259;KPÖ;5
G70521;Rattenberg;259;EUROPA;1
G70522;Reith im Alpbachtal;1998;ÖVP;518
G70522;Reith im Alpbachtal;1998;SPÖ;87
G70522;Reith im Alpbachtal;1998;FPÖ;155
G70522;Reith im Alpbachtal;1998;GRÜNE;84
G70522;Reith im Alpbachtal;1998;NEOS;62
G70522;Reith im Alpbachtal;1998;KPÖ;3
G70522;Reith im Alpbachtal;1998;EUROPA;5
G70523;Rettenschöss;374;ÖVP;139
G70523;Rettenschöss;374;SPÖ;5
G70523;Rettenschöss;374;FPÖ;17
G70523;Rettenschöss;374;GRÜNE;11
G70523;Rettenschöss;374;NEOS;10
G70523;Rettenschöss;374;KPÖ;1
G70523;Rettenschöss;374;EUROPA;2
G70524;Scheffau am Wilden Kaiser;1049;ÖVP;305
G70524;Scheffau am Wilden Kaiser;1049;SPÖ;35
G70524;Scheffau am Wilden Kaiser;1049;FPÖ;59
G70524;Scheffau am Wilden Kaiser;1049;GRÜNE;41
G70524;Scheffau am Wilden Kaiser;1049;NEOS;22
G70524;Scheffau am Wilden Kaiser;1049;KPÖ;4
G70524;Scheffau am Wilden Kaiser;1049;EUROPA;3
G70525;Schwoich;1917;ÖVP;493
G70525;Schwoich;1917;SPÖ;131
G70525;Schwoich;1917;FPÖ;133
G70525;Schwoich;1917;GRÜNE;108
G70525;Schwoich;1917;NEOS;52
G70525;Schwoich;1917;KPÖ;1
G70525;Schwoich;1917;EUROPA;9
G70526;Söll;2653;ÖVP;689
G70526;Söll;2653;SPÖ;125
G70526;Söll;2653;FPÖ;163
G70526;Söll;2653;GRÜNE;110
G70526;Söll;2653;NEOS;67
G70526;Söll;2653;KPÖ;5
G70526;Söll;2653;EUROPA;7
G70527;Thiersee;2142;ÖVP;810
G70527;Thiersee;2142;SPÖ;107
G70527;Thiersee;2142;FPÖ;155
G70527;Thiersee;2142;GRÜNE;91
G70527;Thiersee;2142;NEOS;54
G70527;Thiersee;2142;KPÖ;1
G70527;Thiersee;2142;EUROPA;4
G70528;Angerberg;1470;ÖVP;372
G70528;Angerberg;1470;SPÖ;85
G70528;Angerberg;1470;FPÖ;104
G70528;Angerberg;1470;GRÜNE;140
G70528;Angerberg;1470;NEOS;58
G70528;Angerberg;1470;KPÖ;5
G70528;Angerberg;1470;EUROPA;4
G70529;Walchsee;1316;ÖVP;331
G70529;Walchsee;1316;SPÖ;31
G70529;Walchsee;1316;FPÖ;115
G70529;Walchsee;1316;GRÜNE;62
G70529;Walchsee;1316;NEOS;32
G70529;Walchsee;1316;KPÖ;2
G70529;Walchsee;1316;EUROPA;5
G70530;Wildschönau;3195;ÖVP;994
G70530;Wildschönau;3195;SPÖ;96
G70530;Wildschönau;3195;FPÖ;255
G70530;Wildschönau;3195;GRÜNE;123
G70530;Wildschönau;3195;NEOS;81
G70530;Wildschönau;3195;KPÖ;5
G70530;Wildschönau;3195;EUROPA;7
G70531;Wörgl;9045;ÖVP;1154
G70531;Wörgl;9045;SPÖ;908
G70531;Wörgl;9045;FPÖ;652
G70531;Wörgl;9045;GRÜNE;530
G70531;Wörgl;9045;NEOS;246
G70531;Wörgl;9045;KPÖ;22
G70531;Wörgl;9045;EUROPA;32
G70599;Wahlkarten - Kufstein;0;ÖVP;1736
G70599;Wahlkarten - Kufstein;0;SPÖ;816
G70599;Wahlkarten - Kufstein;0;FPÖ;600
G70599;Wahlkarten - Kufstein;0;GRÜNE;1090
G70599;Wahlkarten - Kufstein;0;NEOS;512
G70599;Wahlkarten - Kufstein;0;KPÖ;39
G70599;Wahlkarten - Kufstein;0;EUROPA;55
G70601;Faggen;288;ÖVP;73
G70601;Faggen;288;SPÖ;8
G70601;Faggen;288;FPÖ;10
G70601;Faggen;288;GRÜNE;13
G70601;Faggen;288;NEOS;9
G70601;Faggen;288;KPÖ;0
G70601;Faggen;288;EUROPA;1
G70602;Fendels;213;ÖVP;73
G70602;Fendels;213;SPÖ;5
G70602;Fendels;213;FPÖ;2
G70602;Fendels;213;GRÜNE;7
G70602;Fendels;213;NEOS;13
G70602;Fendels;213;KPÖ;0
G70602;Fendels;213;EUROPA;1
G70603;Fiss;720;ÖVP;174
G70603;Fiss;720;SPÖ;9
G70603;Fiss;720;FPÖ;14
G70603;Fiss;720;GRÜNE;12
G70603;Fiss;720;NEOS;28
G70603;Fiss;720;KPÖ;0
G70603;Fiss;720;EUROPA;0
G70604;Fließ;2336;ÖVP;571
G70604;Fließ;2336;SPÖ;152
G70604;Fließ;2336;FPÖ;126
G70604;Fließ;2336;GRÜNE;86
G70604;Fließ;2336;NEOS;64
G70604;Fließ;2336;KPÖ;1
G70604;Fließ;2336;EUROPA;5
G70605;Flirsch;775;ÖVP;167
G70605;Flirsch;775;SPÖ;51
G70605;Flirsch;775;FPÖ;32
G70605;Flirsch;775;GRÜNE;41
G70605;Flirsch;775;NEOS;29
G70605;Flirsch;775;KPÖ;3
G70605;Flirsch;775;EUROPA;1
G70606;Galtür;607;ÖVP;188
G70606;Galtür;607;SPÖ;12
G70606;Galtür;607;FPÖ;33
G70606;Galtür;607;GRÜNE;12
G70606;Galtür;607;NEOS;14
G70606;Galtür;607;KPÖ;0
G70606;Galtür;607;EUROPA;0
G70607;Grins;1097;ÖVP;239
G70607;Grins;1097;SPÖ;69
G70607;Grins;1097;FPÖ;33
G70607;Grins;1097;GRÜNE;44
G70607;Grins;1097;NEOS;23
G70607;Grins;1097;KPÖ;2
G70607;Grins;1097;EUROPA;3
G70608;Ischgl;1228;ÖVP;363
G70608;Ischgl;1228;SPÖ;18
G70608;Ischgl;1228;FPÖ;48
G70608;Ischgl;1228;GRÜNE;13
G70608;Ischgl;1228;NEOS;25
G70608;Ischgl;1228;KPÖ;1
G70608;Ischgl;1228;EUROPA;0
G70609;Kappl;2064;ÖVP;738
G70609;Kappl;2064;SPÖ;25
G70609;Kappl;2064;FPÖ;89
G70609;Kappl;2064;GRÜNE;25
G70609;Kappl;2064;NEOS;25
G70609;Kappl;2064;KPÖ;0
G70609;Kappl;2064;EUROPA;1
G70610;Kaunerberg;327;ÖVP;105
G70610;Kaunerberg;327;SPÖ;11
G70610;Kaunerberg;327;FPÖ;13
G70610;Kaunerberg;327;GRÜNE;6
G70610;Kaunerberg;327;NEOS;3
G70610;Kaunerberg;327;KPÖ;0
G70610;Kaunerberg;327;EUROPA;0
G70611;Kaunertal;464;ÖVP;196
G70611;Kaunertal;464;SPÖ;14
G70611;Kaunertal;464;FPÖ;6
G70611;Kaunertal;464;GRÜNE;17
G70611;Kaunertal;464;NEOS;9
G70611;Kaunertal;464;KPÖ;1
G70611;Kaunertal;464;EUROPA;0
G70612;Kauns;395;ÖVP;118
G70612;Kauns;395;SPÖ;7
G70612;Kauns;395;FPÖ;7
G70612;Kauns;395;GRÜNE;20
G70612;Kauns;395;NEOS;5
G70612;Kauns;395;KPÖ;1
G70612;Kauns;395;EUROPA;0
G70613;Ladis;412;ÖVP;87
G70613;Ladis;412;SPÖ;6
G70613;Ladis;412;FPÖ;20
G70613;Ladis;412;GRÜNE;16
G70613;Ladis;412;NEOS;12
G70613;Ladis;412;KPÖ;3
G70613;Ladis;412;EUROPA;2
G70614;Landeck;5593;ÖVP;976
G70614;Landeck;5593;SPÖ;532
G70614;Landeck;5593;FPÖ;275
G70614;Landeck;5593;GRÜNE;312
G70614;Landeck;5593;NEOS;269
G70614;Landeck;5593;KPÖ;8
G70614;Landeck;5593;EUROPA;18
G70615;Nauders;1116;ÖVP;277
G70615;Nauders;1116;SPÖ;35
G70615;Nauders;1116;FPÖ;56
G70615;Nauders;1116;GRÜNE;20
G70615;Nauders;1116;NEOS;16
G70615;Nauders;1116;KPÖ;2
G70615;Nauders;1116;EUROPA;4
G70616;Pettneu am Arlberg;1129;ÖVP;251
G70616;Pettneu am Arlberg;1129;SPÖ;81
G70616;Pettneu am Arlberg;1129;FPÖ;49
G70616;Pettneu am Arlberg;1129;GRÜNE;64
G70616;Pettneu am Arlberg;1129;NEOS;45
G70616;Pettneu am Arlberg;1129;KPÖ;1
G70616;Pettneu am Arlberg;1129;EUROPA;5
G70617;Pfunds;1960;ÖVP;415
G70617;Pfunds;1960;SPÖ;109
G70617;Pfunds;1960;FPÖ;85
G70617;Pfunds;1960;GRÜNE;54
G70617;Pfunds;1960;NEOS;38
G70617;Pfunds;1960;KPÖ;2
G70617;Pfunds;1960;EUROPA;3
G70618;Pians;611;ÖVP;181
G70618;Pians;611;SPÖ;36
G70618;Pians;611;FPÖ;44
G70618;Pians;611;GRÜNE;23
G70618;Pians;611;NEOS;11
G70618;Pians;611;KPÖ;1
G70618;Pians;611;EUROPA;2
G70619;Prutz;1332;ÖVP;258
G70619;Prutz;1332;SPÖ;72
G70619;Prutz;1332;FPÖ;56
G70619;Prutz;1332;GRÜNE;63
G70619;Prutz;1332;NEOS;41
G70619;Prutz;1332;KPÖ;3
G70619;Prutz;1332;EUROPA;6
G70620;Ried im Oberinntal;911;ÖVP;217
G70620;Ried im Oberinntal;911;SPÖ;39
G70620;Ried im Oberinntal;911;FPÖ;44
G70620;Ried im Oberinntal;911;GRÜNE;29
G70620;Ried im Oberinntal;911;NEOS;19
G70620;Ried im Oberinntal;911;KPÖ;1
G70620;Ried im Oberinntal;911;EUROPA;2
G70621;St. Anton am Arlberg;1772;ÖVP;411
G70621;St. Anton am Arlberg;1772;SPÖ;38
G70621;St. Anton am Arlberg;1772;FPÖ;53
G70621;St. Anton am Arlberg;1772;GRÜNE;107
G70621;St. Anton am Arlberg;1772;NEOS;94
G70621;St. Anton am Arlberg;1772;KPÖ;2
G70621;St. Anton am Arlberg;1772;EUROPA;6
G70622;Schönwies;1321;ÖVP;267
G70622;Schönwies;1321;SPÖ;197
G70622;Schönwies;1321;FPÖ;80
G70622;Schönwies;1321;GRÜNE;60
G70622;Schönwies;1321;NEOS;58
G70622;Schönwies;1321;KPÖ;2
G70622;Schönwies;1321;EUROPA;3
G70623;See;944;ÖVP;243
G70623;See;944;SPÖ;13
G70623;See;944;FPÖ;74
G70623;See;944;GRÜNE;12
G70623;See;944;NEOS;23
G70623;See;944;KPÖ;0
G70623;See;944;EUROPA;0
G70624;Serfaus;860;ÖVP;229
G70624;Serfaus;860;SPÖ;20
G70624;Serfaus;860;FPÖ;24
G70624;Serfaus;860;GRÜNE;28
G70624;Serfaus;860;NEOS;27
G70624;Serfaus;860;KPÖ;0
G70624;Serfaus;860;EUROPA;1
G70625;Spiss;97;ÖVP;20
G70625;Spiss;97;SPÖ;4
G70625;Spiss;97;FPÖ;3
G70625;Spiss;97;GRÜNE;2
G70625;Spiss;97;NEOS;0
G70625;Spiss;97;KPÖ;0
G70625;Spiss;97;EUROPA;0
G70626;Stanz bei Landeck;478;ÖVP;123
G70626;Stanz bei Landeck;478;SPÖ;54
G70626;Stanz bei Landeck;478;FPÖ;8
G70626;Stanz bei Landeck;478;GRÜNE;20
G70626;Stanz bei Landeck;478;NEOS;14
G70626;Stanz bei Landeck;478;KPÖ;0
G70626;Stanz bei Landeck;478;EUROPA;0
G70627;Strengen;974;ÖVP;215
G70627;Strengen;974;SPÖ;88
G70627;Strengen;974;FPÖ;48
G70627;Strengen;974;GRÜNE;25
G70627;Strengen;974;NEOS;19
G70627;Strengen;974;KPÖ;4
G70627;Strengen;974;EUROPA;0
G70628;Tobadill;414;ÖVP;113
G70628;Tobadill;414;SPÖ;13
G70628;Tobadill;414;FPÖ;12
G70628;Tobadill;414;GRÜNE;12
G70628;Tobadill;414;NEOS;18
G70628;Tobadill;414;KPÖ;0
G70628;Tobadill;414;EUROPA;0
G70629;Tösens;568;ÖVP;99
G70629;Tösens;568;SPÖ;18
G70629;Tösens;568;FPÖ;35
G70629;Tösens;568;GRÜNE;10
G70629;Tösens;568;NEOS;9
G70629;Tösens;568;KPÖ;0
G70629;Tösens;568;EUROPA;2
G70630;Zams;2637;ÖVP;596
G70630;Zams;2637;SPÖ;208
G70630;Zams;2637;FPÖ;91
G70630;Zams;2637;GRÜNE;169
G70630;Zams;2637;NEOS;133
G70630;Zams;2637;KPÖ;3
G70630;Zams;2637;EUROPA;14
G70699;Wahlkarten - Landeck;0;ÖVP;896
G70699;Wahlkarten - Landeck;0;SPÖ;352
G70699;Wahlkarten - Landeck;0;FPÖ;178
G70699;Wahlkarten - Landeck;0;GRÜNE;355
G70699;Wahlkarten - Landeck;0;NEOS;262
G70699;Wahlkarten - Landeck;0;KPÖ;4
G70699;Wahlkarten - Landeck;0;EUROPA;24
G70701;Abfaltersbach;511;ÖVP;208
G70701;Abfaltersbach;511;SPÖ;13
G70701;Abfaltersbach;511;FPÖ;21
G70701;Abfaltersbach;511;GRÜNE;22
G70701;Abfaltersbach;511;NEOS;11
G70701;Abfaltersbach;511;KPÖ;1
G70701;Abfaltersbach;511;EUROPA;0
G70702;Ainet;764;ÖVP;176
G70702;Ainet;764;SPÖ;34
G70702;Ainet;764;FPÖ;64
G70702;Ainet;764;GRÜNE;30
G70702;Ainet;764;NEOS;18
G70702;Ainet;764;KPÖ;2
G70702;Ainet;764;EUROPA;5
G70703;Amlach;387;ÖVP;83
G70703;Amlach;387;SPÖ;9
G70703;Amlach;387;FPÖ;35
G70703;Amlach;387;GRÜNE;17
G70703;Amlach;387;NEOS;16
G70703;Amlach;387;KPÖ;1
G70703;Amlach;387;EUROPA;2
G70704;Anras;993;ÖVP;332
G70704;Anras;993;SPÖ;25
G70704;Anras;993;FPÖ;70
G70704;Anras;993;GRÜNE;19
G70704;Anras;993;NEOS;31
G70704;Anras;993;KPÖ;2
G70704;Anras;993;EUROPA;2
G70705;Assling;1484;ÖVP;501
G70705;Assling;1484;SPÖ;58
G70705;Assling;1484;FPÖ;81
G70705;Assling;1484;GRÜNE;59
G70705;Assling;1484;NEOS;44
G70705;Assling;1484;KPÖ;1
G70705;Assling;1484;EUROPA;6
G70706;Außervillgraten;637;ÖVP;245
G70706;Außervillgraten;637;SPÖ;18
G70706;Außervillgraten;637;FPÖ;29
G70706;Außervillgraten;637;GRÜNE;22
G70706;Außervillgraten;637;NEOS;21
G70706;Außervillgraten;637;KPÖ;0
G70706;Außervillgraten;637;EUROPA;2
G70707;Dölsach;1872;ÖVP;394
G70707;Dölsach;1872;SPÖ;116
G70707;Dölsach;1872;FPÖ;162
G70707;Dölsach;1872;GRÜNE;92
G70707;Dölsach;1872;NEOS;61
G70707;Dölsach;1872;KPÖ;6
G70707;Dölsach;1872;EUROPA;5
G70708;Gaimberg;680;ÖVP;194
G70708;Gaimberg;680;SPÖ;27
G70708;Gaimberg;680;FPÖ;39
G70708;Gaimberg;680;GRÜNE;45
G70708;Gaimberg;680;NEOS;30
G70708;Gaimberg;680;KPÖ;0
G70708;Gaimberg;680;EUROPA;7
G70709;Hopfgarten in Defereggen;590;ÖVP;189
G70709;Hopfgarten in Defereggen;590;SPÖ;6
G70709;Hopfgarten in Defereggen;590;FPÖ;23
G70709;Hopfgarten in Defereggen;590;GRÜNE;3
G70709;Hopfgarten in Defereggen;590;NEOS;18
G70709;Hopfgarten in Defereggen;590;KPÖ;0
G70709;Hopfgarten in Defereggen;590;EUROPA;0
G70710;Innervillgraten;752;ÖVP;273
G70710;Innervillgraten;752;SPÖ;11
G70710;Innervillgraten;752;FPÖ;21
G70710;Innervillgraten;752;GRÜNE;7
G70710;Innervillgraten;752;NEOS;20
G70710;Innervillgraten;752;KPÖ;0
G70710;Innervillgraten;752;EUROPA;2
G70711;Iselsberg-Stronach;486;ÖVP;98
G70711;Iselsberg-Stronach;486;SPÖ;30
G70711;Iselsberg-Stronach;486;FPÖ;22
G70711;Iselsberg-Stronach;486;GRÜNE;13
G70711;Iselsberg-Stronach;486;NEOS;15
G70711;Iselsberg-Stronach;486;KPÖ;3
G70711;Iselsberg-Stronach;486;EUROPA;2
G70712;Kals am Großglockner;937;ÖVP;291
G70712;Kals am Großglockner;937;SPÖ;32
G70712;Kals am Großglockner;937;FPÖ;50
G70712;Kals am Großglockner;937;GRÜNE;19
G70712;Kals am Großglockner;937;NEOS;20
G70712;Kals am Großglockner;937;KPÖ;2
G70712;Kals am Großglockner;937;EUROPA;0
G70713;Kartitsch;642;ÖVP;252
G70713;Kartitsch;642;SPÖ;14
G70713;Kartitsch;642;FPÖ;27
G70713;Kartitsch;642;GRÜNE;21
G70713;Kartitsch;642;NEOS;12
G70713;Kartitsch;642;KPÖ;1
G70713;Kartitsch;642;EUROPA;3
G70714;Lavant;261;ÖVP;65
G70714;Lavant;261;SPÖ;10
G70714;Lavant;261;FPÖ;41
G70714;Lavant;261;GRÜNE;9
G70714;Lavant;261;NEOS;5
G70714;Lavant;261;KPÖ;1
G70714;Lavant;261;EUROPA;1
G70715;Leisach;604;ÖVP;149
G70715;Leisach;604;SPÖ;34
G70715;Leisach;604;FPÖ;32
G70715;Leisach;604;GRÜNE;41
G70715;Leisach;604;NEOS;22
G70715;Leisach;604;KPÖ;1
G70715;Leisach;604;EUROPA;1
G70716;Lienz;9459;ÖVP;1668
G70716;Lienz;9459;SPÖ;743
G70716;Lienz;9459;FPÖ;570
G70716;Lienz;9459;GRÜNE;652
G70716;Lienz;9459;NEOS;330
G70716;Lienz;9459;KPÖ;16
G70716;Lienz;9459;EUROPA;47
G70717;Matrei in Osttirol;3830;ÖVP;876
G70717;Matrei in Osttirol;3830;SPÖ;102
G70717;Matrei in Osttirol;3830;FPÖ;338
G70717;Matrei in Osttirol;3830;GRÜNE;128
G70717;Matrei in Osttirol;3830;NEOS;113
G70717;Matrei in Osttirol;3830;KPÖ;4
G70717;Matrei in Osttirol;3830;EUROPA;12
G70718;Nikolsdorf;697;ÖVP;213
G70718;Nikolsdorf;697;SPÖ;31
G70718;Nikolsdorf;697;FPÖ;43
G70718;Nikolsdorf;697;GRÜNE;29
G70718;Nikolsdorf;697;NEOS;23
G70718;Nikolsdorf;697;KPÖ;2
G70718;Nikolsdorf;697;EUROPA;1
G70719;Nußdorf-Debant;2744;ÖVP;497
G70719;Nußdorf-Debant;2744;SPÖ;210
G70719;Nußdorf-Debant;2744;FPÖ;228
G70719;Nußdorf-Debant;2744;GRÜNE;133
G70719;Nußdorf-Debant;2744;NEOS;100
G70719;Nußdorf-Debant;2744;KPÖ;6
G70719;Nußdorf-Debant;2744;EUROPA;14
G70720;Oberlienz;1238;ÖVP;323
G70720;Oberlienz;1238;SPÖ;46
G70720;Oberlienz;1238;FPÖ;77
G70720;Oberlienz;1238;GRÜNE;63
G70720;Oberlienz;1238;NEOS;29
G70720;Oberlienz;1238;KPÖ;3
G70720;Oberlienz;1238;EUROPA;4
G70721;Obertilliach;565;ÖVP;213
G70721;Obertilliach;565;SPÖ;6
G70721;Obertilliach;565;FPÖ;31
G70721;Obertilliach;565;GRÜNE;17
G70721;Obertilliach;565;NEOS;12
G70721;Obertilliach;565;KPÖ;1
G70721;Obertilliach;565;EUROPA;0
G70723;Prägraten am Großvenediger;945;ÖVP;238
G70723;Prägraten am Großvenediger;945;SPÖ;16
G70723;Prägraten am Großvenediger;945;FPÖ;55
G70723;Prägraten am Großvenediger;945;GRÜNE;20
G70723;Prägraten am Großvenediger;945;NEOS;13
G70723;Prägraten am Großvenediger;945;KPÖ;2
G70723;Prägraten am Großvenediger;945;EUROPA;2
G70724;St. Jakob in Defereggen;701;ÖVP;198
G70724;St. Jakob in Defereggen;701;SPÖ;8
G70724;St. Jakob in Defereggen;701;FPÖ;31
G70724;St. Jakob in Defereggen;701;GRÜNE;13
G70724;St. Jakob in Defereggen;701;NEOS;32
G70724;St. Jakob in Defereggen;701;KPÖ;0
G70724;St. Jakob in Defereggen;701;EUROPA;1
G70725;St. Johann im Walde;229;ÖVP;81
G70725;St. Johann im Walde;229;SPÖ;6
G70725;St. Johann im Walde;229;FPÖ;8
G70725;St. Johann im Walde;229;GRÜNE;4
G70725;St. Johann im Walde;229;NEOS;2
G70725;St. Johann im Walde;229;KPÖ;0
G70725;St. Johann im Walde;229;EUROPA;0
G70726;St. Veit in Defereggen;536;ÖVP;120
G70726;St. Veit in Defereggen;536;SPÖ;7
G70726;St. Veit in Defereggen;536;FPÖ;21
G70726;St. Veit in Defereggen;536;GRÜNE;16
G70726;St. Veit in Defereggen;536;NEOS;10
G70726;St. Veit in Defereggen;536;KPÖ;0
G70726;St. Veit in Defereggen;536;EUROPA;2
G70727;Schlaiten;395;ÖVP;113
G70727;Schlaiten;395;SPÖ;16
G70727;Schlaiten;395;FPÖ;18
G70727;Schlaiten;395;GRÜNE;17
G70727;Schlaiten;395;NEOS;15
G70727;Schlaiten;395;KPÖ;1
G70727;Schlaiten;395;EUROPA;2
G70728;Sillian;1682;ÖVP;533
G70728;Sillian;1682;SPÖ;74
G70728;Sillian;1682;FPÖ;105
G70728;Sillian;1682;GRÜNE;78
G70728;Sillian;1682;NEOS;60
G70728;Sillian;1682;KPÖ;4
G70728;Sillian;1682;EUROPA;4
G70729;Strassen;636;ÖVP;228
G70729;Strassen;636;SPÖ;16
G70729;Strassen;636;FPÖ;25
G70729;Strassen;636;GRÜNE;26
G70729;Strassen;636;NEOS;8
G70729;Strassen;636;KPÖ;1
G70729;Strassen;636;EUROPA;3
G70731;Thurn;513;ÖVP;158
G70731;Thurn;513;SPÖ;18
G70731;Thurn;513;FPÖ;18
G70731;Thurn;513;GRÜNE;35
G70731;Thurn;513;NEOS;17
G70731;Thurn;513;KPÖ;0
G70731;Thurn;513;EUROPA;1
G70732;Tristach;1158;ÖVP;309
G70732;Tristach;1158;SPÖ;63
G70732;Tristach;1158;FPÖ;79
G70732;Tristach;1158;GRÜNE;84
G70732;Tristach;1158;NEOS;70
G70732;Tristach;1158;KPÖ;3
G70732;Tristach;1158;EUROPA;5
G70733;Untertilliach;183;ÖVP;53
G70733;Untertilliach;183;SPÖ;2
G70733;Untertilliach;183;FPÖ;6
G70733;Untertilliach;183;GRÜNE;6
G70733;Untertilliach;183;NEOS;2
G70733;Untertilliach;183;KPÖ;0
G70733;Untertilliach;183;EUROPA;0
G70734;Virgen;1751;ÖVP;363
G70734;Virgen;1751;SPÖ;50
G70734;Virgen;1751;FPÖ;182
G70734;Virgen;1751;GRÜNE;33
G70734;Virgen;1751;NEOS;28
G70734;Virgen;1751;KPÖ;1
G70734;Virgen;1751;EUROPA;8
G70735;Heinfels;776;ÖVP;208
G70735;Heinfels;776;SPÖ;21
G70735;Heinfels;776;FPÖ;35
G70735;Heinfels;776;GRÜNE;27
G70735;Heinfels;776;NEOS;28
G70735;Heinfels;776;KPÖ;2
G70735;Heinfels;776;EUROPA;1
G70799;Wahlkarten - Lienz;0;ÖVP;954
G70799;Wahlkarten - Lienz;0;SPÖ;372
G70799;Wahlkarten - Lienz;0;FPÖ;257
G70799;Wahlkarten - Lienz;0;GRÜNE;521
G70799;Wahlkarten - Lienz;0;NEOS;252
G70799;Wahlkarten - Lienz;0;KPÖ;19
G70799;Wahlkarten - Lienz;0;EUROPA;28
G70801;Bach;486;ÖVP;144
G70801;Bach;486;SPÖ;12
G70801;Bach;486;FPÖ;34
G70801;Bach;486;GRÜNE;18
G70801;Bach;486;NEOS;11
G70801;Bach;486;KPÖ;1
G70801;Bach;486;EUROPA;2
G70802;Berwang;408;ÖVP;127
G70802;Berwang;408;SPÖ;22
G70802;Berwang;408;FPÖ;29
G70802;Berwang;408;GRÜNE;26
G70802;Berwang;408;NEOS;20
G70802;Berwang;408;KPÖ;3
G70802;Berwang;408;EUROPA;0
G70803;Biberwier;437;ÖVP;112
G70803;Biberwier;437;SPÖ;15
G70803;Biberwier;437;FPÖ;38
G70803;Biberwier;437;GRÜNE;15
G70803;Biberwier;437;NEOS;22
G70803;Biberwier;437;KPÖ;0
G70803;Biberwier;437;EUROPA;0
G70804;Bichlbach;547;ÖVP;165
G70804;Bichlbach;547;SPÖ;35
G70804;Bichlbach;547;FPÖ;28
G70804;Bichlbach;547;GRÜNE;19
G70804;Bichlbach;547;NEOS;16
G70804;Bichlbach;547;KPÖ;2
G70804;Bichlbach;547;EUROPA;4
G70805;Breitenwang;1095;ÖVP;182
G70805;Breitenwang;1095;SPÖ;85
G70805;Breitenwang;1095;FPÖ;47
G70805;Breitenwang;1095;GRÜNE;91
G70805;Breitenwang;1095;NEOS;40
G70805;Breitenwang;1095;KPÖ;1
G70805;Breitenwang;1095;EUROPA;3
G70806;Ehenbichl;623;ÖVP;144
G70806;Ehenbichl;623;SPÖ;37
G70806;Ehenbichl;623;FPÖ;34
G70806;Ehenbichl;623;GRÜNE;45
G70806;Ehenbichl;623;NEOS;28
G70806;Ehenbichl;623;KPÖ;1
G70806;Ehenbichl;623;EUROPA;2
G70807;Ehrwald;1741;ÖVP;374
G70807;Ehrwald;1741;SPÖ;80
G70807;Ehrwald;1741;FPÖ;113
G70807;Ehrwald;1741;GRÜNE;63
G70807;Ehrwald;1741;NEOS;62
G70807;Ehrwald;1741;KPÖ;4
G70807;Ehrwald;1741;EUROPA;4
G70808;Elbigenalp;658;ÖVP;218
G70808;Elbigenalp;658;SPÖ;19
G70808;Elbigenalp;658;FPÖ;44
G70808;Elbigenalp;658;GRÜNE;34
G70808;Elbigenalp;658;NEOS;22
G70808;Elbigenalp;658;KPÖ;1
G70808;Elbigenalp;658;EUROPA;1
G70809;Elmen;288;ÖVP;101
G70809;Elmen;288;SPÖ;7
G70809;Elmen;288;FPÖ;13
G70809;Elmen;288;GRÜNE;14
G70809;Elmen;288;NEOS;11
G70809;Elmen;288;KPÖ;0
G70809;Elmen;288;EUROPA;0
G70810;Forchach;201;ÖVP;55
G70810;Forchach;201;SPÖ;13
G70810;Forchach;201;FPÖ;23
G70810;Forchach;201;GRÜNE;10
G70810;Forchach;201;NEOS;11
G70810;Forchach;201;KPÖ;0
G70810;Forchach;201;EUROPA;1
G70811;Grän;371;ÖVP;147
G70811;Grän;371;SPÖ;4
G70811;Grän;371;FPÖ;15
G70811;Grän;371;GRÜNE;13
G70811;Grän;371;NEOS;19
G70811;Grän;371;KPÖ;0
G70811;Grän;371;EUROPA;2
G70812;Gramais;33;ÖVP;18
G70812;Gramais;33;SPÖ;0
G70812;Gramais;33;FPÖ;1
G70812;Gramais;33;GRÜNE;2
G70812;Gramais;33;NEOS;0
G70812;Gramais;33;KPÖ;0
G70812;Gramais;33;EUROPA;0
G70813;Häselgehr;536;ÖVP;150
G70813;Häselgehr;536;SPÖ;9
G70813;Häselgehr;536;FPÖ;38
G70813;Häselgehr;536;GRÜNE;19
G70813;Häselgehr;536;NEOS;17
G70813;Häselgehr;536;KPÖ;1
G70813;Häselgehr;536;EUROPA;0
G70814;Heiterwang;399;ÖVP;103
G70814;Heiterwang;399;SPÖ;21
G70814;Heiterwang;399;FPÖ;27
G70814;Heiterwang;399;GRÜNE;18
G70814;Heiterwang;399;NEOS;10
G70814;Heiterwang;399;KPÖ;1
G70814;Heiterwang;399;EUROPA;0
G70815;Hinterhornbach;70;ÖVP;48
G70815;Hinterhornbach;70;SPÖ;0
G70815;Hinterhornbach;70;FPÖ;1
G70815;Hinterhornbach;70;GRÜNE;0
G70815;Hinterhornbach;70;NEOS;0
G70815;Hinterhornbach;70;KPÖ;0
G70815;Hinterhornbach;70;EUROPA;0
G70816;Höfen;931;ÖVP;233
G70816;Höfen;931;SPÖ;48
G70816;Höfen;931;FPÖ;34
G70816;Höfen;931;GRÜNE;34
G70816;Höfen;931;NEOS;28
G70816;Höfen;931;KPÖ;0
G70816;Höfen;931;EUROPA;2
G70817;Holzgau;304;ÖVP;102
G70817;Holzgau;304;SPÖ;11
G70817;Holzgau;304;FPÖ;25
G70817;Holzgau;304;GRÜNE;12
G70817;Holzgau;304;NEOS;5
G70817;Holzgau;304;KPÖ;0
G70817;Holzgau;304;EUROPA;0
G70818;Jungholz;105;ÖVP;50
G70818;Jungholz;105;SPÖ;1
G70818;Jungholz;105;FPÖ;2
G70818;Jungholz;105;GRÜNE;2
G70818;Jungholz;105;NEOS;1
G70818;Jungholz;105;KPÖ;0
G70818;Jungholz;105;EUROPA;0
G70819;Kaisers;58;ÖVP;16
G70819;Kaisers;58;SPÖ;1
G70819;Kaisers;58;FPÖ;2
G70819;Kaisers;58;GRÜNE;4
G70819;Kaisers;58;NEOS;4
G70819;Kaisers;58;KPÖ;0
G70819;Kaisers;58;EUROPA;0
G70820;Lechaschau;1542;ÖVP;294
G70820;Lechaschau;1542;SPÖ;105
G70820;Lechaschau;1542;FPÖ;93
G70820;Lechaschau;1542;GRÜNE;90
G70820;Lechaschau;1542;NEOS;50
G70820;Lechaschau;1542;KPÖ;1
G70820;Lechaschau;1542;EUROPA;4
G70821;Lermoos;753;ÖVP;207
G70821;Lermoos;753;SPÖ;21
G70821;Lermoos;753;FPÖ;44
G70821;Lermoos;753;GRÜNE;33
G70821;Lermoos;753;NEOS;23
G70821;Lermoos;753;KPÖ;6
G70821;Lermoos;753;EUROPA;0
G70822;Musau;283;ÖVP;74
G70822;Musau;283;SPÖ;18
G70822;Musau;283;FPÖ;12
G70822;Musau;283;GRÜNE;7
G70822;Musau;283;NEOS;7
G70822;Musau;283;KPÖ;1
G70822;Musau;283;EUROPA;0
G70823;Namlos;67;ÖVP;21
G70823;Namlos;67;SPÖ;0
G70823;Namlos;67;FPÖ;6
G70823;Namlos;67;GRÜNE;0
G70823;Namlos;67;NEOS;3
G70823;Namlos;67;KPÖ;0
G70823;Namlos;67;EUROPA;0
G70824;Nesselwängle;322;ÖVP;108
G70824;Nesselwängle;322;SPÖ;9
G70824;Nesselwängle;322;FPÖ;19
G70824;Nesselwängle;322;GRÜNE;11
G70824;Nesselwängle;322;NEOS;8
G70824;Nesselwängle;322;KPÖ;1
G70824;Nesselwängle;322;EUROPA;1
G70825;Pfafflar;89;ÖVP;24
G70825;Pfafflar;89;SPÖ;2
G70825;Pfafflar;89;FPÖ;2
G70825;Pfafflar;89;GRÜNE;4
G70825;Pfafflar;89;NEOS;0
G70825;Pfafflar;89;KPÖ;0
G70825;Pfafflar;89;EUROPA;0
G70826;Pflach;926;ÖVP;170
G70826;Pflach;926;SPÖ;56
G70826;Pflach;926;FPÖ;53
G70826;Pflach;926;GRÜNE;61
G70826;Pflach;926;NEOS;41
G70826;Pflach;926;KPÖ;1
G70826;Pflach;926;EUROPA;3
G70827;Pinswang;279;ÖVP;86
G70827;Pinswang;279;SPÖ;20
G70827;Pinswang;279;FPÖ;11
G70827;Pinswang;279;GRÜNE;18
G70827;Pinswang;279;NEOS;14
G70827;Pinswang;279;KPÖ;0
G70827;Pinswang;279;EUROPA;0
G70828;Reutte;4173;ÖVP;609
G70828;Reutte;4173;SPÖ;311
G70828;Reutte;4173;FPÖ;185
G70828;Reutte;4173;GRÜNE;233
G70828;Reutte;4173;NEOS;167
G70828;Reutte;4173;KPÖ;10
G70828;Reutte;4173;EUROPA;26
G70829;Schattwald;303;ÖVP;79
G70829;Schattwald;303;SPÖ;2
G70829;Schattwald;303;FPÖ;5
G70829;Schattwald;303;GRÜNE;20
G70829;Schattwald;303;NEOS;11
G70829;Schattwald;303;KPÖ;0
G70829;Schattwald;303;EUROPA;1
G70830;Stanzach;348;ÖVP;95
G70830;Stanzach;348;SPÖ;13
G70830;Stanzach;348;FPÖ;14
G70830;Stanzach;348;GRÜNE;17
G70830;Stanzach;348;NEOS;7
G70830;Stanzach;348;KPÖ;0
G70830;Stanzach;348;EUROPA;0
G70831;Steeg;522;ÖVP;190
G70831;Steeg;522;SPÖ;8
G70831;Steeg;522;FPÖ;29
G70831;Steeg;522;GRÜNE;15
G70831;Steeg;522;NEOS;14
G70831;Steeg;522;KPÖ;0
G70831;Steeg;522;EUROPA;1
G70832;Tannheim;719;ÖVP;217
G70832;Tannheim;719;SPÖ;20
G70832;Tannheim;719;FPÖ;30
G70832;Tannheim;719;GRÜNE;28
G70832;Tannheim;719;NEOS;26
G70832;Tannheim;719;KPÖ;0
G70832;Tannheim;719;EUROPA;0
G70833;Vils;1063;ÖVP;303
G70833;Vils;1063;SPÖ;62
G70833;Vils;1063;FPÖ;63
G70833;Vils;1063;GRÜNE;59
G70833;Vils;1063;NEOS;33
G70833;Vils;1063;KPÖ;5
G70833;Vils;1063;EUROPA;5
G70834;Vorderhornbach;207;ÖVP;96
G70834;Vorderhornbach;207;SPÖ;10
G70834;Vorderhornbach;207;FPÖ;15
G70834;Vorderhornbach;207;GRÜNE;7
G70834;Vorderhornbach;207;NEOS;8
G70834;Vorderhornbach;207;KPÖ;0
G70834;Vorderhornbach;207;EUROPA;0
G70835;Wängle;713;ÖVP;191
G70835;Wängle;713;SPÖ;39
G70835;Wängle;713;FPÖ;39
G70835;Wängle;713;GRÜNE;43
G70835;Wängle;713;NEOS;19
G70835;Wängle;713;KPÖ;0
G70835;Wängle;713;EUROPA;1
G70836;Weißenbach am Lech;944;ÖVP;173
G70836;Weißenbach am Lech;944;SPÖ;70
G70836;Weißenbach am Lech;944;FPÖ;93
G70836;Weißenbach am Lech;944;GRÜNE;28
G70836;Weißenbach am Lech;944;NEOS;25
G70836;Weißenbach am Lech;944;KPÖ;4
G70836;Weißenbach am Lech;944;EUROPA;3
G70837;Zöblen;171;ÖVP;70
G70837;Zöblen;171;SPÖ;0
G70837;Zöblen;171;FPÖ;2
G70837;Zöblen;171;GRÜNE;10
G70837;Zöblen;171;NEOS;7
G70837;Zöblen;171;KPÖ;0
G70837;Zöblen;171;EUROPA;0
G70899;Wahlkarten - Reutte;0;ÖVP;712
G70899;Wahlkarten - Reutte;0;SPÖ;296
G70899;Wahlkarten - Reutte;0;FPÖ;189
G70899;Wahlkarten - Reutte;0;GRÜNE;311
G70899;Wahlkarten - Reutte;0;NEOS;147
G70899;Wahlkarten - Reutte;0;KPÖ;13
G70899;Wahlkarten - Reutte;0;EUROPA;23
G70901;Achenkirch;1574;ÖVP;356
G70901;Achenkirch;1574;SPÖ;47
G70901;Achenkirch;1574;FPÖ;119
G70901;Achenkirch;1574;GRÜNE;44
G70901;Achenkirch;1574;NEOS;42
G70901;Achenkirch;1574;KPÖ;3
G70901;Achenkirch;1574;EUROPA;6
G70902;Aschau im Zillertal;1334;ÖVP;252
G70902;Aschau im Zillertal;1334;SPÖ;33
G70902;Aschau im Zillertal;1334;FPÖ;74
G70902;Aschau im Zillertal;1334;GRÜNE;40
G70902;Aschau im Zillertal;1334;NEOS;24
G70902;Aschau im Zillertal;1334;KPÖ;1
G70902;Aschau im Zillertal;1334;EUROPA;4
G70903;Brandberg;279;ÖVP;77
G70903;Brandberg;279;SPÖ;7
G70903;Brandberg;279;FPÖ;37
G70903;Brandberg;279;GRÜNE;3
G70903;Brandberg;279;NEOS;4
G70903;Brandberg;279;KPÖ;0
G70903;Brandberg;279;EUROPA;0
G70904;Bruck am Ziller;859;ÖVP;226
G70904;Bruck am Ziller;859;SPÖ;40
G70904;Bruck am Ziller;859;FPÖ;78
G70904;Bruck am Ziller;859;GRÜNE;21
G70904;Bruck am Ziller;859;NEOS;20
G70904;Bruck am Ziller;859;KPÖ;1
G70904;Bruck am Ziller;859;EUROPA;1
G70905;Buch in Tirol;2012;ÖVP;366
G70905;Buch in Tirol;2012;SPÖ;139
G70905;Buch in Tirol;2012;FPÖ;199
G70905;Buch in Tirol;2012;GRÜNE;119
G70905;Buch in Tirol;2012;NEOS;50
G70905;Buch in Tirol;2012;KPÖ;1
G70905;Buch in Tirol;2012;EUROPA;8
G70907;Eben am Achensee;2087;ÖVP;420
G70907;Eben am Achensee;2087;SPÖ;96
G70907;Eben am Achensee;2087;FPÖ;144
G70907;Eben am Achensee;2087;GRÜNE;108
G70907;Eben am Achensee;2087;NEOS;47
G70907;Eben am Achensee;2087;KPÖ;4
G70907;Eben am Achensee;2087;EUROPA;6
G70908;Finkenberg;1086;ÖVP;317
G70908;Finkenberg;1086;SPÖ;59
G70908;Finkenberg;1086;FPÖ;46
G70908;Finkenberg;1086;GRÜNE;37
G70908;Finkenberg;1086;NEOS;35
G70908;Finkenberg;1086;KPÖ;3
G70908;Finkenberg;1086;EUROPA;4
G70909;Fügen;2812;ÖVP;475
G70909;Fügen;2812;SPÖ;141
G70909;Fügen;2812;FPÖ;192
G70909;Fügen;2812;GRÜNE;106
G70909;Fügen;2812;NEOS;70
G70909;Fügen;2812;KPÖ;1
G70909;Fügen;2812;EUROPA;11
G70910;Fügenberg;1052;ÖVP;243
G70910;Fügenberg;1052;SPÖ;26
G70910;Fügenberg;1052;FPÖ;63
G70910;Fügenberg;1052;GRÜNE;37
G70910;Fügenberg;1052;NEOS;24
G70910;Fügenberg;1052;KPÖ;2
G70910;Fügenberg;1052;EUROPA;2
G70911;Gallzein;487;ÖVP;102
G70911;Gallzein;487;SPÖ;21
G70911;Gallzein;487;FPÖ;56
G70911;Gallzein;487;GRÜNE;17
G70911;Gallzein;487;NEOS;6
G70911;Gallzein;487;KPÖ;1
G70911;Gallzein;487;EUROPA;2
G70912;Gerlos;593;ÖVP;169
G70912;Gerlos;593;SPÖ;28
G70912;Gerlos;593;FPÖ;36
G70912;Gerlos;593;GRÜNE;10
G70912;Gerlos;593;NEOS;13
G70912;Gerlos;593;KPÖ;0
G70912;Gerlos;593;EUROPA;3
G70913;Gerlosberg;371;ÖVP;108
G70913;Gerlosberg;371;SPÖ;8
G70913;Gerlosberg;371;FPÖ;34
G70913;Gerlosberg;371;GRÜNE;6
G70913;Gerlosberg;371;NEOS;4
G70913;Gerlosberg;371;KPÖ;0
G70913;Gerlosberg;371;EUROPA;1
G70914;Hainzenberg;530;ÖVP;110
G70914;Hainzenberg;530;SPÖ;28
G70914;Hainzenberg;530;FPÖ;43
G70914;Hainzenberg;530;GRÜNE;14
G70914;Hainzenberg;530;NEOS;10
G70914;Hainzenberg;530;KPÖ;0
G70914;Hainzenberg;530;EUROPA;1
G70915;Hart im Zillertal;1197;ÖVP;238
G70915;Hart im Zillertal;1197;SPÖ;51
G70915;Hart im Zillertal;1197;FPÖ;99
G70915;Hart im Zillertal;1197;GRÜNE;32
G70915;Hart im Zillertal;1197;NEOS;32
G70915;Hart im Zillertal;1197;KPÖ;1
G70915;Hart im Zillertal;1197;EUROPA;3
G70916;Hippach;1109;ÖVP;289
G70916;Hippach;1109;SPÖ;18
G70916;Hippach;1109;FPÖ;43
G70916;Hippach;1109;GRÜNE;16
G70916;Hippach;1109;NEOS;20
G70916;Hippach;1109;KPÖ;1
G70916;Hippach;1109;EUROPA;2
G70917;Jenbach;4875;ÖVP;610
G70917;Jenbach;4875;SPÖ;480
G70917;Jenbach;4875;FPÖ;422
G70917;Jenbach;4875;GRÜNE;218
G70917;Jenbach;4875;NEOS;151
G70917;Jenbach;4875;KPÖ;17
G70917;Jenbach;4875;EUROPA;32
G70918;Kaltenbach;916;ÖVP;180
G70918;Kaltenbach;916;SPÖ;44
G70918;Kaltenbach;916;FPÖ;79
G70918;Kaltenbach;916;GRÜNE;39
G70918;Kaltenbach;916;NEOS;14
G70918;Kaltenbach;916;KPÖ;1
G70918;Kaltenbach;916;EUROPA;2
G70920;Mayrhofen;2601;ÖVP;505
G70920;Mayrhofen;2601;SPÖ;100
G70920;Mayrhofen;2601;FPÖ;148
G70920;Mayrhofen;2601;GRÜNE;129
G70920;Mayrhofen;2601;NEOS;89
G70920;Mayrhofen;2601;KPÖ;4
G70920;Mayrhofen;2601;EUROPA;6
G70921;Pill;905;ÖVP;191
G70921;Pill;905;SPÖ;24
G70921;Pill;905;FPÖ;123
G70921;Pill;905;GRÜNE;49
G70921;Pill;905;NEOS;20
G70921;Pill;905;KPÖ;1
G70921;Pill;905;EUROPA;3
G70922;Ramsau im Zillertal;1238;ÖVP;289
G70922;Ramsau im Zillertal;1238;SPÖ;46
G70922;Ramsau im Zillertal;1238;FPÖ;73
G70922;Ramsau im Zillertal;1238;GRÜNE;50
G70922;Ramsau im Zillertal;1238;NEOS;28
G70922;Ramsau im Zillertal;1238;KPÖ;1
G70922;Ramsau im Zillertal;1238;EUROPA;7
G70923;Ried im Zillertal;907;ÖVP;200
G70923;Ried im Zillertal;907;SPÖ;45
G70923;Ried im Zillertal;907;FPÖ;54
G70923;Ried im Zillertal;907;GRÜNE;36
G70923;Ried im Zillertal;907;NEOS;28
G70923;Ried im Zillertal;907;KPÖ;0
G70923;Ried im Zillertal;907;EUROPA;3
G70924;Rohrberg;431;ÖVP;101
G70924;Rohrberg;431;SPÖ;22
G70924;Rohrberg;431;FPÖ;33
G70924;Rohrberg;431;GRÜNE;7
G70924;Rohrberg;431;NEOS;4
G70924;Rohrberg;431;KPÖ;1
G70924;Rohrberg;431;EUROPA;0
G70925;Schlitters;1074;ÖVP;225
G70925;Schlitters;1074;SPÖ;45
G70925;Schlitters;1074;FPÖ;73
G70925;Schlitters;1074;GRÜNE;47
G70925;Schlitters;1074;NEOS;23
G70925;Schlitters;1074;KPÖ;1
G70925;Schlitters;1074;EUROPA;2
G70926;Schwaz;9945;ÖVP;1447
G70926;Schwaz;9945;SPÖ;729
G70926;Schwaz;9945;FPÖ;674
G70926;Schwaz;9945;GRÜNE;663
G70926;Schwaz;9945;NEOS;297
G70926;Schwaz;9945;KPÖ;32
G70926;Schwaz;9945;EUROPA;46
G70927;Schwendau;1245;ÖVP;266
G70927;Schwendau;1245;SPÖ;36
G70927;Schwendau;1245;FPÖ;84
G70927;Schwendau;1245;GRÜNE;34
G70927;Schwendau;1245;NEOS;34
G70927;Schwendau;1245;KPÖ;1
G70927;Schwendau;1245;EUROPA;3
G70928;Stans;1624;ÖVP;357
G70928;Stans;1624;SPÖ;110
G70928;Stans;1624;FPÖ;127
G70928;Stans;1624;GRÜNE;82
G70928;Stans;1624;NEOS;54
G70928;Stans;1624;KPÖ;7
G70928;Stans;1624;EUROPA;2
G70929;Steinberg am Rofan;212;ÖVP;91
G70929;Steinberg am Rofan;212;SPÖ;7
G70929;Steinberg am Rofan;212;FPÖ;11
G70929;Steinberg am Rofan;212;GRÜNE;2
G70929;Steinberg am Rofan;212;NEOS;7
G70929;Steinberg am Rofan;212;KPÖ;0
G70929;Steinberg am Rofan;212;EUROPA;0
G70930;Strass im Zillertal;646;ÖVP;171
G70930;Strass im Zillertal;646;SPÖ;43
G70930;Strass im Zillertal;646;FPÖ;30
G70930;Strass im Zillertal;646;GRÜNE;42
G70930;Strass im Zillertal;646;NEOS;23
G70930;Strass im Zillertal;646;KPÖ;0
G70930;Strass im Zillertal;646;EUROPA;2
G70931;Stumm;1460;ÖVP;307
G70931;Stumm;1460;SPÖ;85
G70931;Stumm;1460;FPÖ;91
G70931;Stumm;1460;GRÜNE;66
G70931;Stumm;1460;NEOS;30
G70931;Stumm;1460;KPÖ;3
G70931;Stumm;1460;EUROPA;2
G70932;Stummerberg;673;ÖVP;186
G70932;Stummerberg;673;SPÖ;9
G70932;Stummerberg;673;FPÖ;59
G70932;Stummerberg;673;GRÜNE;10
G70932;Stummerberg;673;NEOS;7
G70932;Stummerberg;673;KPÖ;0
G70932;Stummerberg;673;EUROPA;0
G70933;Terfens;1646;ÖVP;360
G70933;Terfens;1646;SPÖ;107
G70933;Terfens;1646;FPÖ;142
G70933;Terfens;1646;GRÜNE;126
G70933;Terfens;1646;NEOS;76
G70933;Terfens;1646;KPÖ;3
G70933;Terfens;1646;EUROPA;8
G70934;Tux;1391;ÖVP;425
G70934;Tux;1391;SPÖ;60
G70934;Tux;1391;FPÖ;63
G70934;Tux;1391;GRÜNE;47
G70934;Tux;1391;NEOS;41
G70934;Tux;1391;KPÖ;2
G70934;Tux;1391;EUROPA;5
G70935;Uderns;1330;ÖVP;201
G70935;Uderns;1330;SPÖ;96
G70935;Uderns;1330;FPÖ;111
G70935;Uderns;1330;GRÜNE;35
G70935;Uderns;1330;NEOS;19
G70935;Uderns;1330;KPÖ;0
G70935;Uderns;1330;EUROPA;2
G70936;Vomp;3812;ÖVP;693
G70936;Vomp;3812;SPÖ;318
G70936;Vomp;3812;FPÖ;317
G70936;Vomp;3812;GRÜNE;260
G70936;Vomp;3812;NEOS;131
G70936;Vomp;3812;KPÖ;8
G70936;Vomp;3812;EUROPA;18
G70937;Weer;1198;ÖVP;247
G70937;Weer;1198;SPÖ;95
G70937;Weer;1198;FPÖ;109
G70937;Weer;1198;GRÜNE;64
G70937;Weer;1198;NEOS;31
G70937;Weer;1198;KPÖ;3
G70937;Weer;1198;EUROPA;3
G70938;Weerberg;1936;ÖVP;417
G70938;Weerberg;1936;SPÖ;58
G70938;Weerberg;1936;FPÖ;147
G70938;Weerberg;1936;GRÜNE;68
G70938;Weerberg;1936;NEOS;33
G70938;Weerberg;1936;KPÖ;3
G70938;Weerberg;1936;EUROPA;6
G70939;Wiesing;1653;ÖVP;302
G70939;Wiesing;1653;SPÖ;114
G70939;Wiesing;1653;FPÖ;160
G70939;Wiesing;1653;GRÜNE;97
G70939;Wiesing;1653;NEOS;56
G70939;Wiesing;1653;KPÖ;3
G70939;Wiesing;1653;EUROPA;6
G70940;Zell am Ziller;1285;ÖVP;245
G70940;Zell am Ziller;1285;SPÖ;71
G70940;Zell am Ziller;1285;FPÖ;95
G70940;Zell am Ziller;1285;GRÜNE;50
G70940;Zell am Ziller;1285;NEOS;33
G70940;Zell am Ziller;1285;KPÖ;2
G70940;Zell am Ziller;1285;EUROPA;7
G70941;Zellberg;513;ÖVP;119
G70941;Zellberg;513;SPÖ;19
G70941;Zellberg;513;FPÖ;41
G70941;Zellberg;513;GRÜNE;17
G70941;Zellberg;513;NEOS;11
G70941;Zellberg;513;KPÖ;1
G70941;Zellberg;513;EUROPA;1
G70999;Wahlkarten - Schwaz;0;ÖVP;1520
G70999;Wahlkarten - Schwaz;0;SPÖ;702
G70999;Wahlkarten - Schwaz;0;FPÖ;627
G70999;Wahlkarten - Schwaz;0;GRÜNE;768
G70999;Wahlkarten - Schwaz;0;NEOS;388
G70999;Wahlkarten - Schwaz;0;KPÖ;26
G70999;Wahlkarten - Schwaz;0;EUROPA;61
G8A099;Wahlkarten - Vorarlberg Nord;0;ÖVP;0
G8A099;Wahlkarten - Vorarlberg Nord;0;SPÖ;0
G8A099;Wahlkarten - Vorarlberg Nord;0;FPÖ;0
G8A099;Wahlkarten - Vorarlberg Nord;0;GRÜNE;0
G8A099;Wahlkarten - Vorarlberg Nord;0;NEOS;0
G8A099;Wahlkarten - Vorarlberg Nord;0;KPÖ;0
G8A099;Wahlkarten - Vorarlberg Nord;0;EUROPA;0
G8B099;Wahlkarten - Vorarlberg Süd;0;ÖVP;0
G8B099;Wahlkarten - Vorarlberg Süd;0;SPÖ;0
G8B099;Wahlkarten - Vorarlberg Süd;0;FPÖ;0
G8B099;Wahlkarten - Vorarlberg Süd;0;GRÜNE;0
G8B099;Wahlkarten - Vorarlberg Süd;0;NEOS;0
G8B099;Wahlkarten - Vorarlberg Süd;0;KPÖ;0
G8B099;Wahlkarten - Vorarlberg Süd;0;EUROPA;0
G80101;Bartholomäberg;1767;ÖVP;329
G80101;Bartholomäberg;1767;SPÖ;99
G80101;Bartholomäberg;1767;FPÖ;179
G80101;Bartholomäberg;1767;GRÜNE;92
G80101;Bartholomäberg;1767;NEOS;106
G80101;Bartholomäberg;1767;KPÖ;4
G80101;Bartholomäberg;1767;EUROPA;6
G80102;Blons;237;ÖVP;86
G80102;Blons;237;SPÖ;5
G80102;Blons;237;FPÖ;8
G80102;Blons;237;GRÜNE;19
G80102;Blons;237;NEOS;24
G80102;Blons;237;KPÖ;0
G80102;Blons;237;EUROPA;0
G80103;Bludenz;9583;ÖVP;1110
G80103;Bludenz;9583;SPÖ;953
G80103;Bludenz;9583;FPÖ;610
G80103;Bludenz;9583;GRÜNE;603
G80103;Bludenz;9583;NEOS;615
G80103;Bludenz;9583;KPÖ;31
G80103;Bludenz;9583;EUROPA;40
G80104;Bludesch;1542;ÖVP;178
G80104;Bludesch;1542;SPÖ;121
G80104;Bludesch;1542;FPÖ;115
G80104;Bludesch;1542;GRÜNE;107
G80104;Bludesch;1542;NEOS;121
G80104;Bludesch;1542;KPÖ;7
G80104;Bludesch;1542;EUROPA;8
G80105;Brand;497;ÖVP;132
G80105;Brand;497;SPÖ;13
G80105;Brand;497;FPÖ;35
G80105;Brand;497;GRÜNE;16
G80105;Brand;497;NEOS;41
G80105;Brand;497;KPÖ;1
G80105;Brand;497;EUROPA;4
G80106;Bürs;2326;ÖVP;284
G80106;Bürs;2326;SPÖ;219
G80106;Bürs;2326;FPÖ;131
G80106;Bürs;2326;GRÜNE;160
G80106;Bürs;2326;NEOS;145
G80106;Bürs;2326;KPÖ;5
G80106;Bürs;2326;EUROPA;9
G80107;Bürserberg;426;ÖVP;87
G80107;Bürserberg;426;SPÖ;22
G80107;Bürserberg;426;FPÖ;37
G80107;Bürserberg;426;GRÜNE;23
G80107;Bürserberg;426;NEOS;22
G80107;Bürserberg;426;KPÖ;2
G80107;Bürserberg;426;EUROPA;3
G80108;Dalaas;1147;ÖVP;174
G80108;Dalaas;1147;SPÖ;109
G80108;Dalaas;1147;FPÖ;93
G80108;Dalaas;1147;GRÜNE;55
G80108;Dalaas;1147;NEOS;122
G80108;Dalaas;1147;KPÖ;5
G80108;Dalaas;1147;EUROPA;2
G80109;Fontanella;338;ÖVP;160
G80109;Fontanella;338;SPÖ;1
G80109;Fontanella;338;FPÖ;10
G80109;Fontanella;338;GRÜNE;8
G80109;Fontanella;338;NEOS;23
G80109;Fontanella;338;KPÖ;0
G80109;Fontanella;338;EUROPA;1
G80110;Gaschurn;1142;ÖVP;185
G80110;Gaschurn;1142;SPÖ;51
G80110;Gaschurn;1142;FPÖ;103
G80110;Gaschurn;1142;GRÜNE;28
G80110;Gaschurn;1142;NEOS;56
G80110;Gaschurn;1142;KPÖ;4
G80110;Gaschurn;1142;EUROPA;5
G80111;Innerbraz;740;ÖVP;115
G80111;Innerbraz;740;SPÖ;86
G80111;Innerbraz;740;FPÖ;58
G80111;Innerbraz;740;GRÜNE;37
G80111;Innerbraz;740;NEOS;68
G80111;Innerbraz;740;KPÖ;3
G80111;Innerbraz;740;EUROPA;4
G80112;Klösterle;504;ÖVP;96
G80112;Klösterle;504;SPÖ;38
G80112;Klösterle;504;FPÖ;21
G80112;Klösterle;504;GRÜNE;17
G80112;Klösterle;504;NEOS;40
G80112;Klösterle;504;KPÖ;2
G80112;Klösterle;504;EUROPA;2
G80113;Lech;1138;ÖVP;182
G80113;Lech;1138;SPÖ;10
G80113;Lech;1138;FPÖ;11
G80113;Lech;1138;GRÜNE;21
G80113;Lech;1138;NEOS;53
G80113;Lech;1138;KPÖ;0
G80113;Lech;1138;EUROPA;0
G80114;Lorüns;200;ÖVP;52
G80114;Lorüns;200;SPÖ;11
G80114;Lorüns;200;FPÖ;9
G80114;Lorüns;200;GRÜNE;11
G80114;Lorüns;200;NEOS;9
G80114;Lorüns;200;KPÖ;0
G80114;Lorüns;200;EUROPA;1
G80115;Ludesch;2433;ÖVP;300
G80115;Ludesch;2433;SPÖ;141
G80115;Ludesch;2433;FPÖ;148
G80115;Ludesch;2433;GRÜNE;195
G80115;Ludesch;2433;NEOS;214
G80115;Ludesch;2433;KPÖ;9
G80115;Ludesch;2433;EUROPA;15
G80116;Nenzing;4564;ÖVP;588
G80116;Nenzing;4564;SPÖ;219
G80116;Nenzing;4564;FPÖ;446
G80116;Nenzing;4564;GRÜNE;271
G80116;Nenzing;4564;NEOS;513
G80116;Nenzing;4564;KPÖ;15
G80116;Nenzing;4564;EUROPA;22
G80117;Nüziders;3716;ÖVP;584
G80117;Nüziders;3716;SPÖ;369
G80117;Nüziders;3716;FPÖ;200
G80117;Nüziders;3716;GRÜNE;279
G80117;Nüziders;3716;NEOS;361
G80117;Nüziders;3716;KPÖ;11
G80117;Nüziders;3716;EUROPA;16
G80118;Raggal;644;ÖVP;213
G80118;Raggal;644;SPÖ;14
G80118;Raggal;644;FPÖ;34
G80118;Raggal;644;GRÜNE;35
G80118;Raggal;644;NEOS;55
G80118;Raggal;644;KPÖ;0
G80118;Raggal;644;EUROPA;4
G80119;St. Anton im Montafon;526;ÖVP;66
G80119;St. Anton im Montafon;526;SPÖ;43
G80119;St. Anton im Montafon;526;FPÖ;37
G80119;St. Anton im Montafon;526;GRÜNE;35
G80119;St. Anton im Montafon;526;NEOS;61
G80119;St. Anton im Montafon;526;KPÖ;1
G80119;St. Anton im Montafon;526;EUROPA;2
G80120;St. Gallenkirch;1749;ÖVP;249
G80120;St. Gallenkirch;1749;SPÖ;106
G80120;St. Gallenkirch;1749;FPÖ;151
G80120;St. Gallenkirch;1749;GRÜNE;47
G80120;St. Gallenkirch;1749;NEOS;83
G80120;St. Gallenkirch;1749;KPÖ;1
G80120;St. Gallenkirch;1749;EUROPA;7
G80121;St. Gerold;300;ÖVP;83
G80121;St. Gerold;300;SPÖ;4
G80121;St. Gerold;300;FPÖ;15
G80121;St. Gerold;300;GRÜNE;19
G80121;St. Gerold;300;NEOS;26
G80121;St. Gerold;300;KPÖ;1
G80121;St. Gerold;300;EUROPA;1
G80122;Schruns;2778;ÖVP;461
G80122;Schruns;2778;SPÖ;165
G80122;Schruns;2778;FPÖ;194
G80122;Schruns;2778;GRÜNE;156
G80122;Schruns;2778;NEOS;208
G80122;Schruns;2778;KPÖ;8
G80122;Schruns;2778;EUROPA;10
G80123;Silbertal;684;ÖVP;136
G80123;Silbertal;684;SPÖ;30
G80123;Silbertal;684;FPÖ;46
G80123;Silbertal;684;GRÜNE;13
G80123;Silbertal;684;NEOS;34
G80123;Silbertal;684;KPÖ;0
G80123;Silbertal;684;EUROPA;1
G80124;Sonntag;497;ÖVP;189
G80124;Sonntag;497;SPÖ;7
G80124;Sonntag;497;FPÖ;15
G80124;Sonntag;497;GRÜNE;24
G80124;Sonntag;497;NEOS;23
G80124;Sonntag;497;KPÖ;0
G80124;Sonntag;497;EUROPA;2
G80125;Stallehr;206;ÖVP;49
G80125;Stallehr;206;SPÖ;20
G80125;Stallehr;206;FPÖ;21
G80125;Stallehr;206;GRÜNE;14
G80125;Stallehr;206;NEOS;16
G80125;Stallehr;206;KPÖ;0
G80125;Stallehr;206;EUROPA;2
G80126;Thüringen;1609;ÖVP;263
G80126;Thüringen;1609;SPÖ;103
G80126;Thüringen;1609;FPÖ;92
G80126;Thüringen;1609;GRÜNE;147
G80126;Thüringen;1609;NEOS;136
G80126;Thüringen;1609;KPÖ;6
G80126;Thüringen;1609;EUROPA;4
G80127;Thüringerberg;549;ÖVP;137
G80127;Thüringerberg;549;SPÖ;22
G80127;Thüringerberg;549;FPÖ;30
G80127;Thüringerberg;549;GRÜNE;35
G80127;Thüringerberg;549;NEOS;52
G80127;Thüringerberg;549;KPÖ;0
G80127;Thüringerberg;549;EUROPA;0
G80128;Tschagguns;1703;ÖVP;259
G80128;Tschagguns;1703;SPÖ;113
G80128;Tschagguns;1703;FPÖ;119
G80128;Tschagguns;1703;GRÜNE;97
G80128;Tschagguns;1703;NEOS;117
G80128;Tschagguns;1703;KPÖ;3
G80128;Tschagguns;1703;EUROPA;10
G80129;Vandans;2013;ÖVP;284
G80129;Vandans;2013;SPÖ;119
G80129;Vandans;2013;FPÖ;176
G80129;Vandans;2013;GRÜNE;89
G80129;Vandans;2013;NEOS;148
G80129;Vandans;2013;KPÖ;5
G80129;Vandans;2013;EUROPA;11
G80199;Wahlkarten - Bludenz;0;ÖVP;1381
G80199;Wahlkarten - Bludenz;0;SPÖ;715
G80199;Wahlkarten - Bludenz;0;FPÖ;492
G80199;Wahlkarten - Bludenz;0;GRÜNE;846
G80199;Wahlkarten - Bludenz;0;NEOS;691
G80199;Wahlkarten - Bludenz;0;KPÖ;17
G80199;Wahlkarten - Bludenz;0;EUROPA;47
G80201;Alberschwende;2436;ÖVP;592
G80201;Alberschwende;2436;SPÖ;81
G80201;Alberschwende;2436;FPÖ;187
G80201;Alberschwende;2436;GRÜNE;199
G80201;Alberschwende;2436;NEOS;223
G80201;Alberschwende;2436;KPÖ;0
G80201;Alberschwende;2436;EUROPA;11
G80202;Andelsbuch;1874;ÖVP;432
G80202;Andelsbuch;1874;SPÖ;49
G80202;Andelsbuch;1874;FPÖ;55
G80202;Andelsbuch;1874;GRÜNE;204
G80202;Andelsbuch;1874;NEOS;168
G80202;Andelsbuch;1874;KPÖ;1
G80202;Andelsbuch;1874;EUROPA;8
G80203;Au;1347;ÖVP;338
G80203;Au;1347;SPÖ;21
G80203;Au;1347;FPÖ;65
G80203;Au;1347;GRÜNE;50
G80203;Au;1347;NEOS;100
G80203;Au;1347;KPÖ;0
G80203;Au;1347;EUROPA;0
G80204;Bezau;1405;ÖVP;315
G80204;Bezau;1405;SPÖ;31
G80204;Bezau;1405;FPÖ;55
G80204;Bezau;1405;GRÜNE;89
G80204;Bezau;1405;NEOS;118
G80204;Bezau;1405;KPÖ;3
G80204;Bezau;1405;EUROPA;3
G80205;Bildstein;612;ÖVP;128
G80205;Bildstein;612;SPÖ;21
G80205;Bildstein;612;FPÖ;38
G80205;Bildstein;612;GRÜNE;35
G80205;Bildstein;612;NEOS;50
G80205;Bildstein;612;KPÖ;1
G80205;Bildstein;612;EUROPA;3
G80206;Bizau;796;ÖVP;207
G80206;Bizau;796;SPÖ;9
G80206;Bizau;796;FPÖ;25
G80206;Bizau;796;GRÜNE;59
G80206;Bizau;796;NEOS;62
G80206;Bizau;796;KPÖ;1
G80206;Bizau;796;EUROPA;1
G80207;Bregenz;19334;ÖVP;2330
G80207;Bregenz;19334;SPÖ;1739
G80207;Bregenz;19334;FPÖ;1187
G80207;Bregenz;19334;GRÜNE;1609
G80207;Bregenz;19334;NEOS;1208
G80207;Bregenz;19334;KPÖ;61
G80207;Bregenz;19334;EUROPA;129
G80208;Buch;464;ÖVP;116
G80208;Buch;464;SPÖ;10
G80208;Buch;464;FPÖ;31
G80208;Buch;464;GRÜNE;32
G80208;Buch;464;NEOS;38
G80208;Buch;464;KPÖ;0
G80208;Buch;464;EUROPA;4
G80209;Damüls;224;ÖVP;80
G80209;Damüls;224;SPÖ;2
G80209;Damüls;224;FPÖ;7
G80209;Damüls;224;GRÜNE;9
G80209;Damüls;224;NEOS;8
G80209;Damüls;224;KPÖ;0
G80209;Damüls;224;EUROPA;0
G80210;Doren;756;ÖVP;232
G80210;Doren;756;SPÖ;17
G80210;Doren;756;FPÖ;65
G80210;Doren;756;GRÜNE;36
G80210;Doren;756;NEOS;58
G80210;Doren;756;KPÖ;2
G80210;Doren;756;EUROPA;3
G80211;Egg;2729;ÖVP;634
G80211;Egg;2729;SPÖ;50
G80211;Egg;2729;FPÖ;148
G80211;Egg;2729;GRÜNE;208
G80211;Egg;2729;NEOS;219
G80211;Egg;2729;KPÖ;5
G80211;Egg;2729;EUROPA;10
G80212;Eichenberg;267;ÖVP;105
G80212;Eichenberg;267;SPÖ;6
G80212;Eichenberg;267;FPÖ;6
G80212;Eichenberg;267;GRÜNE;19
G80212;Eichenberg;267;NEOS;19
G80212;Eichenberg;267;KPÖ;3
G80212;Eichenberg;267;EUROPA;2
G80213;Fußach;2696;ÖVP;357
G80213;Fußach;2696;SPÖ;203
G80213;Fußach;2696;FPÖ;243
G80213;Fußach;2696;GRÜNE;194
G80213;Fußach;2696;NEOS;212
G80213;Fußach;2696;KPÖ;9
G80213;Fußach;2696;EUROPA;20
G80214;Gaißau;1331;ÖVP;241
G80214;Gaißau;1331;SPÖ;58
G80214;Gaißau;1331;FPÖ;97
G80214;Gaißau;1331;GRÜNE;86
G80214;Gaißau;1331;NEOS;95
G80214;Gaißau;1331;KPÖ;3
G80214;Gaißau;1331;EUROPA;12
G80215;Hard;9389;ÖVP;1179
G80215;Hard;9389;SPÖ;681
G80215;Hard;9389;FPÖ;579
G80215;Hard;9389;GRÜNE;730
G80215;Hard;9389;NEOS;661
G80215;Hard;9389;KPÖ;24
G80215;Hard;9389;EUROPA;60
G80216;Hittisau;1413;ÖVP;334
G80216;Hittisau;1413;SPÖ;47
G80216;Hittisau;1413;FPÖ;93
G80216;Hittisau;1413;GRÜNE;119
G80216;Hittisau;1413;NEOS;92
G80216;Hittisau;1413;KPÖ;2
G80216;Hittisau;1413;EUROPA;5
G80217;Höchst;5697;ÖVP;825
G80217;Höchst;5697;SPÖ;230
G80217;Höchst;5697;FPÖ;324
G80217;Höchst;5697;GRÜNE;386
G80217;Höchst;5697;NEOS;402
G80217;Höchst;5697;KPÖ;13
G80217;Höchst;5697;EUROPA;30
G80218;Hörbranz;4593;ÖVP;825
G80218;Hörbranz;4593;SPÖ;283
G80218;Hörbranz;4593;FPÖ;350
G80218;Hörbranz;4593;GRÜNE;371
G80218;Hörbranz;4593;NEOS;308
G80218;Hörbranz;4593;KPÖ;17
G80218;Hörbranz;4593;EUROPA;33
G80219;Hohenweiler;919;ÖVP;190
G80219;Hohenweiler;919;SPÖ;39
G80219;Hohenweiler;919;FPÖ;65
G80219;Hohenweiler;919;GRÜNE;89
G80219;Hohenweiler;919;NEOS;70
G80219;Hohenweiler;919;KPÖ;3
G80219;Hohenweiler;919;EUROPA;8
G80220;Kennelbach;1376;ÖVP;209
G80220;Kennelbach;1376;SPÖ;100
G80220;Kennelbach;1376;FPÖ;72
G80220;Kennelbach;1376;GRÜNE;111
G80220;Kennelbach;1376;NEOS;119
G80220;Kennelbach;1376;KPÖ;3
G80220;Kennelbach;1376;EUROPA;10
G80221;Krumbach;795;ÖVP;190
G80221;Krumbach;795;SPÖ;36
G80221;Krumbach;795;FPÖ;74
G80221;Krumbach;795;GRÜNE;43
G80221;Krumbach;795;NEOS;41
G80221;Krumbach;795;KPÖ;1
G80221;Krumbach;795;EUROPA;4
G80222;Langen bei Bregenz;1060;ÖVP;297
G80222;Langen bei Bregenz;1060;SPÖ;36
G80222;Langen bei Bregenz;1060;FPÖ;100
G80222;Langen bei Bregenz;1060;GRÜNE;52
G80222;Langen bei Bregenz;1060;NEOS;63
G80222;Langen bei Bregenz;1060;KPÖ;0
G80222;Langen bei Bregenz;1060;EUROPA;3
G80223;Langenegg;826;ÖVP;227
G80223;Langenegg;826;SPÖ;21
G80223;Langenegg;826;FPÖ;52
G80223;Langenegg;826;GRÜNE;47
G80223;Langenegg;826;NEOS;60
G80223;Langenegg;826;KPÖ;1
G80223;Langenegg;826;EUROPA;2
G80224;Lauterach;7133;ÖVP;1101
G80224;Lauterach;7133;SPÖ;498
G80224;Lauterach;7133;FPÖ;530
G80224;Lauterach;7133;GRÜNE;508
G80224;Lauterach;7133;NEOS;532
G80224;Lauterach;7133;KPÖ;18
G80224;Lauterach;7133;EUROPA;55
G80225;Lingenau;1097;ÖVP;306
G80225;Lingenau;1097;SPÖ;27
G80225;Lingenau;1097;FPÖ;50
G80225;Lingenau;1097;GRÜNE;104
G80225;Lingenau;1097;NEOS;96
G80225;Lingenau;1097;KPÖ;0
G80225;Lingenau;1097;EUROPA;3
G80226;Lochau;4094;ÖVP;576
G80226;Lochau;4094;SPÖ;288
G80226;Lochau;4094;FPÖ;212
G80226;Lochau;4094;GRÜNE;302
G80226;Lochau;4094;NEOS;308
G80226;Lochau;4094;KPÖ;10
G80226;Lochau;4094;EUROPA;19
G80227;Mellau;947;ÖVP;198
G80227;Mellau;947;SPÖ;20
G80227;Mellau;947;FPÖ;81
G80227;Mellau;947;GRÜNE;54
G80227;Mellau;947;NEOS;62
G80227;Mellau;947;KPÖ;0
G80227;Mellau;947;EUROPA;2
G80228;Mittelberg;2538;ÖVP;454
G80228;Mittelberg;2538;SPÖ;54
G80228;Mittelberg;2538;FPÖ;113
G80228;Mittelberg;2538;GRÜNE;171
G80228;Mittelberg;2538;NEOS;118
G80228;Mittelberg;2538;KPÖ;7
G80228;Mittelberg;2538;EUROPA;18
G80229;Möggers;392;ÖVP;150
G80229;Möggers;392;SPÖ;9
G80229;Möggers;392;FPÖ;29
G80229;Möggers;392;GRÜNE;23
G80229;Möggers;392;NEOS;20
G80229;Möggers;392;KPÖ;0
G80229;Möggers;392;EUROPA;1
G80230;Reuthe;445;ÖVP;84
G80230;Reuthe;445;SPÖ;8
G80230;Reuthe;445;FPÖ;26
G80230;Reuthe;445;GRÜNE;18
G80230;Reuthe;445;NEOS;41
G80230;Reuthe;445;KPÖ;2
G80230;Reuthe;445;EUROPA;2
G80231;Riefensberg;718;ÖVP;208
G80231;Riefensberg;718;SPÖ;14
G80231;Riefensberg;718;FPÖ;47
G80231;Riefensberg;718;GRÜNE;37
G80231;Riefensberg;718;NEOS;41
G80231;Riefensberg;718;KPÖ;0
G80231;Riefensberg;718;EUROPA;1
G80232;Schnepfau;331;ÖVP;69
G80232;Schnepfau;331;SPÖ;4
G80232;Schnepfau;331;FPÖ;15
G80232;Schnepfau;331;GRÜNE;16
G80232;Schnepfau;331;NEOS;33
G80232;Schnepfau;331;KPÖ;0
G80232;Schnepfau;331;EUROPA;1
G80233;Schoppernau;699;ÖVP;234
G80233;Schoppernau;699;SPÖ;10
G80233;Schoppernau;699;FPÖ;47
G80233;Schoppernau;699;GRÜNE;25
G80233;Schoppernau;699;NEOS;55
G80233;Schoppernau;699;KPÖ;0
G80233;Schoppernau;699;EUROPA;2
G80234;Schröcken;154;ÖVP;48
G80234;Schröcken;154;SPÖ;1
G80234;Schröcken;154;FPÖ;2
G80234;Schröcken;154;GRÜNE;6
G80234;Schröcken;154;NEOS;16
G80234;Schröcken;154;KPÖ;0
G80234;Schröcken;154;EUROPA;0
G80235;Schwarzach;2866;ÖVP;538
G80235;Schwarzach;2866;SPÖ;159
G80235;Schwarzach;2866;FPÖ;213
G80235;Schwarzach;2866;GRÜNE;281
G80235;Schwarzach;2866;NEOS;269
G80235;Schwarzach;2866;KPÖ;5
G80235;Schwarzach;2866;EUROPA;10
G80236;Schwarzenberg;1369;ÖVP;288
G80236;Schwarzenberg;1369;SPÖ;30
G80236;Schwarzenberg;1369;FPÖ;50
G80236;Schwarzenberg;1369;GRÜNE;112
G80236;Schwarzenberg;1369;NEOS;172
G80236;Schwarzenberg;1369;KPÖ;0
G80236;Schwarzenberg;1369;EUROPA;4
G80237;Sibratsgfäll;317;ÖVP;132
G80237;Sibratsgfäll;317;SPÖ;4
G80237;Sibratsgfäll;317;FPÖ;17
G80237;Sibratsgfäll;317;GRÜNE;20
G80237;Sibratsgfäll;317;NEOS;18
G80237;Sibratsgfäll;317;KPÖ;0
G80237;Sibratsgfäll;317;EUROPA;0
G80238;Sulzberg;1271;ÖVP;445
G80238;Sulzberg;1271;SPÖ;22
G80238;Sulzberg;1271;FPÖ;50
G80238;Sulzberg;1271;GRÜNE;98
G80238;Sulzberg;1271;NEOS;117
G80238;Sulzberg;1271;KPÖ;1
G80238;Sulzberg;1271;EUROPA;3
G80239;Warth;140;ÖVP;33
G80239;Warth;140;SPÖ;1
G80239;Warth;140;FPÖ;5
G80239;Warth;140;GRÜNE;2
G80239;Warth;140;NEOS;4
G80239;Warth;140;KPÖ;0
G80239;Warth;140;EUROPA;1
G80240;Wolfurt;5993;ÖVP;1114
G80240;Wolfurt;5993;SPÖ;328
G80240;Wolfurt;5993;FPÖ;406
G80240;Wolfurt;5993;GRÜNE;486
G80240;Wolfurt;5993;NEOS;503
G80240;Wolfurt;5993;KPÖ;17
G80240;Wolfurt;5993;EUROPA;33
G80299;Wahlkarten - Bregenz;0;ÖVP;2492
G80299;Wahlkarten - Bregenz;0;SPÖ;1027
G80299;Wahlkarten - Bregenz;0;FPÖ;758
G80299;Wahlkarten - Bregenz;0;GRÜNE;2017
G80299;Wahlkarten - Bregenz;0;NEOS;1408
G80299;Wahlkarten - Bregenz;0;KPÖ;50
G80299;Wahlkarten - Bregenz;0;EUROPA;87
G80301;Dornbirn;33937;ÖVP;4895
G80301;Dornbirn;33937;SPÖ;2048
G80301;Dornbirn;33937;FPÖ;2207
G80301;Dornbirn;33937;GRÜNE;2964
G80301;Dornbirn;33937;NEOS;2528
G80301;Dornbirn;33937;KPÖ;77
G80301;Dornbirn;33937;EUROPA;177
G80302;Hohenems;11072;ÖVP;1246
G80302;Hohenems;11072;SPÖ;551
G80302;Hohenems;11072;FPÖ;826
G80302;Hohenems;11072;GRÜNE;732
G80302;Hohenems;11072;NEOS;686
G80302;Hohenems;11072;KPÖ;26
G80302;Hohenems;11072;EUROPA;66
G80303;Lustenau;15547;ÖVP;2301
G80303;Lustenau;15547;SPÖ;727
G80303;Lustenau;15547;FPÖ;1037
G80303;Lustenau;15547;GRÜNE;1057
G80303;Lustenau;15547;NEOS;1040
G80303;Lustenau;15547;KPÖ;24
G80303;Lustenau;15547;EUROPA;87
G80399;Wahlkarten - Dornbirn;0;ÖVP;1495
G80399;Wahlkarten - Dornbirn;0;SPÖ;658
G80399;Wahlkarten - Dornbirn;0;FPÖ;530
G80399;Wahlkarten - Dornbirn;0;GRÜNE;1468
G80399;Wahlkarten - Dornbirn;0;NEOS;944
G80399;Wahlkarten - Dornbirn;0;KPÖ;42
G80399;Wahlkarten - Dornbirn;0;EUROPA;50
G80401;Altach;5040;ÖVP;656
G80401;Altach;5040;SPÖ;285
G80401;Altach;5040;FPÖ;293
G80401;Altach;5040;GRÜNE;454
G80401;Altach;5040;NEOS;390
G80401;Altach;5040;KPÖ;11
G80401;Altach;5040;EUROPA;34
G80402;Düns;312;ÖVP;70
G80402;Düns;312;SPÖ;19
G80402;Düns;312;FPÖ;32
G80402;Düns;312;GRÜNE;45
G80402;Düns;312;NEOS;23
G80402;Düns;312;KPÖ;1
G80402;Düns;312;EUROPA;4
G80403;Dünserberg;108;ÖVP;32
G80403;Dünserberg;108;SPÖ;0
G80403;Dünserberg;108;FPÖ;8
G80403;Dünserberg;108;GRÜNE;3
G80403;Dünserberg;108;NEOS;5
G80403;Dünserberg;108;KPÖ;0
G80403;Dünserberg;108;EUROPA;0
G80404;Feldkirch;23137;ÖVP;3001
G80404;Feldkirch;23137;SPÖ;1471
G80404;Feldkirch;23137;FPÖ;1520
G80404;Feldkirch;23137;GRÜNE;2038
G80404;Feldkirch;23137;NEOS;1866
G80404;Feldkirch;23137;KPÖ;69
G80404;Feldkirch;23137;EUROPA;133
G80405;Frastanz;4360;ÖVP;605
G80405;Frastanz;4360;SPÖ;221
G80405;Frastanz;4360;FPÖ;273
G80405;Frastanz;4360;GRÜNE;271
G80405;Frastanz;4360;NEOS;305
G80405;Frastanz;4360;KPÖ;11
G80405;Frastanz;4360;EUROPA;17
G80406;Fraxern;540;ÖVP;148
G80406;Fraxern;540;SPÖ;10
G80406;Fraxern;540;FPÖ;42
G80406;Fraxern;540;GRÜNE;49
G80406;Fraxern;540;NEOS;45
G80406;Fraxern;540;KPÖ;5
G80406;Fraxern;540;EUROPA;4
G80407;Göfis;2532;ÖVP;465
G80407;Göfis;2532;SPÖ;120
G80407;Göfis;2532;FPÖ;194
G80407;Göfis;2532;GRÜNE;253
G80407;Göfis;2532;NEOS;225
G80407;Göfis;2532;KPÖ;3
G80407;Göfis;2532;EUROPA;14
G80408;Götzis;8063;ÖVP;1097
G80408;Götzis;8063;SPÖ;504
G80408;Götzis;8063;FPÖ;499
G80408;Götzis;8063;GRÜNE;668
G80408;Götzis;8063;NEOS;613
G80408;Götzis;8063;KPÖ;20
G80408;Götzis;8063;EUROPA;40
G80409;Klaus;2244;ÖVP;382
G80409;Klaus;2244;SPÖ;126
G80409;Klaus;2244;FPÖ;106
G80409;Klaus;2244;GRÜNE;236
G80409;Klaus;2244;NEOS;225
G80409;Klaus;2244;KPÖ;5
G80409;Klaus;2244;EUROPA;11
G80410;Koblach;3526;ÖVP;523
G80410;Koblach;3526;SPÖ;166
G80410;Koblach;3526;FPÖ;225
G80410;Koblach;3526;GRÜNE;287
G80410;Koblach;3526;NEOS;279
G80410;Koblach;3526;KPÖ;12
G80410;Koblach;3526;EUROPA;14
G80411;Laterns;526;ÖVP;122
G80411;Laterns;526;SPÖ;8
G80411;Laterns;526;FPÖ;38
G80411;Laterns;526;GRÜNE;14
G80411;Laterns;526;NEOS;49
G80411;Laterns;526;KPÖ;0
G80411;Laterns;526;EUROPA;4
G80412;Mäder;2901;ÖVP;364
G80412;Mäder;2901;SPÖ;152
G80412;Mäder;2901;FPÖ;245
G80412;Mäder;2901;GRÜNE;217
G80412;Mäder;2901;NEOS;209
G80412;Mäder;2901;KPÖ;7
G80412;Mäder;2901;EUROPA;13
G80413;Meiningen;1593;ÖVP;211
G80413;Meiningen;1593;SPÖ;98
G80413;Meiningen;1593;FPÖ;116
G80413;Meiningen;1593;GRÜNE;125
G80413;Meiningen;1593;NEOS;116
G80413;Meiningen;1593;KPÖ;2
G80413;Meiningen;1593;EUROPA;10
G80414;Rankweil;8406;ÖVP;1190
G80414;Rankweil;8406;SPÖ;506
G80414;Rankweil;8406;FPÖ;501
G80414;Rankweil;8406;GRÜNE;776
G80414;Rankweil;8406;NEOS;647
G80414;Rankweil;8406;KPÖ;30
G80414;Rankweil;8406;EUROPA;61
G80415;Röns;257;ÖVP;65
G80415;Röns;257;SPÖ;12
G80415;Röns;257;FPÖ;18
G80415;Röns;257;GRÜNE;28
G80415;Röns;257;NEOS;17
G80415;Röns;257;KPÖ;1
G80415;Röns;257;EUROPA;1
G80416;Röthis;1533;ÖVP;249
G80416;Röthis;1533;SPÖ;70
G80416;Röthis;1533;FPÖ;72
G80416;Röthis;1533;GRÜNE;143
G80416;Röthis;1533;NEOS;175
G80416;Röthis;1533;KPÖ;7
G80416;Röthis;1533;EUROPA;13
G80417;Satteins;2082;ÖVP;360
G80417;Satteins;2082;SPÖ;130
G80417;Satteins;2082;FPÖ;154
G80417;Satteins;2082;GRÜNE;157
G80417;Satteins;2082;NEOS;168
G80417;Satteins;2082;KPÖ;5
G80417;Satteins;2082;EUROPA;9
G80418;Schlins;1667;ÖVP;285
G80418;Schlins;1667;SPÖ;120
G80418;Schlins;1667;FPÖ;107
G80418;Schlins;1667;GRÜNE;121
G80418;Schlins;1667;NEOS;142
G80418;Schlins;1667;KPÖ;2
G80418;Schlins;1667;EUROPA;13
G80419;Schnifis;611;ÖVP;136
G80419;Schnifis;611;SPÖ;26
G80419;Schnifis;611;FPÖ;33
G80419;Schnifis;611;GRÜNE;46
G80419;Schnifis;611;NEOS;68
G80419;Schnifis;611;KPÖ;0
G80419;Schnifis;611;EUROPA;3
G80420;Sulz;1889;ÖVP;309
G80420;Sulz;1889;SPÖ;121
G80420;Sulz;1889;FPÖ;115
G80420;Sulz;1889;GRÜNE;199
G80420;Sulz;1889;NEOS;163
G80420;Sulz;1889;KPÖ;3
G80420;Sulz;1889;EUROPA;7
G80421;Übersaxen;489;ÖVP;129
G80421;Übersaxen;489;SPÖ;7
G80421;Übersaxen;489;FPÖ;38
G80421;Übersaxen;489;GRÜNE;28
G80421;Übersaxen;489;NEOS;35
G80421;Übersaxen;489;KPÖ;4
G80421;Übersaxen;489;EUROPA;0
G80422;Viktorsberg;305;ÖVP;89
G80422;Viktorsberg;305;SPÖ;6
G80422;Viktorsberg;305;FPÖ;12
G80422;Viktorsberg;305;GRÜNE;17
G80422;Viktorsberg;305;NEOS;27
G80422;Viktorsberg;305;KPÖ;0
G80422;Viktorsberg;305;EUROPA;2
G80423;Weiler;1501;ÖVP;251
G80423;Weiler;1501;SPÖ;75
G80423;Weiler;1501;FPÖ;88
G80423;Weiler;1501;GRÜNE;113
G80423;Weiler;1501;NEOS;132
G80423;Weiler;1501;KPÖ;3
G80423;Weiler;1501;EUROPA;8
G80424;Zwischenwasser;2416;ÖVP;395
G80424;Zwischenwasser;2416;SPÖ;119
G80424;Zwischenwasser;2416;FPÖ;161
G80424;Zwischenwasser;2416;GRÜNE;207
G80424;Zwischenwasser;2416;NEOS;180
G80424;Zwischenwasser;2416;KPÖ;5
G80424;Zwischenwasser;2416;EUROPA;18
G80499;Wahlkarten - Feldkirch;0;ÖVP;1819
G80499;Wahlkarten - Feldkirch;0;SPÖ;953
G80499;Wahlkarten - Feldkirch;0;FPÖ;702
G80499;Wahlkarten - Feldkirch;0;GRÜNE;1881
G80499;Wahlkarten - Feldkirch;0;NEOS;1299
G80499;Wahlkarten - Feldkirch;0;KPÖ;58
G80499;Wahlkarten - Feldkirch;0;EUROPA;116
G9A099;Wahlkarten - Wien Innen-Süd;0;ÖVP;0
G9A099;Wahlkarten - Wien Innen-Süd;0;SPÖ;0
G9A099;Wahlkarten - Wien Innen-Süd;0;FPÖ;0
G9A099;Wahlkarten - Wien Innen-Süd;0;GRÜNE;0
G9A099;Wahlkarten - Wien Innen-Süd;0;NEOS;0
G9A099;Wahlkarten - Wien Innen-Süd;0;KPÖ;0
G9A099;Wahlkarten - Wien Innen-Süd;0;EUROPA;0
G9B099;Wahlkarten - Wien Innen-West;0;ÖVP;0
G9B099;Wahlkarten - Wien Innen-West;0;SPÖ;0
G9B099;Wahlkarten - Wien Innen-West;0;FPÖ;0
G9B099;Wahlkarten - Wien Innen-West;0;GRÜNE;0
G9B099;Wahlkarten - Wien Innen-West;0;NEOS;0
G9B099;Wahlkarten - Wien Innen-West;0;KPÖ;0
G9B099;Wahlkarten - Wien Innen-West;0;EUROPA;0
G9C099;Wahlkarten - Wien Innen-Ost;0;ÖVP;0
G9C099;Wahlkarten - Wien Innen-Ost;0;SPÖ;0
G9C099;Wahlkarten - Wien Innen-Ost;0;FPÖ;0
G9C099;Wahlkarten - Wien Innen-Ost;0;GRÜNE;0
G9C099;Wahlkarten - Wien Innen-Ost;0;NEOS;0
G9C099;Wahlkarten - Wien Innen-Ost;0;KPÖ;0
G9C099;Wahlkarten - Wien Innen-Ost;0;EUROPA;0
G9D099;Wahlkarten - Wien Süd;0;ÖVP;0
G9D099;Wahlkarten - Wien Süd;0;SPÖ;0
G9D099;Wahlkarten - Wien Süd;0;FPÖ;0
G9D099;Wahlkarten - Wien Süd;0;GRÜNE;0
G9D099;Wahlkarten - Wien Süd;0;NEOS;0
G9D099;Wahlkarten - Wien Süd;0;KPÖ;0
G9D099;Wahlkarten - Wien Süd;0;EUROPA;0
G9E099;Wahlkarten - Wien Süd-West;0;ÖVP;0
G9E099;Wahlkarten - Wien Süd-West;0;SPÖ;0
G9E099;Wahlkarten - Wien Süd-West;0;FPÖ;0
G9E099;Wahlkarten - Wien Süd-West;0;GRÜNE;0
G9E099;Wahlkarten - Wien Süd-West;0;NEOS;0
G9E099;Wahlkarten - Wien Süd-West;0;KPÖ;0
G9E099;Wahlkarten - Wien Süd-West;0;EUROPA;0
G9F099;Wahlkarten - Wien Nord-West;0;ÖVP;0
G9F099;Wahlkarten - Wien Nord-West;0;SPÖ;0
G9F099;Wahlkarten - Wien Nord-West;0;FPÖ;0
G9F099;Wahlkarten - Wien Nord-West;0;GRÜNE;0
G9F099;Wahlkarten - Wien Nord-West;0;NEOS;0
G9F099;Wahlkarten - Wien Nord-West;0;KPÖ;0
G9F099;Wahlkarten - Wien Nord-West;0;EUROPA;0
G9G099;Wahlkarten - Wien Nord;0;ÖVP;0
G9G099;Wahlkarten - Wien Nord;0;SPÖ;0
G9G099;Wahlkarten - Wien Nord;0;FPÖ;0
G9G099;Wahlkarten - Wien Nord;0;GRÜNE;0
G9G099;Wahlkarten - Wien Nord;0;NEOS;0
G9G099;Wahlkarten - Wien Nord;0;KPÖ;0
G9G099;Wahlkarten - Wien Nord;0;EUROPA;0
G90101;Innere Stadt;11821;ÖVP;1835
G90101;Innere Stadt;11821;SPÖ;1039
G90101;Innere Stadt;11821;FPÖ;558
G90101;Innere Stadt;11821;GRÜNE;1005
G90101;Innere Stadt;11821;NEOS;763
G90101;Innere Stadt;11821;KPÖ;35
G90101;Innere Stadt;11821;EUROPA;111
G90199;Wahlkarten - Wien  1.,Innere Stadt;0;ÖVP;1045
G90199;Wahlkarten - Wien  1.,Innere Stadt;0;SPÖ;477
G90199;Wahlkarten - Wien  1.,Innere Stadt;0;FPÖ;216
G90199;Wahlkarten - Wien  1.,Innere Stadt;0;GRÜNE;501
G90199;Wahlkarten - Wien  1.,Innere Stadt;0;NEOS;452
G90199;Wahlkarten - Wien  1.,Innere Stadt;0;KPÖ;26
G90199;Wahlkarten - Wien  1.,Innere Stadt;0;EUROPA;32
G90201;Leopoldstadt;60591;ÖVP;4437
G90201;Leopoldstadt;60591;SPÖ;8919
G90201;Leopoldstadt;60591;FPÖ;3317
G90201;Leopoldstadt;60591;GRÜNE;7891
G90201;Leopoldstadt;60591;NEOS;2866
G90201;Leopoldstadt;60591;KPÖ;485
G90201;Leopoldstadt;60591;EUROPA;468
G90299;Wahlkarten - Wien  2.,Leopoldstadt;0;ÖVP;1244
G90299;Wahlkarten - Wien  2.,Leopoldstadt;0;SPÖ;2213
G90299;Wahlkarten - Wien  2.,Leopoldstadt;0;FPÖ;593
G90299;Wahlkarten - Wien  2.,Leopoldstadt;0;GRÜNE;2486
G90299;Wahlkarten - Wien  2.,Leopoldstadt;0;NEOS;966
G90299;Wahlkarten - Wien  2.,Leopoldstadt;0;KPÖ;126
G90299;Wahlkarten - Wien  2.,Leopoldstadt;0;EUROPA;112
G90301;Landstraße;56603;ÖVP;5554
G90301;Landstraße;56603;SPÖ;7238
G90301;Landstraße;56603;FPÖ;2999
G90301;Landstraße;56603;GRÜNE;6698
G90301;Landstraße;56603;NEOS;3102
G90301;Landstraße;56603;KPÖ;397
G90301;Landstraße;56603;EUROPA;484
G90399;Wahlkarten - Wien  3.,Landstraße;0;ÖVP;2046
G90399;Wahlkarten - Wien  3.,Landstraße;0;SPÖ;2342
G90399;Wahlkarten - Wien  3.,Landstraße;0;FPÖ;702
G90399;Wahlkarten - Wien  3.,Landstraße;0;GRÜNE;2370
G90399;Wahlkarten - Wien  3.,Landstraße;0;NEOS;1170
G90399;Wahlkarten - Wien  3.,Landstraße;0;KPÖ;124
G90399;Wahlkarten - Wien  3.,Landstraße;0;EUROPA;132
G90401;Wieden;20838;ÖVP;2206
G90401;Wieden;20838;SPÖ;2512
G90401;Wieden;20838;FPÖ;855
G90401;Wieden;20838;GRÜNE;2909
G90401;Wieden;20838;NEOS;1345
G90401;Wieden;20838;KPÖ;155
G90401;Wieden;20838;EUROPA;233
G90499;Wahlkarten - Wien  4.,Wieden;0;ÖVP;967
G90499;Wahlkarten - Wien  4.,Wieden;0;SPÖ;873
G90499;Wahlkarten - Wien  4.,Wieden;0;FPÖ;217
G90499;Wahlkarten - Wien  4.,Wieden;0;GRÜNE;1127
G90499;Wahlkarten - Wien  4.,Wieden;0;NEOS;546
G90499;Wahlkarten - Wien  4.,Wieden;0;KPÖ;44
G90499;Wahlkarten - Wien  4.,Wieden;0;EUROPA;66
G90501;Margareten;31440;ÖVP;2269
G90501;Margareten;31440;SPÖ;4548
G90501;Margareten;31440;FPÖ;1466
G90501;Margareten;31440;GRÜNE;4138
G90501;Margareten;31440;NEOS;1565
G90501;Margareten;31440;KPÖ;264
G90501;Margareten;31440;EUROPA;272
G90599;Wahlkarten - Wien  5.,Margareten;0;ÖVP;744
G90599;Wahlkarten - Wien  5.,Margareten;0;SPÖ;1221
G90599;Wahlkarten - Wien  5.,Margareten;0;FPÖ;343
G90599;Wahlkarten - Wien  5.,Margareten;0;GRÜNE;1509
G90599;Wahlkarten - Wien  5.,Margareten;0;NEOS;522
G90599;Wahlkarten - Wien  5.,Margareten;0;KPÖ;92
G90599;Wahlkarten - Wien  5.,Margareten;0;EUROPA;88
G90601;Mariahilf;20696;ÖVP;1824
G90601;Mariahilf;20696;SPÖ;2634
G90601;Mariahilf;20696;FPÖ;860
G90601;Mariahilf;20696;GRÜNE;3302
G90601;Mariahilf;20696;NEOS;1261
G90601;Mariahilf;20696;KPÖ;172
G90601;Mariahilf;20696;EUROPA;200
G90699;Wahlkarten - Wien  6.,Mariahilf;0;ÖVP;634
G90699;Wahlkarten - Wien  6.,Mariahilf;0;SPÖ;754
G90699;Wahlkarten - Wien  6.,Mariahilf;0;FPÖ;182
G90699;Wahlkarten - Wien  6.,Mariahilf;0;GRÜNE;1158
G90699;Wahlkarten - Wien  6.,Mariahilf;0;NEOS;486
G90699;Wahlkarten - Wien  6.,Mariahilf;0;KPÖ;52
G90699;Wahlkarten - Wien  6.,Mariahilf;0;EUROPA;76
G90701;Neubau;21187;ÖVP;1807
G90701;Neubau;21187;SPÖ;2633
G90701;Neubau;21187;FPÖ;725
G90701;Neubau;21187;GRÜNE;4121
G90701;Neubau;21187;NEOS;1430
G90701;Neubau;21187;KPÖ;180
G90701;Neubau;21187;EUROPA;241
G90799;Wahlkarten - Wien  7.,Neubau;0;ÖVP;691
G90799;Wahlkarten - Wien  7.,Neubau;0;SPÖ;913
G90799;Wahlkarten - Wien  7.,Neubau;0;FPÖ;193
G90799;Wahlkarten - Wien  7.,Neubau;0;GRÜNE;1443
G90799;Wahlkarten - Wien  7.,Neubau;0;NEOS;525
G90799;Wahlkarten - Wien  7.,Neubau;0;KPÖ;58
G90799;Wahlkarten - Wien  7.,Neubau;0;EUROPA;80
G90801;Josefstadt;16166;ÖVP;1849
G90801;Josefstadt;16166;SPÖ;1936
G90801;Josefstadt;16166;FPÖ;613
G90801;Josefstadt;16166;GRÜNE;2749
G90801;Josefstadt;16166;NEOS;1120
G90801;Josefstadt;16166;KPÖ;142
G90801;Josefstadt;16166;EUROPA;180
G90899;Wahlkarten - Wien  8.,Josefstadt;0;ÖVP;750
G90899;Wahlkarten - Wien  8.,Josefstadt;0;SPÖ;699
G90899;Wahlkarten - Wien  8.,Josefstadt;0;FPÖ;210
G90899;Wahlkarten - Wien  8.,Josefstadt;0;GRÜNE;997
G90899;Wahlkarten - Wien  8.,Josefstadt;0;NEOS;461
G90899;Wahlkarten - Wien  8.,Josefstadt;0;KPÖ;35
G90899;Wahlkarten - Wien  8.,Josefstadt;0;EUROPA;60
G90901;Alsergrund;26445;ÖVP;2714
G90901;Alsergrund;26445;SPÖ;3265
G90901;Alsergrund;26445;FPÖ;1097
G90901;Alsergrund;26445;GRÜNE;4056
G90901;Alsergrund;26445;NEOS;1781
G90901;Alsergrund;26445;KPÖ;202
G90901;Alsergrund;26445;EUROPA;286
G90999;Wahlkarten - Wien  9.,Alsergrund;0;ÖVP;1035
G90999;Wahlkarten - Wien  9.,Alsergrund;0;SPÖ;1081
G90999;Wahlkarten - Wien  9.,Alsergrund;0;FPÖ;280
G90999;Wahlkarten - Wien  9.,Alsergrund;0;GRÜNE;1481
G90999;Wahlkarten - Wien  9.,Alsergrund;0;NEOS;690
G90999;Wahlkarten - Wien  9.,Alsergrund;0;KPÖ;75
G90999;Wahlkarten - Wien  9.,Alsergrund;0;EUROPA;74
G91001;Favoriten;109900;ÖVP;8564
G91001;Favoriten;109900;SPÖ;18120
G91001;Favoriten;109900;FPÖ;9735
G91001;Favoriten;109900;GRÜNE;5494
G91001;Favoriten;109900;NEOS;3213
G91001;Favoriten;109900;KPÖ;492
G91001;Favoriten;109900;EUROPA;609
G91099;Wahlkarten - Wien 10.,Favoriten;0;ÖVP;1725
G91099;Wahlkarten - Wien 10.,Favoriten;0;SPÖ;3213
G91099;Wahlkarten - Wien 10.,Favoriten;0;FPÖ;1269
G91099;Wahlkarten - Wien 10.,Favoriten;0;GRÜNE;1494
G91099;Wahlkarten - Wien 10.,Favoriten;0;NEOS;691
G91099;Wahlkarten - Wien 10.,Favoriten;0;KPÖ;110
G91099;Wahlkarten - Wien 10.,Favoriten;0;EUROPA;115
G91101;Simmering;60855;ÖVP;4507
G91101;Simmering;60855;SPÖ;9508
G91101;Simmering;60855;FPÖ;6424
G91101;Simmering;60855;GRÜNE;2654
G91101;Simmering;60855;NEOS;1768
G91101;Simmering;60855;KPÖ;268
G91101;Simmering;60855;EUROPA;295
G91199;Wahlkarten - Wien 11.,Simmering;0;ÖVP;896
G91199;Wahlkarten - Wien 11.,Simmering;0;SPÖ;1876
G91199;Wahlkarten - Wien 11.,Simmering;0;FPÖ;815
G91199;Wahlkarten - Wien 11.,Simmering;0;GRÜNE;674
G91199;Wahlkarten - Wien 11.,Simmering;0;NEOS;351
G91199;Wahlkarten - Wien 11.,Simmering;0;KPÖ;59
G91199;Wahlkarten - Wien 11.,Simmering;0;EUROPA;56
G91201;Meidling;55590;ÖVP;4956
G91201;Meidling;55590;SPÖ;8245
G91201;Meidling;55590;FPÖ;3924
G91201;Meidling;55590;GRÜNE;4475
G91201;Meidling;55590;NEOS;2094
G91201;Meidling;55590;KPÖ;335
G91201;Meidling;55590;EUROPA;377
G91299;Wahlkarten - Wien 12.,Meidling;0;ÖVP;1137
G91299;Wahlkarten - Wien 12.,Meidling;0;SPÖ;1823
G91299;Wahlkarten - Wien 12.,Meidling;0;FPÖ;579
G91299;Wahlkarten - Wien 12.,Meidling;0;GRÜNE;1338
G91299;Wahlkarten - Wien 12.,Meidling;0;NEOS;591
G91299;Wahlkarten - Wien 12.,Meidling;0;KPÖ;85
G91299;Wahlkarten - Wien 12.,Meidling;0;EUROPA;105
G91301;Hietzing;38202;ÖVP;6580
G91301;Hietzing;38202;SPÖ;4234
G91301;Hietzing;38202;FPÖ;2280
G91301;Hietzing;38202;GRÜNE;3861
G91301;Hietzing;38202;NEOS;2801
G91301;Hietzing;38202;KPÖ;164
G91301;Hietzing;38202;EUROPA;310
G91399;Wahlkarten - Wien 13.,Hietzing;0;ÖVP;1927
G91399;Wahlkarten - Wien 13.,Hietzing;0;SPÖ;1333
G91399;Wahlkarten - Wien 13.,Hietzing;0;FPÖ;498
G91399;Wahlkarten - Wien 13.,Hietzing;0;GRÜNE;1008
G91399;Wahlkarten - Wien 13.,Hietzing;0;NEOS;761
G91399;Wahlkarten - Wien 13.,Hietzing;0;KPÖ;44
G91399;Wahlkarten - Wien 13.,Hietzing;0;EUROPA;69
G91401;Penzing;59958;ÖVP;6757
G91401;Penzing;59958;SPÖ;8009
G91401;Penzing;59958;FPÖ;4070
G91401;Penzing;59958;GRÜNE;6104
G91401;Penzing;59958;NEOS;3146
G91401;Penzing;59958;KPÖ;329
G91401;Penzing;59958;EUROPA;442
G91499;Wahlkarten - Wien 14.,Penzing;0;ÖVP;1762
G91499;Wahlkarten - Wien 14.,Penzing;0;SPÖ;2206
G91499;Wahlkarten - Wien 14.,Penzing;0;FPÖ;706
G91499;Wahlkarten - Wien 14.,Penzing;0;GRÜNE;1738
G91499;Wahlkarten - Wien 14.,Penzing;0;NEOS;773
G91499;Wahlkarten - Wien 14.,Penzing;0;KPÖ;95
G91499;Wahlkarten - Wien 14.,Penzing;0;EUROPA;119
G91501;Rudolfsheim-Fünfhaus;39719;ÖVP;2545
G91501;Rudolfsheim-Fünfhaus;39719;SPÖ;5624
G91501;Rudolfsheim-Fünfhaus;39719;FPÖ;2160
G91501;Rudolfsheim-Fünfhaus;39719;GRÜNE;4697
G91501;Rudolfsheim-Fünfhaus;39719;NEOS;1358
G91501;Rudolfsheim-Fünfhaus;39719;KPÖ;383
G91501;Rudolfsheim-Fünfhaus;39719;EUROPA;319
G91599;Wahlkarten - Wien 15.,Rudolfsheim-Fünfhaus;0;ÖVP;710
G91599;Wahlkarten - Wien 15.,Rudolfsheim-Fünfhaus;0;SPÖ;1347
G91599;Wahlkarten - Wien 15.,Rudolfsheim-Fünfhaus;0;FPÖ;340
G91599;Wahlkarten - Wien 15.,Rudolfsheim-Fünfhaus;0;GRÜNE;1570
G91599;Wahlkarten - Wien 15.,Rudolfsheim-Fünfhaus;0;NEOS;444
G91599;Wahlkarten - Wien 15.,Rudolfsheim-Fünfhaus;0;KPÖ;74
G91599;Wahlkarten - Wien 15.,Rudolfsheim-Fünfhaus;0;EUROPA;99
G91601;Ottakring;57898;ÖVP;4829
G91601;Ottakring;57898;SPÖ;8459
G91601;Ottakring;57898;FPÖ;3623
G91601;Ottakring;57898;GRÜNE;6392
G91601;Ottakring;57898;NEOS;2303
G91601;Ottakring;57898;KPÖ;438
G91601;Ottakring;57898;EUROPA;435
G91699;Wahlkarten - Wien 16.,Ottakring;0;ÖVP;1220
G91699;Wahlkarten - Wien 16.,Ottakring;0;SPÖ;1886
G91699;Wahlkarten - Wien 16.,Ottakring;0;FPÖ;629
G91699;Wahlkarten - Wien 16.,Ottakring;0;GRÜNE;1949
G91699;Wahlkarten - Wien 16.,Ottakring;0;NEOS;592
G91699;Wahlkarten - Wien 16.,Ottakring;0;KPÖ;142
G91699;Wahlkarten - Wien 16.,Ottakring;0;EUROPA;88
G91701;Hernals;32841;ÖVP;3419
G91701;Hernals;32841;SPÖ;4095
G91701;Hernals;32841;FPÖ;1848
G91701;Hernals;32841;GRÜNE;4277
G91701;Hernals;32841;NEOS;1739
G91701;Hernals;32841;KPÖ;230
G91701;Hernals;32841;EUROPA;277
G91799;Wahlkarten - Wien 17.,Hernals;0;ÖVP;1047
G91799;Wahlkarten - Wien 17.,Hernals;0;SPÖ;1166
G91799;Wahlkarten - Wien 17.,Hernals;0;FPÖ;412
G91799;Wahlkarten - Wien 17.,Hernals;0;GRÜNE;1323
G91799;Wahlkarten - Wien 17.,Hernals;0;NEOS;514
G91799;Wahlkarten - Wien 17.,Hernals;0;KPÖ;77
G91799;Wahlkarten - Wien 17.,Hernals;0;EUROPA;65
G91801;Währing;33333;ÖVP;4500
G91801;Währing;33333;SPÖ;3580
G91801;Währing;33333;FPÖ;1511
G91801;Währing;33333;GRÜNE;4979
G91801;Währing;33333;NEOS;2393
G91801;Währing;33333;KPÖ;184
G91801;Währing;33333;EUROPA;294
G91899;Wahlkarten - Wien 18.,Währing;0;ÖVP;1493
G91899;Wahlkarten - Wien 18.,Währing;0;SPÖ;1119
G91899;Wahlkarten - Wien 18.,Währing;0;FPÖ;324
G91899;Wahlkarten - Wien 18.,Währing;0;GRÜNE;1596
G91899;Wahlkarten - Wien 18.,Währing;0;NEOS;806
G91899;Wahlkarten - Wien 18.,Währing;0;KPÖ;50
G91899;Wahlkarten - Wien 18.,Währing;0;EUROPA;81
G91901;Döbling;48310;ÖVP;7803
G91901;Döbling;48310;SPÖ;5952
G91901;Döbling;48310;FPÖ;2958
G91901;Döbling;48310;GRÜNE;4245
G91901;Döbling;48310;NEOS;3176
G91901;Döbling;48310;KPÖ;211
G91901;Döbling;48310;EUROPA;372
G91999;Wahlkarten - Wien 19.,Döbling;0;ÖVP;2205
G91999;Wahlkarten - Wien 19.,Döbling;0;SPÖ;1489
G91999;Wahlkarten - Wien 19.,Döbling;0;FPÖ;525
G91999;Wahlkarten - Wien 19.,Döbling;0;GRÜNE;1276
G91999;Wahlkarten - Wien 19.,Döbling;0;NEOS;926
G91999;Wahlkarten - Wien 19.,Döbling;0;KPÖ;50
G91999;Wahlkarten - Wien 19.,Döbling;0;EUROPA;101
G92001;Brigittenau;46978;ÖVP;3283
G92001;Brigittenau;46978;SPÖ;7395
G92001;Brigittenau;46978;FPÖ;3152
G92001;Brigittenau;46978;GRÜNE;3936
G92001;Brigittenau;46978;NEOS;1536
G92001;Brigittenau;46978;KPÖ;299
G92001;Brigittenau;46978;EUROPA;333
G92099;Wahlkarten - Wien 20.,Brigittenau;0;ÖVP;833
G92099;Wahlkarten - Wien 20.,Brigittenau;0;SPÖ;1627
G92099;Wahlkarten - Wien 20.,Brigittenau;0;FPÖ;517
G92099;Wahlkarten - Wien 20.,Brigittenau;0;GRÜNE;1243
G92099;Wahlkarten - Wien 20.,Brigittenau;0;NEOS;450
G92099;Wahlkarten - Wien 20.,Brigittenau;0;KPÖ;75
G92099;Wahlkarten - Wien 20.,Brigittenau;0;EUROPA;96
G92101;Floridsdorf;107387;ÖVP;10263
G92101;Floridsdorf;107387;SPÖ;16059
G92101;Floridsdorf;107387;FPÖ;10754
G92101;Floridsdorf;107387;GRÜNE;6045
G92101;Floridsdorf;107387;NEOS;3677
G92101;Floridsdorf;107387;KPÖ;457
G92101;Floridsdorf;107387;EUROPA;634
G92199;Wahlkarten - Wien 21.,Floridsdorf;0;ÖVP;1813
G92199;Wahlkarten - Wien 21.,Floridsdorf;0;SPÖ;3184
G92199;Wahlkarten - Wien 21.,Floridsdorf;0;FPÖ;1339
G92199;Wahlkarten - Wien 21.,Floridsdorf;0;GRÜNE;1324
G92199;Wahlkarten - Wien 21.,Floridsdorf;0;NEOS;691
G92199;Wahlkarten - Wien 21.,Floridsdorf;0;KPÖ;100
G92199;Wahlkarten - Wien 21.,Floridsdorf;0;EUROPA;122
G92201;Donaustadt;127575;ÖVP;12198
G92201;Donaustadt;127575;SPÖ;19958
G92201;Donaustadt;127575;FPÖ;12332
G92201;Donaustadt;127575;GRÜNE;8176
G92201;Donaustadt;127575;NEOS;5503
G92201;Donaustadt;127575;KPÖ;577
G92201;Donaustadt;127575;EUROPA;862
G92299;Wahlkarten - Wien 22.,Donaustadt;0;ÖVP;2182
G92299;Wahlkarten - Wien 22.,Donaustadt;0;SPÖ;3969
G92299;Wahlkarten - Wien 22.,Donaustadt;0;FPÖ;1543
G92299;Wahlkarten - Wien 22.,Donaustadt;0;GRÜNE;1813
G92299;Wahlkarten - Wien 22.,Donaustadt;0;NEOS;1042
G92299;Wahlkarten - Wien 22.,Donaustadt;0;KPÖ;111
G92299;Wahlkarten - Wien 22.,Donaustadt;0;EUROPA;144
G92301;Liesing;73348;ÖVP;9380
G92301;Liesing;73348;SPÖ;10919
G92301;Liesing;73348;FPÖ;6417
G92301;Liesing;73348;GRÜNE;5449
G92301;Liesing;73348;NEOS;3854
G92301;Liesing;73348;KPÖ;301
G92301;Liesing;73348;EUROPA;466
G92399;Wahlkarten - Wien 23.,Liesing;0;ÖVP;1888
G92399;Wahlkarten - Wien 23.,Liesing;0;SPÖ;2487
G92399;Wahlkarten - Wien 23.,Liesing;0;FPÖ;900
G92399;Wahlkarten - Wien 23.,Liesing;0;GRÜNE;1263
G92399;Wahlkarten - Wien 23.,Liesing;0;NEOS;770
G92399;Wahlkarten - Wien 23.,Liesing;0;KPÖ;66
G92399;Wahlkarten - Wien 23.,Liesing;0;EUROPA;93
